2025-05-27 01:21:40,595 - SinkIdentifier - INFO - [libvos_util.so] Loaded successfully with 0 items.
2025-05-27 01:21:40,595 - SinkIdentifier - INFO - [libChipApi.so] Loaded successfully with 2 items.
2025-05-27 01:21:40,596 - SinkIdentifier - INFO - [libCfm.so] Loaded successfully with 2 items.
2025-05-27 01:21:40,596 - SinkIdentifier - INFO - [libcommon.so] Loaded successfully with 14 items.
2025-05-27 01:21:40,596 - SinkIdentifier - INFO - [libnvram.so] Loaded successfully with 0 items.
2025-05-27 01:21:40,596 - SinkIdentifier - INFO - [libz.so] Loaded successfully with 0 items.
2025-05-27 01:21:40,597 - SinkIdentifier - INFO - [libpthread.so.0] Loaded successfully with 0 items.
2025-05-27 01:21:40,597 - SinkIdentifier - INFO - [libshared.so] Loaded successfully with 0 items.
2025-05-27 01:21:40,597 - SinkIdentifier - INFO - [libgcc_s.so.1] Loaded successfully with 0 items.
2025-05-27 01:21:40,598 - SinkIdentifier - INFO - [libm.so.0] Loaded successfully with 0 items.
2025-05-27 01:21:40,598 - SinkIdentifier - INFO - [libucapi.so] Loaded successfully with 0 items.
2025-05-27 01:21:40,598 - SinkIdentifier - INFO - [libtpi.so] Loaded successfully with 30 items.
2025-05-27 01:21:40,599 - SinkIdentifier - INFO - [libc.so.0] Loaded successfully with 19 items.
2025-05-27 01:21:40,599 - SinkIdentifier - INFO - [httpd] Loaded successfully with 0 items.
2025-05-27 01:21:40,600 - SinkIdentifier - INFO - libvos_util.so: 0 items loaded.
2025-05-27 01:21:40,600 - SinkIdentifier - INFO - libChipApi.so: 2 items loaded.
2025-05-27 01:21:40,601 - SinkIdentifier - INFO - libCfm.so: 2 items loaded.
2025-05-27 01:21:40,601 - SinkIdentifier - INFO - libcommon.so: 14 items loaded.
2025-05-27 01:21:40,601 - SinkIdentifier - INFO - libnvram.so: 0 items loaded.
2025-05-27 01:21:40,601 - SinkIdentifier - INFO - libz.so: 0 items loaded.
2025-05-27 01:21:40,602 - SinkIdentifier - INFO - libpthread.so.0: 0 items loaded.
2025-05-27 01:21:40,602 - SinkIdentifier - INFO - libshared.so: 0 items loaded.
2025-05-27 01:21:40,602 - SinkIdentifier - INFO - libgcc_s.so.1: 0 items loaded.
2025-05-27 01:21:40,602 - SinkIdentifier - INFO - libm.so.0: 0 items loaded.
2025-05-27 01:21:40,603 - SinkIdentifier - INFO - libucapi.so: 0 items loaded.
2025-05-27 01:21:40,603 - SinkIdentifier - INFO - libtpi.so: 30 items loaded.
2025-05-27 01:21:40,603 - SinkIdentifier - INFO - libc.so.0: 19 items loaded.
2025-05-27 01:21:40,603 - SinkIdentifier - INFO - httpd: 0 items loaded.
2025-05-27 01:31:28,319 - SinkIdentifier - INFO - [libvos_util.so] Loaded successfully with 0 items.
2025-05-27 01:31:28,319 - SinkIdentifier - INFO - [libChipApi.so] Loaded successfully with 2 items.
2025-05-27 01:31:28,319 - SinkIdentifier - INFO - [libCfm.so] Loaded successfully with 2 items.
2025-05-27 01:31:28,320 - SinkIdentifier - INFO - [libcommon.so] Loaded successfully with 14 items.
2025-05-27 01:31:28,320 - SinkIdentifier - INFO - [libnvram.so] Loaded successfully with 0 items.
2025-05-27 01:31:28,320 - SinkIdentifier - INFO - [libz.so] Loaded successfully with 0 items.
2025-05-27 01:31:28,321 - SinkIdentifier - INFO - [libpthread.so.0] Loaded successfully with 0 items.
2025-05-27 01:31:28,321 - SinkIdentifier - INFO - [libshared.so] Loaded successfully with 0 items.
2025-05-27 01:31:28,321 - SinkIdentifier - INFO - [libgcc_s.so.1] Loaded successfully with 0 items.
2025-05-27 01:31:28,322 - SinkIdentifier - INFO - [libm.so.0] Loaded successfully with 0 items.
2025-05-27 01:31:28,322 - SinkIdentifier - INFO - [libucapi.so] Loaded successfully with 0 items.
2025-05-27 01:31:28,322 - SinkIdentifier - INFO - [libtpi.so] Loaded successfully with 30 items.
2025-05-27 01:31:28,323 - SinkIdentifier - INFO - [libc.so.0] Loaded successfully with 19 items.
2025-05-27 01:31:28,323 - SinkIdentifier - INFO - [httpd] Loaded successfully with 0 items.
2025-05-27 01:31:28,324 - SinkIdentifier - INFO - libvos_util.so: 0 items loaded.
2025-05-27 01:31:28,324 - SinkIdentifier - INFO - libChipApi.so: 2 items loaded.
2025-05-27 01:31:28,325 - SinkIdentifier - INFO - libCfm.so: 2 items loaded.
2025-05-27 01:31:28,326 - SinkIdentifier - INFO - libcommon.so: 14 items loaded.
2025-05-27 01:31:28,326 - SinkIdentifier - INFO - libnvram.so: 0 items loaded.
2025-05-27 01:31:28,326 - SinkIdentifier - INFO - libz.so: 0 items loaded.
2025-05-27 01:31:28,326 - SinkIdentifier - INFO - libpthread.so.0: 0 items loaded.
2025-05-27 01:31:28,326 - SinkIdentifier - INFO - libshared.so: 0 items loaded.
2025-05-27 01:31:28,327 - SinkIdentifier - INFO - libgcc_s.so.1: 0 items loaded.
2025-05-27 01:31:28,327 - SinkIdentifier - INFO - libm.so.0: 0 items loaded.
2025-05-27 01:31:28,327 - SinkIdentifier - INFO - libucapi.so: 0 items loaded.
2025-05-27 01:31:28,327 - SinkIdentifier - INFO - libtpi.so: 30 items loaded.
2025-05-27 01:31:28,327 - SinkIdentifier - INFO - libc.so.0: 19 items loaded.
2025-05-27 01:31:28,327 - SinkIdentifier - INFO - httpd: 0 items loaded.
2025-05-27 02:08:38,813 - SinkIdentifier - INFO - [libvos_util.so] Loaded successfully with 0 items.
2025-05-27 02:08:38,814 - SinkIdentifier - INFO - [libChipApi.so] Loaded successfully with 2 items.
2025-05-27 02:08:38,814 - SinkIdentifier - INFO - [libCfm.so] Loaded successfully with 2 items.
2025-05-27 02:08:38,814 - SinkIdentifier - INFO - [libcommon.so] Loaded successfully with 14 items.
2025-05-27 02:08:38,815 - SinkIdentifier - INFO - [libnvram.so] Loaded successfully with 0 items.
2025-05-27 02:08:38,815 - SinkIdentifier - INFO - [libz.so] Loaded successfully with 0 items.
2025-05-27 02:08:38,815 - SinkIdentifier - INFO - [libpthread.so.0] Loaded successfully with 0 items.
2025-05-27 02:08:38,815 - SinkIdentifier - INFO - [libshared.so] Loaded successfully with 0 items.
2025-05-27 02:08:38,816 - SinkIdentifier - INFO - [libgcc_s.so.1] Loaded successfully with 0 items.
2025-05-27 02:08:38,816 - SinkIdentifier - INFO - [libm.so.0] Loaded successfully with 0 items.
2025-05-27 02:08:38,816 - SinkIdentifier - INFO - [libucapi.so] Loaded successfully with 0 items.
2025-05-27 02:08:38,816 - SinkIdentifier - INFO - [libtpi.so] Loaded successfully with 30 items.
2025-05-27 02:08:38,817 - SinkIdentifier - INFO - [libc.so.0] Loaded successfully with 19 items.
2025-05-27 02:08:38,817 - SinkIdentifier - INFO - [httpd] Loaded successfully with 0 items.
2025-05-27 02:08:38,818 - SinkIdentifier - INFO - libvos_util.so: 0 items loaded.
2025-05-27 02:08:38,818 - SinkIdentifier - INFO - libChipApi.so: 2 items loaded.
2025-05-27 02:08:38,819 - SinkIdentifier - INFO - libCfm.so: 2 items loaded.
2025-05-27 02:08:38,819 - SinkIdentifier - INFO - libcommon.so: 14 items loaded.
2025-05-27 02:08:38,819 - SinkIdentifier - INFO - libnvram.so: 0 items loaded.
2025-05-27 02:08:38,819 - SinkIdentifier - INFO - libz.so: 0 items loaded.
2025-05-27 02:08:38,819 - SinkIdentifier - INFO - libpthread.so.0: 0 items loaded.
2025-05-27 02:08:38,820 - SinkIdentifier - INFO - libshared.so: 0 items loaded.
2025-05-27 02:08:38,820 - SinkIdentifier - INFO - libgcc_s.so.1: 0 items loaded.
2025-05-27 02:08:38,820 - SinkIdentifier - INFO - libm.so.0: 0 items loaded.
2025-05-27 02:08:38,820 - SinkIdentifier - INFO - libucapi.so: 0 items loaded.
2025-05-27 02:08:38,820 - SinkIdentifier - INFO - libtpi.so: 30 items loaded.
2025-05-27 02:08:38,821 - SinkIdentifier - INFO - libc.so.0: 19 items loaded.
2025-05-27 02:08:38,821 - SinkIdentifier - INFO - httpd: 0 items loaded.
2025-05-27 02:11:34,243 - SinkIdentifier - INFO - [libvos_util.so] Loaded successfully with 0 items.
2025-05-27 02:11:34,244 - SinkIdentifier - INFO - [libChipApi.so] Loaded successfully with 2 items.
2025-05-27 02:11:34,244 - SinkIdentifier - INFO - [libCfm.so] Loaded successfully with 2 items.
2025-05-27 02:11:34,244 - SinkIdentifier - INFO - [libcommon.so] Loaded successfully with 14 items.
2025-05-27 02:11:34,244 - SinkIdentifier - INFO - [libnvram.so] Loaded successfully with 0 items.
2025-05-27 02:11:34,244 - SinkIdentifier - INFO - [libz.so] Loaded successfully with 0 items.
2025-05-27 02:11:34,245 - SinkIdentifier - INFO - [libpthread.so.0] Loaded successfully with 0 items.
2025-05-27 02:11:34,245 - SinkIdentifier - INFO - [libshared.so] Loaded successfully with 0 items.
2025-05-27 02:11:34,245 - SinkIdentifier - INFO - [libgcc_s.so.1] Loaded successfully with 0 items.
2025-05-27 02:11:34,245 - SinkIdentifier - INFO - [libm.so.0] Loaded successfully with 0 items.
2025-05-27 02:11:34,245 - SinkIdentifier - INFO - [libucapi.so] Loaded successfully with 0 items.
2025-05-27 02:11:34,246 - SinkIdentifier - INFO - [libtpi.so] Loaded successfully with 30 items.
2025-05-27 02:11:34,246 - SinkIdentifier - INFO - [libc.so.0] Loaded successfully with 19 items.
2025-05-27 02:11:34,247 - SinkIdentifier - INFO - [httpd] Loaded successfully with 0 items.
2025-05-27 02:11:34,248 - SinkIdentifier - INFO - libvos_util.so: 0 items loaded.
2025-05-27 02:11:34,248 - SinkIdentifier - INFO - libChipApi.so: 2 items loaded.
2025-05-27 02:11:34,248 - SinkIdentifier - INFO - libCfm.so: 2 items loaded.
2025-05-27 02:11:34,248 - SinkIdentifier - INFO - libcommon.so: 14 items loaded.
2025-05-27 02:11:34,248 - SinkIdentifier - INFO - libnvram.so: 0 items loaded.
2025-05-27 02:11:34,249 - SinkIdentifier - INFO - libz.so: 0 items loaded.
2025-05-27 02:11:34,249 - SinkIdentifier - INFO - libpthread.so.0: 0 items loaded.
2025-05-27 02:11:34,249 - SinkIdentifier - INFO - libshared.so: 0 items loaded.
2025-05-27 02:11:34,250 - SinkIdentifier - INFO - libgcc_s.so.1: 0 items loaded.
2025-05-27 02:11:34,250 - SinkIdentifier - INFO - libm.so.0: 0 items loaded.
2025-05-27 02:11:34,250 - SinkIdentifier - INFO - libucapi.so: 0 items loaded.
2025-05-27 02:11:34,250 - SinkIdentifier - INFO - libtpi.so: 30 items loaded.
2025-05-27 02:11:34,250 - SinkIdentifier - INFO - libc.so.0: 19 items loaded.
2025-05-27 02:11:34,250 - SinkIdentifier - INFO - httpd: 0 items loaded.
2025-05-27 02:18:02,588 - SinkIdentifier - ERROR - sqlite error
2025-05-27 02:21:17,831 - SinkIdentifier - ERROR - sqlite error
2025-05-27 02:22:44,328 - SinkIdentifier - ERROR - sqlite error
2025-05-27 02:24:18,268 - SinkIdentifier - ERROR - sqlite error
2025-05-27 02:27:15,970 - SinkIdentifier - ERROR - sqlite error
2025-05-27 02:28:02,654 - SinkIdentifier - ERROR - sqlite error
2025-05-27 21:40:05,502 - SinkIdentifier - INFO - [libvos_util.so] Loaded successfully with 0 items.
2025-05-27 21:40:05,504 - SinkIdentifier - INFO - [libChipApi.so] Loaded successfully with 1 items.
2025-05-27 21:40:05,505 - SinkIdentifier - INFO - [libCfm.so] Loaded successfully with 0 items.
2025-05-27 21:40:05,505 - SinkIdentifier - INFO - [libcommon.so] Loaded successfully with 8 items.
2025-05-27 21:40:05,505 - SinkIdentifier - INFO - [libpthread.so.0] Loaded successfully with 0 items.
2025-05-27 21:40:05,506 - SinkIdentifier - INFO - [libm.so.0] Loaded successfully with 0 items.
2025-05-27 21:40:05,506 - SinkIdentifier - INFO - [libucapi.so] Loaded successfully with 0 items.
2025-05-27 21:40:05,506 - SinkIdentifier - INFO - [libtpi.so] Loaded successfully with 0 items.
2025-05-27 21:40:05,506 - SinkIdentifier - INFO - [libgcc_s.so.1] Loaded successfully with 0 items.
2025-05-27 21:40:05,508 - SinkIdentifier - INFO - libvos_util.so: 0 items loaded.
2025-05-27 21:40:05,508 - SinkIdentifier - INFO - libChipApi.so: 1 items loaded.
2025-05-27 21:40:05,508 - SinkIdentifier - INFO - libCfm.so: 0 items loaded.
2025-05-27 21:40:05,509 - SinkIdentifier - INFO - libcommon.so: 8 items loaded.
2025-05-27 21:40:05,509 - SinkIdentifier - INFO - libpthread.so.0: 0 items loaded.
2025-05-27 21:40:05,509 - SinkIdentifier - INFO - libm.so.0: 0 items loaded.
2025-05-27 21:40:05,509 - SinkIdentifier - INFO - libucapi.so: 0 items loaded.
2025-05-27 21:40:05,510 - SinkIdentifier - INFO - libtpi.so: 0 items loaded.
2025-05-27 21:40:05,510 - SinkIdentifier - INFO - libgcc_s.so.1: 0 items loaded.
2025-05-27 21:53:55,311 - SinkIdentifier - INFO - Skipping libCfm.so: already exists in database.
2025-05-27 21:53:55,311 - SinkIdentifier - INFO - Skipping libcommon.so: already exists in database.
2025-05-27 21:53:55,311 - SinkIdentifier - INFO - Skipping libChipApi.so: already exists in database.
2025-05-27 21:53:55,312 - SinkIdentifier - INFO - Skipping libvos_util.so: already exists in database.
2025-05-27 21:53:55,312 - SinkIdentifier - INFO - Skipping libpthread.so.0: already exists in database.
2025-05-27 21:53:55,312 - SinkIdentifier - INFO - Skipping libtpi.so: already exists in database.
2025-05-27 21:53:55,312 - SinkIdentifier - INFO - Skipping libm.so.0: already exists in database.
2025-05-27 21:53:55,312 - SinkIdentifier - INFO - Skipping libucapi.so: already exists in database.
2025-05-27 21:53:55,313 - SinkIdentifier - INFO - Skipping libgcc_s.so.1: already exists in database.
2025-05-27 21:57:38,767 - SinkIdentifier - INFO - Skipping libCfm.so: already exists in database.
2025-05-27 21:57:38,767 - SinkIdentifier - INFO - Skipping libcommon.so: already exists in database.
2025-05-27 21:57:38,767 - SinkIdentifier - INFO - Skipping libChipApi.so: already exists in database.
2025-05-27 21:57:38,768 - SinkIdentifier - INFO - Skipping libvos_util.so: already exists in database.
2025-05-27 21:57:38,768 - SinkIdentifier - INFO - Skipping libpthread.so.0: already exists in database.
2025-05-27 21:57:38,768 - SinkIdentifier - INFO - Skipping libtpi.so: already exists in database.
2025-05-27 21:57:38,768 - SinkIdentifier - INFO - Skipping libm.so.0: already exists in database.
2025-05-27 21:57:38,768 - SinkIdentifier - INFO - Skipping libucapi.so: already exists in database.
2025-05-27 21:57:38,769 - SinkIdentifier - INFO - Skipping libgcc_s.so.1: already exists in database.
2025-05-27 21:59:05,483 - SinkIdentifier - INFO - Skipping libCfm.so: already exists in database.
2025-05-27 21:59:05,483 - SinkIdentifier - INFO - Skipping libcommon.so: already exists in database.
2025-05-27 21:59:05,483 - SinkIdentifier - INFO - Skipping libChipApi.so: already exists in database.
2025-05-27 21:59:05,484 - SinkIdentifier - INFO - Skipping libvos_util.so: already exists in database.
2025-05-27 21:59:05,484 - SinkIdentifier - INFO - Skipping libpthread.so.0: already exists in database.
2025-05-27 21:59:05,484 - SinkIdentifier - INFO - Skipping libtpi.so: already exists in database.
2025-05-27 21:59:05,484 - SinkIdentifier - INFO - Skipping libm.so.0: already exists in database.
2025-05-27 21:59:05,485 - SinkIdentifier - INFO - Skipping libucapi.so: already exists in database.
2025-05-27 21:59:05,485 - SinkIdentifier - INFO - Skipping libgcc_s.so.1: already exists in database.
2025-05-27 21:59:13,246 - SinkIdentifier - INFO - [libvos_util.so] Loaded successfully with 0 items.
2025-05-27 21:59:36,942 - SinkIdentifier - INFO - [libChipApi.so] Loaded successfully with 1 items.
2025-05-27 22:00:14,340 - SinkIdentifier - INFO - [libCfm.so] Loaded successfully with 0 items.
2025-05-27 22:01:12,698 - SinkIdentifier - INFO - [libcommon.so] Loaded successfully with 8 items.
2025-05-27 22:25:22,813 - SinkIdentifier - INFO - Skipping libCfm.so: already exists in database.
2025-05-27 22:25:22,813 - SinkIdentifier - INFO - Skipping libcommon.so: already exists in database.
2025-05-27 22:25:22,813 - SinkIdentifier - INFO - Skipping libChipApi.so: already exists in database.
2025-05-27 22:25:22,814 - SinkIdentifier - INFO - Skipping libvos_util.so: already exists in database.
2025-05-27 22:25:22,814 - SinkIdentifier - INFO - Skipping libpthread.so.0: already exists in database.
2025-05-27 22:25:22,814 - SinkIdentifier - INFO - Skipping libtpi.so: already exists in database.
2025-05-27 22:25:22,814 - SinkIdentifier - INFO - Skipping libm.so.0: already exists in database.
2025-05-27 22:25:22,815 - SinkIdentifier - INFO - Skipping libucapi.so: already exists in database.
2025-05-27 22:25:22,815 - SinkIdentifier - INFO - Skipping libgcc_s.so.1: already exists in database.
2025-05-27 22:25:31,764 - SinkIdentifier - INFO - [libvos_util.so] Loaded successfully with 0 items.
2025-05-27 22:25:35,555 - SinkIdentifier - INFO - [libChipApi.so] Loaded successfully with 1 items.
2025-05-27 22:25:35,555 - SinkIdentifier - INFO - [libCfm.so] Loaded successfully with 0 items.
2025-05-27 22:25:35,556 - SinkIdentifier - INFO - [libcommon.so] Loaded successfully with 8 items.
2025-05-27 22:25:35,556 - SinkIdentifier - INFO - [libpthread.so.0] Loaded successfully with 0 items.
2025-05-27 22:25:35,556 - SinkIdentifier - INFO - [libm.so.0] Loaded successfully with 0 items.
2025-05-27 22:25:35,557 - SinkIdentifier - INFO - [libucapi.so] Loaded successfully with 0 items.
2025-05-27 22:25:35,557 - SinkIdentifier - INFO - [libtpi.so] Loaded successfully with 0 items.
2025-05-27 22:25:35,557 - SinkIdentifier - INFO - [libgcc_s.so.1] Loaded successfully with 0 items.
2025-05-27 22:25:35,559 - SinkIdentifier - INFO - libvos_util.so: 0 items loaded.
2025-05-27 22:25:35,559 - SinkIdentifier - INFO - libChipApi.so: 1 items loaded.
2025-05-27 22:25:35,559 - SinkIdentifier - INFO - libCfm.so: 0 items loaded.
2025-05-27 22:25:35,559 - SinkIdentifier - INFO - libcommon.so: 8 items loaded.
2025-05-27 22:25:35,559 - SinkIdentifier - INFO - libpthread.so.0: 0 items loaded.
2025-05-27 22:25:35,559 - SinkIdentifier - INFO - libm.so.0: 0 items loaded.
2025-05-27 22:25:35,560 - SinkIdentifier - INFO - libucapi.so: 0 items loaded.
2025-05-27 22:25:35,560 - SinkIdentifier - INFO - libtpi.so: 0 items loaded.
2025-05-27 22:25:35,560 - SinkIdentifier - INFO - libgcc_s.so.1: 0 items loaded.
2025-05-27 22:26:11,333 - SinkIdentifier - INFO - Skipping libCfm.so: already exists in database.
2025-05-27 22:26:11,333 - SinkIdentifier - INFO - Skipping libcommon.so: already exists in database.
2025-05-27 22:26:11,333 - SinkIdentifier - INFO - Skipping libChipApi.so: already exists in database.
2025-05-27 22:26:11,334 - SinkIdentifier - INFO - Skipping libvos_util.so: already exists in database.
2025-05-27 22:26:11,334 - SinkIdentifier - INFO - Skipping libpthread.so.0: already exists in database.
2025-05-27 22:26:11,334 - SinkIdentifier - INFO - Skipping libtpi.so: already exists in database.
2025-05-27 22:26:11,334 - SinkIdentifier - INFO - Skipping libm.so.0: already exists in database.
2025-05-27 22:26:11,334 - SinkIdentifier - INFO - Skipping libucapi.so: already exists in database.
2025-05-27 22:26:11,335 - SinkIdentifier - INFO - Skipping libgcc_s.so.1: already exists in database.
2025-05-27 22:26:17,737 - SinkIdentifier - INFO - [libvos_util.so] Loaded successfully with 0 items.
2025-05-27 22:26:17,738 - SinkIdentifier - INFO - [libChipApi.so] Loaded successfully with 1 items.
2025-05-27 22:26:17,738 - SinkIdentifier - INFO - [libCfm.so] Loaded successfully with 0 items.
2025-05-27 22:26:17,738 - SinkIdentifier - INFO - [libcommon.so] Loaded successfully with 8 items.
2025-05-27 22:26:17,738 - SinkIdentifier - INFO - [libpthread.so.0] Loaded successfully with 0 items.
2025-05-27 22:26:17,738 - SinkIdentifier - INFO - [libm.so.0] Loaded successfully with 0 items.
2025-05-27 22:26:17,739 - SinkIdentifier - INFO - [libucapi.so] Loaded successfully with 0 items.
2025-05-27 22:26:17,739 - SinkIdentifier - INFO - [libtpi.so] Loaded successfully with 0 items.
2025-05-27 22:26:17,739 - SinkIdentifier - INFO - [libgcc_s.so.1] Loaded successfully with 0 items.
2025-05-27 22:26:17,739 - SinkIdentifier - INFO - {'libvos_util.so': [], 'libChipApi.so': ['get_cmd_ret|00001188', 'get_cmd_ret|00004668', 'popen|000011ac'], 'libCfm.so': [], 'libcommon.so': ['doSystemCmd|00002f78', 'doSystemCmd|000040f0', 'system|00002d8c', 'doSystemCmd|00002f78', 'doSystemCmd|000040f0', 'system|00002d8c', 'doSystemCmd|00002f78', 'doSystemCmd|000040f0', 'system|00002d8c', 'system|00002d8c', 'doSystemCmd|00002f78', 'doSystemCmd|000040f0', 'system|00002d8c', 'popen|00002c54', 'doSystemCmd|00002f78', 'doSystemCmd|000040f0', 'system|00002d8c', 'doSystemCmd|00002f78', 'doSystemCmd|000040f0', 'system|00002d8c'], 'libpthread.so.0': [], 'libm.so.0': [], 'libucapi.so': [], 'libtpi.so': [], 'libgcc_s.so.1': []}
2025-05-27 22:26:17,740 - SinkIdentifier - INFO - libvos_util.so: 0 items loaded.
2025-05-27 22:26:17,740 - SinkIdentifier - INFO - libChipApi.so: 1 items loaded.
2025-05-27 22:26:17,740 - SinkIdentifier - INFO - libCfm.so: 0 items loaded.
2025-05-27 22:26:17,740 - SinkIdentifier - INFO - libcommon.so: 8 items loaded.
2025-05-27 22:26:17,740 - SinkIdentifier - INFO - libpthread.so.0: 0 items loaded.
2025-05-27 22:26:17,740 - SinkIdentifier - INFO - libm.so.0: 0 items loaded.
2025-05-27 22:26:17,740 - SinkIdentifier - INFO - libucapi.so: 0 items loaded.
2025-05-27 22:26:17,741 - SinkIdentifier - INFO - libtpi.so: 0 items loaded.
2025-05-27 22:26:17,742 - SinkIdentifier - INFO - libgcc_s.so.1: 0 items loaded.
2025-05-27 22:33:24,846 - SinkIdentifier - INFO - Skipping libCfm.so: already exists in database.
2025-05-27 22:33:24,846 - SinkIdentifier - INFO - Skipping libcommon.so: already exists in database.
2025-05-27 22:33:24,847 - SinkIdentifier - INFO - Skipping libChipApi.so: already exists in database.
2025-05-27 22:33:24,847 - SinkIdentifier - INFO - Skipping libvos_util.so: already exists in database.
2025-05-27 22:33:24,847 - SinkIdentifier - INFO - Skipping libpthread.so.0: already exists in database.
2025-05-27 22:33:24,848 - SinkIdentifier - INFO - Skipping libtpi.so: already exists in database.
2025-05-27 22:33:24,848 - SinkIdentifier - INFO - Skipping libm.so.0: already exists in database.
2025-05-27 22:33:24,848 - SinkIdentifier - INFO - Skipping libucapi.so: already exists in database.
2025-05-27 22:33:24,848 - SinkIdentifier - INFO - Skipping libgcc_s.so.1: already exists in database.
2025-05-27 22:33:31,981 - SinkIdentifier - INFO - [libvos_util.so] Loaded successfully with 0 items.
2025-05-27 22:33:31,982 - SinkIdentifier - INFO - [libChipApi.so] Loaded successfully with 1 items.
2025-05-27 22:33:31,982 - SinkIdentifier - INFO - [libCfm.so] Loaded successfully with 0 items.
2025-05-27 22:33:31,983 - SinkIdentifier - INFO - [libcommon.so] Loaded successfully with 8 items.
2025-05-27 22:33:31,983 - SinkIdentifier - INFO - [libpthread.so.0] Loaded successfully with 0 items.
2025-05-27 22:33:31,983 - SinkIdentifier - INFO - [libm.so.0] Loaded successfully with 0 items.
2025-05-27 22:33:31,983 - SinkIdentifier - INFO - [libucapi.so] Loaded successfully with 0 items.
2025-05-27 22:33:31,984 - SinkIdentifier - INFO - [libtpi.so] Loaded successfully with 0 items.
2025-05-27 22:33:31,984 - SinkIdentifier - INFO - [libgcc_s.so.1] Loaded successfully with 0 items.
2025-05-27 22:33:31,985 - SinkIdentifier - INFO - {'libvos_util.so': [], 'libChipApi.so': ['get_cmd_ret|00004668', 'popen|000011ac', 'get_cmd_ret|00001188', 'get_eth_status|000047a4'], 'libCfm.so': [], 'libcommon.so': ['doShell|00003f9c', 'send_msg_to_time_check|00007790', 'lan_wan_conflict_restart_dhttpd|00009d44', 'doSystemCmd|000040f0', 'init_core_dump|00007a54', 'send_msg_to_netctrl|00007888', 'system|00002d8c', 'doSystemCmd|00002f78', 'check_fw_only|0000df6c', 'PostMsgToNetctrl|00004d78', 'popen|00002c54'], 'libpthread.so.0': [], 'libm.so.0': [], 'libucapi.so': [], 'libtpi.so': [], 'libgcc_s.so.1': []}
2025-05-27 22:33:31,985 - SinkIdentifier - INFO - libvos_util.so: 0 items loaded.
2025-05-27 22:33:31,985 - SinkIdentifier - INFO - libChipApi.so: 1 items loaded.
2025-05-27 22:33:31,986 - SinkIdentifier - INFO - libCfm.so: 0 items loaded.
2025-05-27 22:33:31,986 - SinkIdentifier - INFO - libcommon.so: 8 items loaded.
2025-05-27 22:33:31,986 - SinkIdentifier - INFO - libpthread.so.0: 0 items loaded.
2025-05-27 22:33:31,986 - SinkIdentifier - INFO - libm.so.0: 0 items loaded.
2025-05-27 22:33:31,986 - SinkIdentifier - INFO - libucapi.so: 0 items loaded.
2025-05-27 22:33:31,986 - SinkIdentifier - INFO - libtpi.so: 0 items loaded.
2025-05-27 22:33:31,987 - SinkIdentifier - INFO - libgcc_s.so.1: 0 items loaded.
2025-05-27 23:08:07,407 - SinkIdentifier - INFO - Skipping libCfm.so: already exists in database.
2025-05-27 23:08:07,407 - SinkIdentifier - INFO - Skipping libcommon.so: already exists in database.
2025-05-27 23:08:07,408 - SinkIdentifier - INFO - Skipping libChipApi.so: already exists in database.
2025-05-27 23:08:07,408 - SinkIdentifier - INFO - Skipping libvos_util.so: already exists in database.
2025-05-27 23:08:07,408 - SinkIdentifier - INFO - Skipping libpthread.so.0: already exists in database.
2025-05-27 23:08:07,408 - SinkIdentifier - INFO - Skipping libtpi.so: already exists in database.
2025-05-27 23:08:07,408 - SinkIdentifier - INFO - Skipping libm.so.0: already exists in database.
2025-05-27 23:08:07,408 - SinkIdentifier - INFO - Skipping libucapi.so: already exists in database.
2025-05-27 23:08:07,408 - SinkIdentifier - INFO - Skipping libgcc_s.so.1: already exists in database.
2025-05-27 23:08:10,068 - SinkIdentifier - INFO - [libvos_util.so] Loaded successfully with 0 items.
2025-05-27 23:08:10,068 - SinkIdentifier - INFO - [libChipApi.so] Loaded successfully with 1 items.
2025-05-27 23:08:10,069 - SinkIdentifier - INFO - [libCfm.so] Loaded successfully with 0 items.
2025-05-27 23:08:10,069 - SinkIdentifier - INFO - [libcommon.so] Loaded successfully with 8 items.
2025-05-27 23:08:10,069 - SinkIdentifier - INFO - [libpthread.so.0] Loaded successfully with 0 items.
2025-05-27 23:08:10,070 - SinkIdentifier - INFO - [libm.so.0] Loaded successfully with 0 items.
2025-05-27 23:08:10,070 - SinkIdentifier - INFO - [libucapi.so] Loaded successfully with 0 items.
2025-05-27 23:08:10,070 - SinkIdentifier - INFO - [libtpi.so] Loaded successfully with 0 items.
2025-05-27 23:08:10,071 - SinkIdentifier - INFO - [libgcc_s.so.1] Loaded successfully with 0 items.
2025-05-27 23:08:10,072 - SinkIdentifier - INFO - {'libvos_util.so': [], 'libChipApi.so': ['get_cmd_ret|00001188', 'popen|000011ac', 'get_eth_status|000047a4', 'get_cmd_ret|00004668'], 'libCfm.so': [], 'libcommon.so': ['doShell|00003f9c', 'system|00002d8c', 'doSystemCmd|00002f78', 'doSystemCmd|000040f0', 'popen|00002c54', 'PostMsgToNetctrl|00004d78', 'lan_wan_conflict_restart_dhttpd|00009d44', 'send_msg_to_netctrl|00007888', 'send_msg_to_time_check|00007790', 'check_fw_only|0000df6c', 'init_core_dump|00007a54'], 'libpthread.so.0': [], 'libm.so.0': [], 'libucapi.so': [], 'libtpi.so': [], 'libgcc_s.so.1': []}
2025-05-27 23:08:10,072 - SinkIdentifier - INFO - libvos_util.so: 0 items loaded.
2025-05-27 23:08:10,073 - SinkIdentifier - INFO - libChipApi.so: 1 items loaded.
2025-05-27 23:08:10,073 - SinkIdentifier - INFO - libCfm.so: 0 items loaded.
2025-05-27 23:08:10,074 - SinkIdentifier - INFO - libcommon.so: 8 items loaded.
2025-05-27 23:08:10,074 - SinkIdentifier - INFO - libpthread.so.0: 0 items loaded.
2025-05-27 23:08:10,074 - SinkIdentifier - INFO - libm.so.0: 0 items loaded.
2025-05-27 23:08:10,074 - SinkIdentifier - INFO - libucapi.so: 0 items loaded.
2025-05-27 23:08:10,075 - SinkIdentifier - INFO - libtpi.so: 0 items loaded.
2025-05-27 23:08:10,075 - SinkIdentifier - INFO - libgcc_s.so.1: 0 items loaded.
2025-05-28 00:48:42,429 - SinkIdentifier - ERROR - sqlite error
2025-05-28 00:53:54,664 - SinkIdentifier - ERROR - sqlite error
2025-05-28 00:55:48,946 - SinkIdentifier - INFO - [libvos_util.so] Loaded successfully with 0 items.
2025-05-28 00:55:48,947 - SinkIdentifier - INFO - [libChipApi.so] Loaded successfully with 1 items.
2025-05-28 00:55:48,947 - SinkIdentifier - INFO - [libCfm.so] Loaded successfully with 0 items.
2025-05-28 00:55:48,948 - SinkIdentifier - INFO - [libcommon.so] Loaded successfully with 8 items.
2025-05-28 00:55:48,948 - SinkIdentifier - INFO - [libpthread.so.0] Loaded successfully with 0 items.
2025-05-28 00:55:48,948 - SinkIdentifier - INFO - [libm.so.0] Loaded successfully with 0 items.
2025-05-28 00:55:48,949 - SinkIdentifier - INFO - [libucapi.so] Loaded successfully with 0 items.
2025-05-28 00:55:48,949 - SinkIdentifier - INFO - [libtpi.so] Loaded successfully with 0 items.
2025-05-28 00:55:48,950 - SinkIdentifier - INFO - [libgcc_s.so.1] Loaded successfully with 0 items.
2025-05-28 00:55:48,951 - SinkIdentifier - INFO - {'libvos_util.so': [], 'libChipApi.so': ['get_cmd_ret|00001188', 'popen|000011ac', 'get_cmd_ret|00004668', 'get_eth_status|000047a4'], 'libCfm.so': [], 'libcommon.so': ['send_msg_to_netctrl|00007888', 'doShell|00003f9c', 'check_fw_only|0000df6c', 'system|00002d8c', 'doSystemCmd|000040f0', 'doSystemCmd|00002f78', 'send_msg_to_time_check|00007790', 'popen|00002c54', 'lan_wan_conflict_restart_dhttpd|00009d44', 'init_core_dump|00007a54', 'PostMsgToNetctrl|00004d78'], 'libpthread.so.0': [], 'libm.so.0': [], 'libucapi.so': [], 'libtpi.so': [], 'libgcc_s.so.1': []}
2025-05-28 00:55:48,951 - SinkIdentifier - INFO - libvos_util.so: 0 items loaded.
2025-05-28 00:55:48,952 - SinkIdentifier - INFO - libChipApi.so: 1 items loaded.
2025-05-28 00:55:48,952 - SinkIdentifier - INFO - libCfm.so: 0 items loaded.
2025-05-28 00:55:48,952 - SinkIdentifier - INFO - libcommon.so: 8 items loaded.
2025-05-28 00:55:48,953 - SinkIdentifier - INFO - libpthread.so.0: 0 items loaded.
2025-05-28 00:55:48,953 - SinkIdentifier - INFO - libm.so.0: 0 items loaded.
2025-05-28 00:55:48,953 - SinkIdentifier - INFO - libucapi.so: 0 items loaded.
2025-05-28 00:55:48,954 - SinkIdentifier - INFO - libtpi.so: 0 items loaded.
2025-05-28 00:55:48,954 - SinkIdentifier - INFO - libgcc_s.so.1: 0 items loaded.
2025-05-28 09:26:23,349 - SinkIdentifier - ERROR - sqlite error
2025-05-28 09:41:58,291 - SinkIdentifier - ERROR - sqlite error
2025-05-28 09:48:16,527 - SinkIdentifier - ERROR - sqlite error
2025-05-28 09:49:52,595 - SinkIdentifier - INFO - [libChipApi.so] Loaded successfully with 1 items.
2025-05-28 09:49:52,596 - SinkIdentifier - INFO - [libvos_util.so] Loaded successfully with 0 items.
2025-05-28 09:49:52,596 - SinkIdentifier - INFO - [libCfm.so] Loaded successfully with 0 items.
2025-05-28 09:49:52,597 - SinkIdentifier - INFO - [libcommon.so] Loaded successfully with 8 items.
2025-05-28 09:49:52,597 - SinkIdentifier - INFO - [libpthread.so.0] Loaded successfully with 0 items.
2025-05-28 09:49:52,597 - SinkIdentifier - INFO - [libm.so.0] Loaded successfully with 0 items.
2025-05-28 09:49:52,597 - SinkIdentifier - INFO - [libucapi.so] Loaded successfully with 0 items.
2025-05-28 09:49:52,598 - SinkIdentifier - INFO - [libtpi.so] Loaded successfully with 0 items.
2025-05-28 09:49:52,598 - SinkIdentifier - INFO - [libgcc_s.so.1] Loaded successfully with 0 items.
2025-05-28 09:49:52,599 - SinkIdentifier - INFO - {'libChipApi.so': ['get_cmd_ret|00001188', 'get_eth_status|000047a4', 'get_cmd_ret|00004668', 'popen|000011ac'], 'libvos_util.so': [], 'libCfm.so': [], 'libcommon.so': ['lan_wan_conflict_restart_dhttpd|00009d44', 'doShell|00003f9c', 'check_fw_only|0000df6c', 'init_core_dump|00007a54', 'doSystemCmd|00002f78', 'system|00002d8c', 'popen|00002c54', 'PostMsgToNetctrl|00004d78', 'doSystemCmd|000040f0', 'send_msg_to_netctrl|00007888', 'send_msg_to_time_check|00007790'], 'libpthread.so.0': [], 'libm.so.0': [], 'libucapi.so': [], 'libtpi.so': [], 'libgcc_s.so.1': []}
2025-05-28 09:49:52,599 - SinkIdentifier - INFO - libChipApi.so: 1 items loaded.
2025-05-28 09:49:52,599 - SinkIdentifier - INFO - libvos_util.so: 0 items loaded.
2025-05-28 09:49:52,600 - SinkIdentifier - INFO - libCfm.so: 0 items loaded.
2025-05-28 09:49:52,600 - SinkIdentifier - INFO - libcommon.so: 8 items loaded.
2025-05-28 09:49:52,600 - SinkIdentifier - INFO - libpthread.so.0: 0 items loaded.
2025-05-28 09:49:52,600 - SinkIdentifier - INFO - libm.so.0: 0 items loaded.
2025-05-28 09:49:52,601 - SinkIdentifier - INFO - libucapi.so: 0 items loaded.
2025-05-28 09:49:52,601 - SinkIdentifier - INFO - libtpi.so: 0 items loaded.
2025-05-28 09:49:52,601 - SinkIdentifier - INFO - libgcc_s.so.1: 0 items loaded.
2025-05-28 09:54:54,119 - SinkIdentifier - ERROR - sqlite error
2025-05-28 09:56:10,476 - SinkIdentifier - INFO - [libvos_util.so] Loaded successfully with 0 items.
2025-05-28 09:56:10,477 - SinkIdentifier - INFO - [libChipApi.so] Loaded successfully with 1 items.
2025-05-28 09:56:10,477 - SinkIdentifier - INFO - [libcommon.so] Loaded successfully with 8 items.
2025-05-28 09:56:10,477 - SinkIdentifier - INFO - [libCfm.so] Loaded successfully with 0 items.
2025-05-28 09:56:10,477 - SinkIdentifier - INFO - [libpthread.so.0] Loaded successfully with 0 items.
2025-05-28 09:56:10,478 - SinkIdentifier - INFO - [libm.so.0] Loaded successfully with 0 items.
2025-05-28 09:56:10,478 - SinkIdentifier - INFO - [libucapi.so] Loaded successfully with 0 items.
2025-05-28 09:56:10,478 - SinkIdentifier - INFO - [libtpi.so] Loaded successfully with 0 items.
2025-05-28 09:56:10,478 - SinkIdentifier - INFO - [libgcc_s.so.1] Loaded successfully with 0 items.
2025-05-28 09:56:10,479 - SinkIdentifier - INFO - {'libvos_util.so': [], 'libChipApi.so': ['popen|000011ac', 'get_cmd_ret|00001188', 'get_cmd_ret|00004668', 'get_eth_status|000047a4'], 'libcommon.so': ['lan_wan_conflict_restart_dhttpd|00009d44', 'doSystemCmd|000040f0', 'doShell|00003f9c', 'check_fw_only|0000df6c', 'PostMsgToNetctrl|00004d78', 'init_core_dump|00007a54', 'send_msg_to_netctrl|00007888', 'system|00002d8c', 'popen|00002c54', 'send_msg_to_time_check|00007790', 'doSystemCmd|00002f78'], 'libCfm.so': [], 'libpthread.so.0': [], 'libm.so.0': [], 'libucapi.so': [], 'libtpi.so': [], 'libgcc_s.so.1': []}
2025-05-28 09:56:10,480 - SinkIdentifier - INFO - libvos_util.so: 0 items loaded.
2025-05-28 09:56:10,480 - SinkIdentifier - INFO - libChipApi.so: 1 items loaded.
2025-05-28 09:56:10,480 - SinkIdentifier - INFO - libcommon.so: 8 items loaded.
2025-05-28 09:56:10,480 - SinkIdentifier - INFO - libCfm.so: 0 items loaded.
2025-05-28 09:56:10,480 - SinkIdentifier - INFO - libpthread.so.0: 0 items loaded.
2025-05-28 09:56:10,480 - SinkIdentifier - INFO - libm.so.0: 0 items loaded.
2025-05-28 09:56:10,481 - SinkIdentifier - INFO - libucapi.so: 0 items loaded.
2025-05-28 09:56:10,481 - SinkIdentifier - INFO - libtpi.so: 0 items loaded.
2025-05-28 09:56:10,481 - SinkIdentifier - INFO - libgcc_s.so.1: 0 items loaded.
2025-05-28 10:39:21,006 - SinkIdentifier - ERROR - sqlite error
2025-05-28 10:40:46,486 - SinkIdentifier - INFO - [libvos_util.so] Loaded successfully with 0 items.
2025-05-28 10:40:46,487 - SinkIdentifier - INFO - [libChipApi.so] Loaded successfully with 1 items.
2025-05-28 10:40:46,488 - SinkIdentifier - INFO - [libCfm.so] Loaded successfully with 0 items.
2025-05-28 10:40:46,488 - SinkIdentifier - INFO - [libcommon.so] Loaded successfully with 8 items.
2025-05-28 10:40:46,488 - SinkIdentifier - INFO - [libpthread.so.0] Loaded successfully with 0 items.
2025-05-28 10:40:46,489 - SinkIdentifier - INFO - [libm.so.0] Loaded successfully with 0 items.
2025-05-28 10:40:46,489 - SinkIdentifier - INFO - [libucapi.so] Loaded successfully with 0 items.
2025-05-28 10:40:46,489 - SinkIdentifier - INFO - [libtpi.so] Loaded successfully with 0 items.
2025-05-28 10:40:46,489 - SinkIdentifier - INFO - [libgcc_s.so.1] Loaded successfully with 0 items.
2025-05-28 10:40:46,490 - SinkIdentifier - INFO - {'libvos_util.so': [], 'libChipApi.so': ['get_cmd_ret|00001188', 'get_cmd_ret|00004668', 'popen|000011ac', 'get_eth_status|000047a4'], 'libCfm.so': [], 'libcommon.so': ['send_msg_to_time_check|00007790', 'lan_wan_conflict_restart_dhttpd|00009d44', 'init_core_dump|00007a54', 'popen|00002c54', 'doSystemCmd|000040f0', 'system|00002d8c', 'PostMsgToNetctrl|00004d78', 'send_msg_to_netctrl|00007888', 'doSystemCmd|00002f78', 'doShell|00003f9c', 'check_fw_only|0000df6c'], 'libpthread.so.0': [], 'libm.so.0': [], 'libucapi.so': [], 'libtpi.so': [], 'libgcc_s.so.1': []}
2025-05-28 10:40:46,491 - SinkIdentifier - INFO - libvos_util.so: 0 items loaded.
2025-05-28 10:40:46,491 - SinkIdentifier - INFO - libChipApi.so: 1 items loaded.
2025-05-28 10:40:46,491 - SinkIdentifier - INFO - libCfm.so: 0 items loaded.
2025-05-28 10:40:46,491 - SinkIdentifier - INFO - libcommon.so: 8 items loaded.
2025-05-28 10:40:46,491 - SinkIdentifier - INFO - libpthread.so.0: 0 items loaded.
2025-05-28 10:40:46,492 - SinkIdentifier - INFO - libm.so.0: 0 items loaded.
2025-05-28 10:40:46,492 - SinkIdentifier - INFO - libucapi.so: 0 items loaded.
2025-05-28 10:40:46,492 - SinkIdentifier - INFO - libtpi.so: 0 items loaded.
2025-05-28 10:40:46,492 - SinkIdentifier - INFO - libgcc_s.so.1: 0 items loaded.
2025-06-04 23:40:42,162 - SinkIdentifier - INFO - Skipping libCfm.so: already exists in database.
2025-06-04 23:40:42,163 - SinkIdentifier - INFO - Skipping libcommon.so: already exists in database.
2025-06-04 23:40:42,163 - SinkIdentifier - INFO - Skipping libChipApi.so: already exists in database.
2025-06-04 23:40:42,166 - SinkIdentifier - INFO - Skipping libvos_util.so: already exists in database.
2025-06-04 23:40:42,167 - SinkIdentifier - INFO - Skipping libpthread.so.0: already exists in database.
2025-06-04 23:40:42,178 - SinkIdentifier - INFO - Skipping libtpi.so: already exists in database.
2025-06-04 23:40:42,179 - SinkIdentifier - INFO - Skipping libm.so.0: already exists in database.
2025-06-04 23:40:42,179 - SinkIdentifier - INFO - Skipping libucapi.so: already exists in database.
2025-06-04 23:40:42,182 - SinkIdentifier - INFO - Skipping libgcc_s.so.1: already exists in database.
2025-06-04 23:40:43,644 - SinkIdentifier - INFO - [libvos_util.so] Loaded successfully with 0 items.
2025-06-04 23:40:43,644 - SinkIdentifier - INFO - [libChipApi.so] Loaded successfully with 1 items.
2025-06-04 23:40:43,644 - SinkIdentifier - INFO - [libCfm.so] Loaded successfully with 0 items.
2025-06-04 23:40:43,644 - SinkIdentifier - INFO - [libcommon.so] Loaded successfully with 8 items.
2025-06-04 23:40:43,644 - SinkIdentifier - INFO - [libpthread.so.0] Loaded successfully with 0 items.
2025-06-04 23:40:43,644 - SinkIdentifier - INFO - [libm.so.0] Loaded successfully with 0 items.
2025-06-04 23:40:43,645 - SinkIdentifier - INFO - [libucapi.so] Loaded successfully with 0 items.
2025-06-04 23:40:43,645 - SinkIdentifier - INFO - [libtpi.so] Loaded successfully with 0 items.
2025-06-04 23:40:43,645 - SinkIdentifier - INFO - [libgcc_s.so.1] Loaded successfully with 0 items.
2025-06-04 23:40:43,645 - SinkIdentifier - INFO - {'libvos_util.so': [], 'libChipApi.so': ['get_cmd_ret|00004668', 'get_cmd_ret|00001188', 'get_eth_status|000047a4', 'popen|000011ac'], 'libCfm.so': [], 'libcommon.so': ['lan_wan_conflict_restart_dhttpd|00009d44', 'doSystemCmd|000040f0', 'doShell|00003f9c', 'PostMsgToNetctrl|00004d78', 'doSystemCmd|00002f78', 'popen|00002c54', 'send_msg_to_time_check|00007790', 'init_core_dump|00007a54', 'send_msg_to_netctrl|00007888', 'check_fw_only|0000df6c', 'system|00002d8c'], 'libpthread.so.0': [], 'libm.so.0': [], 'libucapi.so': [], 'libtpi.so': [], 'libgcc_s.so.1': []}
2025-06-04 23:40:43,645 - SinkIdentifier - INFO - libvos_util.so: 0 items loaded.
2025-06-04 23:40:43,645 - SinkIdentifier - INFO - libChipApi.so: 1 items loaded.
2025-06-04 23:40:43,645 - SinkIdentifier - INFO - libCfm.so: 0 items loaded.
2025-06-04 23:40:43,645 - SinkIdentifier - INFO - libcommon.so: 8 items loaded.
2025-06-04 23:40:43,645 - SinkIdentifier - INFO - libpthread.so.0: 0 items loaded.
2025-06-04 23:40:43,646 - SinkIdentifier - INFO - libm.so.0: 0 items loaded.
2025-06-04 23:40:43,646 - SinkIdentifier - INFO - libucapi.so: 0 items loaded.
2025-06-04 23:40:43,646 - SinkIdentifier - INFO - libtpi.so: 0 items loaded.
2025-06-04 23:40:43,648 - SinkIdentifier - INFO - libgcc_s.so.1: 0 items loaded.
2025-06-05 00:01:49,927 - SinkIdentifier - INFO - Skipping libCfm.so: already exists in database.
2025-06-05 00:01:49,928 - SinkIdentifier - INFO - Skipping libcommon.so: already exists in database.
2025-06-05 00:01:49,928 - SinkIdentifier - INFO - Skipping libChipApi.so: already exists in database.
2025-06-05 00:01:49,928 - SinkIdentifier - INFO - Skipping libvos_util.so: already exists in database.
2025-06-05 00:01:49,928 - SinkIdentifier - INFO - Skipping libpthread.so.0: already exists in database.
2025-06-05 00:01:49,928 - SinkIdentifier - INFO - Skipping libtpi.so: already exists in database.
2025-06-05 00:01:49,928 - SinkIdentifier - INFO - Skipping libm.so.0: already exists in database.
2025-06-05 00:01:49,928 - SinkIdentifier - INFO - Skipping libucapi.so: already exists in database.
2025-06-05 00:01:49,929 - SinkIdentifier - INFO - Skipping libgcc_s.so.1: already exists in database.
2025-06-05 00:01:51,476 - SinkIdentifier - INFO - [libvos_util.so] Loaded successfully with 0 items.
2025-06-05 00:01:51,476 - SinkIdentifier - INFO - [libChipApi.so] Loaded successfully with 1 items.
2025-06-05 00:01:51,476 - SinkIdentifier - INFO - [libCfm.so] Loaded successfully with 0 items.
2025-06-05 00:01:51,477 - SinkIdentifier - INFO - [libcommon.so] Loaded successfully with 8 items.
2025-06-05 00:01:51,477 - SinkIdentifier - INFO - [libpthread.so.0] Loaded successfully with 0 items.
2025-06-05 00:01:51,477 - SinkIdentifier - INFO - [libm.so.0] Loaded successfully with 0 items.
2025-06-05 00:01:51,477 - SinkIdentifier - INFO - [libucapi.so] Loaded successfully with 0 items.
2025-06-05 00:01:51,478 - SinkIdentifier - INFO - [libtpi.so] Loaded successfully with 0 items.
2025-06-05 00:01:51,478 - SinkIdentifier - INFO - [libgcc_s.so.1] Loaded successfully with 0 items.
2025-06-05 00:03:23,931 - SinkIdentifier - INFO - Skipping libCfm.so: already exists in database.
2025-06-05 00:03:23,932 - SinkIdentifier - INFO - Skipping libcommon.so: already exists in database.
2025-06-05 00:03:23,932 - SinkIdentifier - INFO - Skipping libChipApi.so: already exists in database.
2025-06-05 00:03:23,932 - SinkIdentifier - INFO - Skipping libvos_util.so: already exists in database.
2025-06-05 00:03:23,932 - SinkIdentifier - INFO - Skipping libpthread.so.0: already exists in database.
2025-06-05 00:03:23,932 - SinkIdentifier - INFO - Skipping libtpi.so: already exists in database.
2025-06-05 00:03:23,932 - SinkIdentifier - INFO - Skipping libm.so.0: already exists in database.
2025-06-05 00:03:23,932 - SinkIdentifier - INFO - Skipping libucapi.so: already exists in database.
2025-06-05 00:03:23,932 - SinkIdentifier - INFO - Skipping libgcc_s.so.1: already exists in database.
2025-06-05 00:03:24,887 - SinkIdentifier - INFO - [libvos_util.so] Loaded successfully with 0 items.
2025-06-05 00:03:24,887 - SinkIdentifier - INFO - [libChipApi.so] Loaded successfully with 1 items.
2025-06-05 00:03:24,888 - SinkIdentifier - INFO - [libCfm.so] Loaded successfully with 0 items.
2025-06-05 00:03:24,888 - SinkIdentifier - INFO - [libcommon.so] Loaded successfully with 8 items.
2025-06-05 00:03:24,888 - SinkIdentifier - INFO - [libpthread.so.0] Loaded successfully with 0 items.
2025-06-05 00:03:24,888 - SinkIdentifier - INFO - [libm.so.0] Loaded successfully with 0 items.
2025-06-05 00:03:24,889 - SinkIdentifier - INFO - [libucapi.so] Loaded successfully with 0 items.
2025-06-05 00:03:24,889 - SinkIdentifier - INFO - [libtpi.so] Loaded successfully with 0 items.
2025-06-05 00:03:24,889 - SinkIdentifier - INFO - [libgcc_s.so.1] Loaded successfully with 0 items.
2025-06-05 00:47:21,850 - SinkIdentifier - INFO - Skipping libCfm.so: already exists in database.
2025-06-05 00:47:21,851 - SinkIdentifier - INFO - Skipping libcommon.so: already exists in database.
2025-06-05 00:47:21,851 - SinkIdentifier - INFO - Skipping libChipApi.so: already exists in database.
2025-06-05 00:47:21,851 - SinkIdentifier - INFO - Skipping libvos_util.so: already exists in database.
2025-06-05 00:47:21,851 - SinkIdentifier - INFO - Skipping libpthread.so.0: already exists in database.
2025-06-05 00:47:21,851 - SinkIdentifier - INFO - Skipping libtpi.so: already exists in database.
2025-06-05 00:47:21,851 - SinkIdentifier - INFO - Skipping libm.so.0: already exists in database.
2025-06-05 00:47:21,851 - SinkIdentifier - INFO - Skipping libucapi.so: already exists in database.
2025-06-05 00:47:21,851 - SinkIdentifier - INFO - Skipping libgcc_s.so.1: already exists in database.
2025-06-05 00:47:23,574 - SinkIdentifier - INFO - [libvos_util.so] Loaded successfully with 0 items.
2025-06-05 00:47:23,575 - SinkIdentifier - INFO - [libChipApi.so] Loaded successfully with 1 items.
2025-06-05 00:47:23,575 - SinkIdentifier - INFO - [libCfm.so] Loaded successfully with 0 items.
2025-06-05 00:47:23,576 - SinkIdentifier - INFO - [libcommon.so] Loaded successfully with 8 items.
2025-06-05 00:47:23,576 - SinkIdentifier - INFO - [libpthread.so.0] Loaded successfully with 0 items.
2025-06-05 00:47:23,576 - SinkIdentifier - INFO - [libm.so.0] Loaded successfully with 0 items.
2025-06-05 00:47:23,576 - SinkIdentifier - INFO - [libucapi.so] Loaded successfully with 0 items.
2025-06-05 00:47:23,576 - SinkIdentifier - INFO - [libtpi.so] Loaded successfully with 0 items.
2025-06-05 00:47:23,577 - SinkIdentifier - INFO - [libgcc_s.so.1] Loaded successfully with 0 items.
2025-06-05 06:34:58,157 - SinkIdentifier - INFO - Skipping libCfm.so: already exists in database.
2025-06-05 06:34:58,157 - SinkIdentifier - INFO - Skipping libcommon.so: already exists in database.
2025-06-05 06:34:58,157 - SinkIdentifier - INFO - Skipping libChipApi.so: already exists in database.
2025-06-05 06:34:58,158 - SinkIdentifier - INFO - Skipping libvos_util.so: already exists in database.
2025-06-05 06:34:58,158 - SinkIdentifier - INFO - Skipping libpthread.so.0: already exists in database.
2025-06-05 06:34:58,158 - SinkIdentifier - INFO - Skipping libtpi.so: already exists in database.
2025-06-05 06:34:58,158 - SinkIdentifier - INFO - Skipping libm.so.0: already exists in database.
2025-06-05 06:34:58,158 - SinkIdentifier - INFO - Skipping libucapi.so: already exists in database.
2025-06-05 06:34:58,158 - SinkIdentifier - INFO - Skipping libgcc_s.so.1: already exists in database.
2025-06-05 06:34:59,496 - SinkIdentifier - INFO - [libvos_util.so] Loaded successfully with 0 items.
2025-06-05 06:34:59,496 - SinkIdentifier - INFO - [libChipApi.so] Loaded successfully with 1 items.
2025-06-05 06:34:59,496 - SinkIdentifier - INFO - [libCfm.so] Loaded successfully with 0 items.
2025-06-05 06:34:59,497 - SinkIdentifier - INFO - [libcommon.so] Loaded successfully with 8 items.
2025-06-05 06:34:59,497 - SinkIdentifier - INFO - [libpthread.so.0] Loaded successfully with 0 items.
2025-06-05 06:34:59,497 - SinkIdentifier - INFO - [libm.so.0] Loaded successfully with 0 items.
2025-06-05 06:34:59,497 - SinkIdentifier - INFO - [libucapi.so] Loaded successfully with 0 items.
2025-06-05 06:34:59,498 - SinkIdentifier - INFO - [libtpi.so] Loaded successfully with 0 items.
2025-06-05 06:34:59,498 - SinkIdentifier - INFO - [libgcc_s.so.1] Loaded successfully with 0 items.
2025-06-05 06:35:20,980 - SinkIdentifier - INFO - libvos_util.so: 0 items loaded.
2025-06-05 06:35:20,980 - SinkIdentifier - INFO - libChipApi.so: 1 items loaded.
2025-06-05 06:35:20,980 - SinkIdentifier - INFO - libCfm.so: 0 items loaded.
2025-06-05 06:35:20,981 - SinkIdentifier - INFO - libcommon.so: 8 items loaded.
2025-06-05 06:35:20,981 - SinkIdentifier - INFO - libpthread.so.0: 0 items loaded.
2025-06-05 06:35:20,981 - SinkIdentifier - INFO - libm.so.0: 0 items loaded.
2025-06-05 06:35:20,981 - SinkIdentifier - INFO - libucapi.so: 0 items loaded.
2025-06-05 06:35:20,982 - SinkIdentifier - INFO - libtpi.so: 0 items loaded.
2025-06-05 06:35:20,982 - SinkIdentifier - INFO - libgcc_s.so.1: 0 items loaded.
2025-06-05 06:36:35,455 - SinkIdentifier - INFO - Skipping libCfm.so: already exists in database.
2025-06-05 06:36:35,455 - SinkIdentifier - INFO - Skipping libcommon.so: already exists in database.
2025-06-05 06:36:35,455 - SinkIdentifier - INFO - Skipping libChipApi.so: already exists in database.
2025-06-05 06:36:35,456 - SinkIdentifier - INFO - Skipping libvos_util.so: already exists in database.
2025-06-05 06:36:35,456 - SinkIdentifier - INFO - Skipping libpthread.so.0: already exists in database.
2025-06-05 06:36:35,456 - SinkIdentifier - INFO - Skipping libtpi.so: already exists in database.
2025-06-05 06:36:35,456 - SinkIdentifier - INFO - Skipping libm.so.0: already exists in database.
2025-06-05 06:36:35,457 - SinkIdentifier - INFO - Skipping libucapi.so: already exists in database.
2025-06-05 06:36:35,457 - SinkIdentifier - INFO - Skipping libgcc_s.so.1: already exists in database.
2025-06-05 06:36:36,477 - SinkIdentifier - INFO - [libvos_util.so] Loaded successfully with 0 items.
2025-06-05 06:36:36,477 - SinkIdentifier - INFO - [libChipApi.so] Loaded successfully with 1 items.
2025-06-05 06:36:36,478 - SinkIdentifier - INFO - [libCfm.so] Loaded successfully with 0 items.
2025-06-05 06:36:36,478 - SinkIdentifier - INFO - [libcommon.so] Loaded successfully with 8 items.
2025-06-05 06:36:36,478 - SinkIdentifier - INFO - [libpthread.so.0] Loaded successfully with 0 items.
2025-06-05 06:36:36,479 - SinkIdentifier - INFO - [libm.so.0] Loaded successfully with 0 items.
2025-06-05 06:36:36,479 - SinkIdentifier - INFO - [libucapi.so] Loaded successfully with 0 items.
2025-06-05 06:36:36,479 - SinkIdentifier - INFO - [libtpi.so] Loaded successfully with 0 items.
2025-06-05 06:36:36,479 - SinkIdentifier - INFO - [libgcc_s.so.1] Loaded successfully with 0 items.
2025-06-05 06:36:52,381 - SinkIdentifier - INFO - libvos_util.so: 0 items loaded.
2025-06-05 06:36:52,382 - SinkIdentifier - INFO - libChipApi.so: 1 items loaded.
2025-06-05 06:36:52,382 - SinkIdentifier - INFO - libCfm.so: 0 items loaded.
2025-06-05 06:36:52,383 - SinkIdentifier - INFO - libcommon.so: 8 items loaded.
2025-06-05 06:36:52,383 - SinkIdentifier - INFO - libpthread.so.0: 0 items loaded.
2025-06-05 06:36:52,383 - SinkIdentifier - INFO - libm.so.0: 0 items loaded.
2025-06-05 06:36:52,383 - SinkIdentifier - INFO - libucapi.so: 0 items loaded.
2025-06-05 06:36:52,385 - SinkIdentifier - INFO - libtpi.so: 0 items loaded.
2025-06-05 06:36:52,385 - SinkIdentifier - INFO - libgcc_s.so.1: 0 items loaded.
2025-06-05 06:46:47,148 - SinkIdentifier - INFO - Skipping libCfm.so: already exists in database.
2025-06-05 06:46:47,148 - SinkIdentifier - INFO - Skipping libcommon.so: already exists in database.
2025-06-05 06:46:47,148 - SinkIdentifier - INFO - Skipping libChipApi.so: already exists in database.
2025-06-05 06:46:47,148 - SinkIdentifier - INFO - Skipping libvos_util.so: already exists in database.
2025-06-05 06:46:47,149 - SinkIdentifier - INFO - Skipping libpthread.so.0: already exists in database.
2025-06-05 06:46:47,149 - SinkIdentifier - INFO - Skipping libtpi.so: already exists in database.
2025-06-05 06:46:47,149 - SinkIdentifier - INFO - Skipping libm.so.0: already exists in database.
2025-06-05 06:46:47,149 - SinkIdentifier - INFO - Skipping libucapi.so: already exists in database.
2025-06-05 06:46:47,149 - SinkIdentifier - INFO - Skipping libgcc_s.so.1: already exists in database.
2025-06-05 06:46:48,022 - SinkIdentifier - INFO - [libvos_util.so] Loaded successfully with 0 items.
2025-06-05 06:46:48,023 - SinkIdentifier - INFO - [libChipApi.so] Loaded successfully with 1 items.
2025-06-05 06:46:48,023 - SinkIdentifier - INFO - [libCfm.so] Loaded successfully with 0 items.
2025-06-05 06:46:48,024 - SinkIdentifier - INFO - [libcommon.so] Loaded successfully with 8 items.
2025-06-05 06:46:48,024 - SinkIdentifier - INFO - [libpthread.so.0] Loaded successfully with 0 items.
2025-06-05 06:46:48,024 - SinkIdentifier - INFO - [libm.so.0] Loaded successfully with 0 items.
2025-06-05 06:46:48,025 - SinkIdentifier - INFO - [libucapi.so] Loaded successfully with 0 items.
2025-06-05 06:46:48,025 - SinkIdentifier - INFO - [libtpi.so] Loaded successfully with 0 items.
2025-06-05 06:46:48,025 - SinkIdentifier - INFO - [libgcc_s.so.1] Loaded successfully with 0 items.
2025-06-05 06:47:03,797 - SinkIdentifier - INFO - libvos_util.so: 0 items loaded.
2025-06-05 06:47:03,798 - SinkIdentifier - INFO - libChipApi.so: 1 items loaded.
2025-06-05 06:47:03,798 - SinkIdentifier - INFO - libCfm.so: 0 items loaded.
2025-06-05 06:47:03,798 - SinkIdentifier - INFO - libcommon.so: 8 items loaded.
2025-06-05 06:47:03,798 - SinkIdentifier - INFO - libpthread.so.0: 0 items loaded.
2025-06-05 06:47:03,798 - SinkIdentifier - INFO - libm.so.0: 0 items loaded.
2025-06-05 06:47:03,799 - SinkIdentifier - INFO - libucapi.so: 0 items loaded.
2025-06-05 06:47:03,799 - SinkIdentifier - INFO - libtpi.so: 0 items loaded.
2025-06-05 06:47:03,799 - SinkIdentifier - INFO - libgcc_s.so.1: 0 items loaded.
2025-06-05 07:36:30,121 - SinkIdentifier - INFO - Skipping libCfm.so: already exists in database.
2025-06-05 07:36:30,121 - SinkIdentifier - INFO - Skipping libcommon.so: already exists in database.
2025-06-05 07:36:30,122 - SinkIdentifier - INFO - Skipping libChipApi.so: already exists in database.
2025-06-05 07:36:30,122 - SinkIdentifier - INFO - Skipping libvos_util.so: already exists in database.
2025-06-05 07:36:30,122 - SinkIdentifier - INFO - Skipping libpthread.so.0: already exists in database.
2025-06-05 07:36:30,122 - SinkIdentifier - INFO - Skipping libtpi.so: already exists in database.
2025-06-05 07:36:30,122 - SinkIdentifier - INFO - Skipping libm.so.0: already exists in database.
2025-06-05 07:36:30,122 - SinkIdentifier - INFO - Skipping libucapi.so: already exists in database.
2025-06-05 07:36:30,123 - SinkIdentifier - INFO - Skipping libgcc_s.so.1: already exists in database.
2025-06-05 07:36:30,957 - SinkIdentifier - INFO - [libvos_util.so] Loaded successfully with 0 items.
2025-06-05 07:36:30,957 - SinkIdentifier - INFO - [libChipApi.so] Loaded successfully with 1 items.
2025-06-05 07:36:30,957 - SinkIdentifier - INFO - [libCfm.so] Loaded successfully with 0 items.
2025-06-05 07:36:30,958 - SinkIdentifier - INFO - [libcommon.so] Loaded successfully with 8 items.
2025-06-05 07:36:30,958 - SinkIdentifier - INFO - [libpthread.so.0] Loaded successfully with 0 items.
2025-06-05 07:36:30,958 - SinkIdentifier - INFO - [libm.so.0] Loaded successfully with 0 items.
2025-06-05 07:36:30,958 - SinkIdentifier - INFO - [libucapi.so] Loaded successfully with 0 items.
2025-06-05 07:36:30,959 - SinkIdentifier - INFO - [libtpi.so] Loaded successfully with 0 items.
2025-06-05 07:36:30,959 - SinkIdentifier - INFO - [libgcc_s.so.1] Loaded successfully with 0 items.
2025-06-05 07:36:46,307 - SinkIdentifier - INFO - libvos_util.so: 0 items loaded.
2025-06-05 07:36:46,307 - SinkIdentifier - INFO - libChipApi.so: 1 items loaded.
2025-06-05 07:36:46,308 - SinkIdentifier - INFO - libCfm.so: 0 items loaded.
2025-06-05 07:36:46,308 - SinkIdentifier - INFO - libcommon.so: 8 items loaded.
2025-06-05 07:36:46,308 - SinkIdentifier - INFO - libpthread.so.0: 0 items loaded.
2025-06-05 07:36:46,309 - SinkIdentifier - INFO - libm.so.0: 0 items loaded.
2025-06-05 07:36:46,309 - SinkIdentifier - INFO - libucapi.so: 0 items loaded.
2025-06-05 07:36:46,310 - SinkIdentifier - INFO - libtpi.so: 0 items loaded.
2025-06-05 07:36:46,310 - SinkIdentifier - INFO - libgcc_s.so.1: 0 items loaded.
2025-06-05 09:07:12,570 - SinkIdentifier - INFO - Skipping libCfm.so: already exists in database.
2025-06-05 09:07:12,571 - SinkIdentifier - INFO - Skipping libcommon.so: already exists in database.
2025-06-05 09:07:12,571 - SinkIdentifier - INFO - Skipping libChipApi.so: already exists in database.
2025-06-05 09:07:12,571 - SinkIdentifier - INFO - Skipping libvos_util.so: already exists in database.
2025-06-05 09:07:12,572 - SinkIdentifier - INFO - Skipping libpthread.so.0: already exists in database.
2025-06-05 09:07:12,572 - SinkIdentifier - INFO - Skipping libtpi.so: already exists in database.
2025-06-05 09:07:12,572 - SinkIdentifier - INFO - Skipping libm.so.0: already exists in database.
2025-06-05 09:07:12,572 - SinkIdentifier - INFO - Skipping libucapi.so: already exists in database.
2025-06-05 09:07:12,572 - SinkIdentifier - INFO - Skipping libgcc_s.so.1: already exists in database.
2025-06-05 09:07:13,189 - SinkIdentifier - INFO - [libvos_util.so] Loaded successfully with 0 items.
2025-06-05 09:07:13,189 - SinkIdentifier - INFO - [libChipApi.so] Loaded successfully with 1 items.
2025-06-05 09:07:13,190 - SinkIdentifier - INFO - [libCfm.so] Loaded successfully with 0 items.
2025-06-05 09:07:13,190 - SinkIdentifier - INFO - [libcommon.so] Loaded successfully with 8 items.
2025-06-05 09:07:13,190 - SinkIdentifier - INFO - [libpthread.so.0] Loaded successfully with 0 items.
2025-06-05 09:07:13,190 - SinkIdentifier - INFO - [libm.so.0] Loaded successfully with 0 items.
2025-06-05 09:07:13,190 - SinkIdentifier - INFO - [libucapi.so] Loaded successfully with 0 items.
2025-06-05 09:07:13,191 - SinkIdentifier - INFO - [libtpi.so] Loaded successfully with 0 items.
2025-06-05 09:07:13,191 - SinkIdentifier - INFO - [libgcc_s.so.1] Loaded successfully with 0 items.
2025-06-05 09:08:14,250 - SinkIdentifier - INFO - Skipping libCfm.so: already exists in database.
2025-06-05 09:08:14,251 - SinkIdentifier - INFO - Skipping libcommon.so: already exists in database.
2025-06-05 09:08:14,251 - SinkIdentifier - INFO - Skipping libChipApi.so: already exists in database.
2025-06-05 09:08:14,251 - SinkIdentifier - INFO - Skipping libvos_util.so: already exists in database.
2025-06-05 09:08:14,251 - SinkIdentifier - INFO - Skipping libpthread.so.0: already exists in database.
2025-06-05 09:08:14,251 - SinkIdentifier - INFO - Skipping libtpi.so: already exists in database.
2025-06-05 09:08:14,251 - SinkIdentifier - INFO - Skipping libm.so.0: already exists in database.
2025-06-05 09:08:14,252 - SinkIdentifier - INFO - Skipping libucapi.so: already exists in database.
2025-06-05 09:08:14,252 - SinkIdentifier - INFO - Skipping libgcc_s.so.1: already exists in database.
2025-06-05 09:08:15,273 - SinkIdentifier - INFO - [libvos_util.so] Loaded successfully with 0 items.
2025-06-05 09:08:15,273 - SinkIdentifier - INFO - [libChipApi.so] Loaded successfully with 1 items.
2025-06-05 09:08:15,274 - SinkIdentifier - INFO - [libCfm.so] Loaded successfully with 0 items.
2025-06-05 09:08:15,274 - SinkIdentifier - INFO - [libcommon.so] Loaded successfully with 8 items.
2025-06-05 09:08:15,274 - SinkIdentifier - INFO - [libpthread.so.0] Loaded successfully with 0 items.
2025-06-05 09:08:15,275 - SinkIdentifier - INFO - [libm.so.0] Loaded successfully with 0 items.
2025-06-05 09:08:15,275 - SinkIdentifier - INFO - [libucapi.so] Loaded successfully with 0 items.
2025-06-05 09:08:15,275 - SinkIdentifier - INFO - [libtpi.so] Loaded successfully with 0 items.
2025-06-05 09:08:15,275 - SinkIdentifier - INFO - [libgcc_s.so.1] Loaded successfully with 0 items.
2025-06-05 09:16:16,635 - SinkIdentifier - INFO - Skipping libCfm.so: already exists in database.
2025-06-05 09:16:16,636 - SinkIdentifier - INFO - Skipping libcommon.so: already exists in database.
2025-06-05 09:16:16,636 - SinkIdentifier - INFO - Skipping libChipApi.so: already exists in database.
2025-06-05 09:16:16,636 - SinkIdentifier - INFO - Skipping libvos_util.so: already exists in database.
2025-06-05 09:16:16,637 - SinkIdentifier - INFO - Skipping libpthread.so.0: already exists in database.
2025-06-05 09:16:16,637 - SinkIdentifier - INFO - Skipping libtpi.so: already exists in database.
2025-06-05 09:16:16,637 - SinkIdentifier - INFO - Skipping libm.so.0: already exists in database.
2025-06-05 09:16:16,637 - SinkIdentifier - INFO - Skipping libucapi.so: already exists in database.
2025-06-05 09:16:16,638 - SinkIdentifier - INFO - Skipping libgcc_s.so.1: already exists in database.
2025-06-05 09:16:17,347 - SinkIdentifier - INFO - [libvos_util.so] Loaded successfully with 0 items.
2025-06-05 09:16:17,348 - SinkIdentifier - INFO - [libChipApi.so] Loaded successfully with 1 items.
2025-06-05 09:16:17,348 - SinkIdentifier - INFO - [libCfm.so] Loaded successfully with 0 items.
2025-06-05 09:16:17,348 - SinkIdentifier - INFO - [libcommon.so] Loaded successfully with 8 items.
2025-06-05 09:16:17,349 - SinkIdentifier - INFO - [libpthread.so.0] Loaded successfully with 0 items.
2025-06-05 09:16:17,349 - SinkIdentifier - INFO - [libm.so.0] Loaded successfully with 0 items.
2025-06-05 09:16:17,349 - SinkIdentifier - INFO - [libucapi.so] Loaded successfully with 0 items.
2025-06-05 09:16:17,349 - SinkIdentifier - INFO - [libtpi.so] Loaded successfully with 0 items.
2025-06-05 09:16:17,349 - SinkIdentifier - INFO - [libgcc_s.so.1] Loaded successfully with 0 items.
2025-06-05 09:16:32,425 - SinkIdentifier - INFO - libvos_util.so: 0 items loaded.
2025-06-05 09:16:32,425 - SinkIdentifier - INFO - libChipApi.so: 1 items loaded.
2025-06-05 09:16:32,426 - SinkIdentifier - INFO - libCfm.so: 0 items loaded.
2025-06-05 09:16:32,426 - SinkIdentifier - INFO - libcommon.so: 8 items loaded.
2025-06-05 09:16:32,426 - SinkIdentifier - INFO - libpthread.so.0: 0 items loaded.
2025-06-05 09:16:32,426 - SinkIdentifier - INFO - libm.so.0: 0 items loaded.
2025-06-05 09:16:32,427 - SinkIdentifier - INFO - libucapi.so: 0 items loaded.
2025-06-05 09:16:32,427 - SinkIdentifier - INFO - libtpi.so: 0 items loaded.
2025-06-05 09:16:32,427 - SinkIdentifier - INFO - libgcc_s.so.1: 0 items loaded.
2025-06-06 00:30:26,288 - SinkIdentifier - INFO - [libvos_util.so] Loaded successfully with 0 items.
2025-06-06 00:30:26,289 - SinkIdentifier - INFO - [libChipApi.so] Loaded successfully with 1 items.
2025-06-06 00:30:26,289 - SinkIdentifier - INFO - [libcommon.so] Loaded successfully with 8 items.
2025-06-06 00:30:26,289 - SinkIdentifier - INFO - [libCfm.so] Loaded successfully with 0 items.
2025-06-06 00:30:26,290 - SinkIdentifier - INFO - [libpthread.so.0] Loaded successfully with 0 items.
2025-06-06 00:30:26,290 - SinkIdentifier - INFO - [libm.so.0] Loaded successfully with 0 items.
2025-06-06 00:30:26,290 - SinkIdentifier - INFO - [libucapi.so] Loaded successfully with 0 items.
2025-06-06 00:30:26,290 - SinkIdentifier - INFO - [libtpi.so] Loaded successfully with 0 items.
2025-06-06 00:30:26,291 - SinkIdentifier - INFO - [libgcc_s.so.1] Loaded successfully with 0 items.
2025-06-06 00:30:48,165 - SinkIdentifier - INFO - libvos_util.so: 0 items loaded.
2025-06-06 00:30:48,166 - SinkIdentifier - INFO - libChipApi.so: 1 items loaded.
2025-06-06 00:30:48,167 - SinkIdentifier - INFO - libcommon.so: 8 items loaded.
2025-06-06 00:30:48,167 - SinkIdentifier - INFO - libCfm.so: 0 items loaded.
2025-06-06 00:30:48,167 - SinkIdentifier - INFO - libpthread.so.0: 0 items loaded.
2025-06-06 00:30:48,168 - SinkIdentifier - INFO - libm.so.0: 0 items loaded.
2025-06-06 00:30:48,168 - SinkIdentifier - INFO - libucapi.so: 0 items loaded.
2025-06-06 00:30:48,168 - SinkIdentifier - INFO - libtpi.so: 0 items loaded.
2025-06-06 00:30:48,168 - SinkIdentifier - INFO - libgcc_s.so.1: 0 items loaded.
2025-06-06 00:33:21,754 - SinkIdentifier - INFO - Skipping libCfm.so: already exists in database.
2025-06-06 00:33:21,755 - SinkIdentifier - INFO - Skipping libcommon.so: already exists in database.
2025-06-06 00:33:21,755 - SinkIdentifier - INFO - Skipping libChipApi.so: already exists in database.
2025-06-06 00:33:21,755 - SinkIdentifier - INFO - Skipping libvos_util.so: already exists in database.
2025-06-06 00:33:21,755 - SinkIdentifier - INFO - Skipping libpthread.so.0: already exists in database.
2025-06-06 00:33:21,755 - SinkIdentifier - INFO - Skipping libtpi.so: already exists in database.
2025-06-06 00:33:21,756 - SinkIdentifier - INFO - Skipping libm.so.0: already exists in database.
2025-06-06 00:33:21,756 - SinkIdentifier - INFO - Skipping libucapi.so: already exists in database.
2025-06-06 00:33:21,756 - SinkIdentifier - INFO - Skipping libgcc_s.so.1: already exists in database.
2025-06-06 00:33:22,570 - SinkIdentifier - INFO - [libvos_util.so] Loaded successfully with 0 items.
2025-06-06 00:33:22,570 - SinkIdentifier - INFO - [libChipApi.so] Loaded successfully with 1 items.
2025-06-06 00:33:22,570 - SinkIdentifier - INFO - [libcommon.so] Loaded successfully with 8 items.
2025-06-06 00:33:22,571 - SinkIdentifier - INFO - [libCfm.so] Loaded successfully with 0 items.
2025-06-06 00:33:22,571 - SinkIdentifier - INFO - [libpthread.so.0] Loaded successfully with 0 items.
2025-06-06 00:33:22,571 - SinkIdentifier - INFO - [libm.so.0] Loaded successfully with 0 items.
2025-06-06 00:33:22,571 - SinkIdentifier - INFO - [libucapi.so] Loaded successfully with 0 items.
2025-06-06 00:33:22,572 - SinkIdentifier - INFO - [libtpi.so] Loaded successfully with 0 items.
2025-06-06 00:33:22,572 - SinkIdentifier - INFO - [libgcc_s.so.1] Loaded successfully with 0 items.
2025-06-06 00:33:36,900 - SinkIdentifier - INFO - libvos_util.so: 0 items loaded.
2025-06-06 00:33:36,901 - SinkIdentifier - INFO - libChipApi.so: 1 items loaded.
2025-06-06 00:33:36,902 - SinkIdentifier - INFO - libcommon.so: 8 items loaded.
2025-06-06 00:33:36,902 - SinkIdentifier - INFO - libCfm.so: 0 items loaded.
2025-06-06 00:33:36,902 - SinkIdentifier - INFO - libpthread.so.0: 0 items loaded.
2025-06-06 00:33:36,902 - SinkIdentifier - INFO - libm.so.0: 0 items loaded.
2025-06-06 00:33:36,903 - SinkIdentifier - INFO - libucapi.so: 0 items loaded.
2025-06-06 00:33:36,903 - SinkIdentifier - INFO - libtpi.so: 0 items loaded.
2025-06-06 00:33:36,904 - SinkIdentifier - INFO - libgcc_s.so.1: 0 items loaded.
2025-06-06 00:36:56,755 - SinkIdentifier - INFO - [libvos_util.so] Loaded successfully with 0 items.
2025-06-06 00:36:56,756 - SinkIdentifier - INFO - [libChipApi.so] Loaded successfully with 1 items.
2025-06-06 00:36:56,756 - SinkIdentifier - INFO - [libCfm.so] Loaded successfully with 0 items.
2025-06-06 00:36:56,756 - SinkIdentifier - INFO - [libcommon.so] Loaded successfully with 8 items.
2025-06-06 00:36:56,757 - SinkIdentifier - INFO - [libpthread.so.0] Loaded successfully with 0 items.
2025-06-06 00:36:56,757 - SinkIdentifier - INFO - [libm.so.0] Loaded successfully with 0 items.
2025-06-06 00:36:56,757 - SinkIdentifier - INFO - [libucapi.so] Loaded successfully with 0 items.
2025-06-06 00:36:56,758 - SinkIdentifier - INFO - [libtpi.so] Loaded successfully with 0 items.
2025-06-06 00:36:56,758 - SinkIdentifier - INFO - [libgcc_s.so.1] Loaded successfully with 0 items.
2025-06-06 00:37:11,618 - SinkIdentifier - INFO - libvos_util.so: 0 items loaded.
2025-06-06 00:37:11,618 - SinkIdentifier - INFO - libChipApi.so: 1 items loaded.
2025-06-06 00:37:11,618 - SinkIdentifier - INFO - libCfm.so: 0 items loaded.
2025-06-06 00:37:11,618 - SinkIdentifier - INFO - libcommon.so: 8 items loaded.
2025-06-06 00:37:11,619 - SinkIdentifier - INFO - libpthread.so.0: 0 items loaded.
2025-06-06 00:37:11,619 - SinkIdentifier - INFO - libm.so.0: 0 items loaded.
2025-06-06 00:37:11,619 - SinkIdentifier - INFO - libucapi.so: 0 items loaded.
2025-06-06 00:37:11,619 - SinkIdentifier - INFO - libtpi.so: 0 items loaded.
2025-06-06 00:37:11,619 - SinkIdentifier - INFO - libgcc_s.so.1: 0 items loaded.
2025-06-06 08:17:10,447 - SinkIdentifier - INFO - [libvos_util.so] Loaded successfully with 0 items.
2025-06-06 08:17:10,448 - SinkIdentifier - INFO - [libChipApi.so] Loaded successfully with 1 items.
2025-06-06 08:17:10,448 - SinkIdentifier - INFO - [libCfm.so] Loaded successfully with 0 items.
2025-06-06 08:17:10,449 - SinkIdentifier - INFO - [libcommon.so] Loaded successfully with 8 items.
2025-06-06 08:17:10,449 - SinkIdentifier - INFO - [libpthread.so.0] Loaded successfully with 0 items.
2025-06-06 08:17:10,449 - SinkIdentifier - INFO - [libm.so.0] Loaded successfully with 0 items.
2025-06-06 08:17:10,450 - SinkIdentifier - INFO - [libucapi.so] Loaded successfully with 0 items.
2025-06-06 08:17:10,450 - SinkIdentifier - INFO - [libtpi.so] Loaded successfully with 0 items.
2025-06-06 08:17:10,450 - SinkIdentifier - INFO - [libgcc_s.so.1] Loaded successfully with 0 items.
2025-06-06 08:17:25,749 - SinkIdentifier - INFO - libvos_util.so: 0 items loaded.
2025-06-06 08:17:25,750 - SinkIdentifier - INFO - libChipApi.so: 1 items loaded.
2025-06-06 08:17:25,750 - SinkIdentifier - INFO - libCfm.so: 0 items loaded.
2025-06-06 08:17:25,750 - SinkIdentifier - INFO - libcommon.so: 8 items loaded.
2025-06-06 08:17:25,750 - SinkIdentifier - INFO - libpthread.so.0: 0 items loaded.
2025-06-06 08:17:25,750 - SinkIdentifier - INFO - libm.so.0: 0 items loaded.
2025-06-06 08:17:25,751 - SinkIdentifier - INFO - libucapi.so: 0 items loaded.
2025-06-06 08:17:25,751 - SinkIdentifier - INFO - libtpi.so: 0 items loaded.
2025-06-06 08:17:25,751 - SinkIdentifier - INFO - libgcc_s.so.1: 0 items loaded.
2025-06-06 08:17:59,126 - SinkIdentifier - INFO - Skipping libCfm.so: already exists in database.
2025-06-06 08:17:59,127 - SinkIdentifier - INFO - Skipping libcommon.so: already exists in database.
2025-06-06 08:17:59,127 - SinkIdentifier - INFO - Skipping libChipApi.so: already exists in database.
2025-06-06 08:17:59,127 - SinkIdentifier - INFO - Skipping libvos_util.so: already exists in database.
2025-06-06 08:17:59,127 - SinkIdentifier - INFO - Skipping libpthread.so.0: already exists in database.
2025-06-06 08:17:59,127 - SinkIdentifier - INFO - Skipping libtpi.so: already exists in database.
2025-06-06 08:17:59,127 - SinkIdentifier - INFO - Skipping libm.so.0: already exists in database.
2025-06-06 08:17:59,127 - SinkIdentifier - INFO - Skipping libucapi.so: already exists in database.
2025-06-06 08:17:59,128 - SinkIdentifier - INFO - Skipping libgcc_s.so.1: already exists in database.
2025-06-06 08:17:59,728 - SinkIdentifier - INFO - [libvos_util.so] Loaded successfully with 0 items.
2025-06-06 08:17:59,728 - SinkIdentifier - INFO - [libChipApi.so] Loaded successfully with 1 items.
2025-06-06 08:17:59,729 - SinkIdentifier - INFO - [libCfm.so] Loaded successfully with 0 items.
2025-06-06 08:17:59,729 - SinkIdentifier - INFO - [libcommon.so] Loaded successfully with 8 items.
2025-06-06 08:17:59,730 - SinkIdentifier - INFO - [libpthread.so.0] Loaded successfully with 0 items.
2025-06-06 08:17:59,730 - SinkIdentifier - INFO - [libm.so.0] Loaded successfully with 0 items.
2025-06-06 08:17:59,730 - SinkIdentifier - INFO - [libucapi.so] Loaded successfully with 0 items.
2025-06-06 08:17:59,730 - SinkIdentifier - INFO - [libtpi.so] Loaded successfully with 0 items.
2025-06-06 08:17:59,730 - SinkIdentifier - INFO - [libgcc_s.so.1] Loaded successfully with 0 items.
2025-06-06 08:18:13,738 - SinkIdentifier - INFO - libvos_util.so: 0 items loaded.
2025-06-06 08:18:13,739 - SinkIdentifier - INFO - libChipApi.so: 1 items loaded.
2025-06-06 08:18:13,739 - SinkIdentifier - INFO - libCfm.so: 0 items loaded.
2025-06-06 08:18:13,739 - SinkIdentifier - INFO - libcommon.so: 8 items loaded.
2025-06-06 08:18:13,739 - SinkIdentifier - INFO - libpthread.so.0: 0 items loaded.
2025-06-06 08:18:13,740 - SinkIdentifier - INFO - libm.so.0: 0 items loaded.
2025-06-06 08:18:13,740 - SinkIdentifier - INFO - libucapi.so: 0 items loaded.
2025-06-06 08:18:13,740 - SinkIdentifier - INFO - libtpi.so: 0 items loaded.
2025-06-06 08:18:13,740 - SinkIdentifier - INFO - libgcc_s.so.1: 0 items loaded.
2025-06-06 08:23:14,673 - SinkIdentifier - INFO - Skipping libCfm.so: already exists in database.
2025-06-06 08:23:14,673 - SinkIdentifier - INFO - Skipping libcommon.so: already exists in database.
2025-06-06 08:23:14,673 - SinkIdentifier - INFO - Skipping libChipApi.so: already exists in database.
2025-06-06 08:23:14,673 - SinkIdentifier - INFO - Skipping libvos_util.so: already exists in database.
2025-06-06 08:23:14,673 - SinkIdentifier - INFO - Skipping libpthread.so.0: already exists in database.
2025-06-06 08:23:14,674 - SinkIdentifier - INFO - Skipping libtpi.so: already exists in database.
2025-06-06 08:23:14,674 - SinkIdentifier - INFO - Skipping libm.so.0: already exists in database.
2025-06-06 08:23:14,674 - SinkIdentifier - INFO - Skipping libucapi.so: already exists in database.
2025-06-06 08:23:14,674 - SinkIdentifier - INFO - Skipping libgcc_s.so.1: already exists in database.
2025-06-06 08:23:15,238 - SinkIdentifier - INFO - [libvos_util.so] Loaded successfully with 0 items.
2025-06-06 08:23:15,239 - SinkIdentifier - INFO - [libChipApi.so] Loaded successfully with 1 items.
2025-06-06 08:23:15,239 - SinkIdentifier - INFO - [libCfm.so] Loaded successfully with 0 items.
2025-06-06 08:23:15,239 - SinkIdentifier - INFO - [libcommon.so] Loaded successfully with 8 items.
2025-06-06 08:23:15,240 - SinkIdentifier - INFO - [libpthread.so.0] Loaded successfully with 0 items.
2025-06-06 08:23:15,240 - SinkIdentifier - INFO - [libm.so.0] Loaded successfully with 0 items.
2025-06-06 08:23:15,240 - SinkIdentifier - INFO - [libucapi.so] Loaded successfully with 0 items.
2025-06-06 08:23:15,240 - SinkIdentifier - INFO - [libtpi.so] Loaded successfully with 0 items.
2025-06-06 08:23:15,240 - SinkIdentifier - INFO - [libgcc_s.so.1] Loaded successfully with 0 items.
2025-06-06 08:23:29,510 - SinkIdentifier - INFO - libvos_util.so: 0 items loaded.
2025-06-06 08:23:29,510 - SinkIdentifier - INFO - libChipApi.so: 1 items loaded.
2025-06-06 08:23:29,510 - SinkIdentifier - INFO - libCfm.so: 0 items loaded.
2025-06-06 08:23:29,511 - SinkIdentifier - INFO - libcommon.so: 8 items loaded.
2025-06-06 08:23:29,511 - SinkIdentifier - INFO - libpthread.so.0: 0 items loaded.
2025-06-06 08:23:29,511 - SinkIdentifier - INFO - libm.so.0: 0 items loaded.
2025-06-06 08:23:29,511 - SinkIdentifier - INFO - libucapi.so: 0 items loaded.
2025-06-06 08:23:29,512 - SinkIdentifier - INFO - libtpi.so: 0 items loaded.
2025-06-06 08:23:29,512 - SinkIdentifier - INFO - libgcc_s.so.1: 0 items loaded.
2025-06-06 08:34:41,301 - SinkIdentifier - INFO - Skipping libCfm.so: already exists in database.
2025-06-06 08:34:41,302 - SinkIdentifier - INFO - Skipping libcommon.so: already exists in database.
2025-06-06 08:34:41,302 - SinkIdentifier - INFO - Skipping libChipApi.so: already exists in database.
2025-06-06 08:34:41,302 - SinkIdentifier - INFO - Skipping libvos_util.so: already exists in database.
2025-06-06 08:34:41,302 - SinkIdentifier - INFO - Skipping libpthread.so.0: already exists in database.
2025-06-06 08:34:41,303 - SinkIdentifier - INFO - Skipping libtpi.so: already exists in database.
2025-06-06 08:34:41,303 - SinkIdentifier - INFO - Skipping libm.so.0: already exists in database.
2025-06-06 08:34:41,303 - SinkIdentifier - INFO - Skipping libucapi.so: already exists in database.
2025-06-06 08:34:41,303 - SinkIdentifier - INFO - Skipping libgcc_s.so.1: already exists in database.
2025-06-06 08:34:42,130 - SinkIdentifier - INFO - [libvos_util.so] Loaded successfully with 0 items.
2025-06-06 08:34:42,130 - SinkIdentifier - INFO - [libChipApi.so] Loaded successfully with 1 items.
2025-06-06 08:34:42,130 - SinkIdentifier - INFO - [libCfm.so] Loaded successfully with 0 items.
2025-06-06 08:34:42,131 - SinkIdentifier - INFO - [libcommon.so] Loaded successfully with 8 items.
2025-06-06 08:34:42,131 - SinkIdentifier - INFO - [libpthread.so.0] Loaded successfully with 0 items.
2025-06-06 08:34:42,131 - SinkIdentifier - INFO - [libm.so.0] Loaded successfully with 0 items.
2025-06-06 08:34:42,131 - SinkIdentifier - INFO - [libucapi.so] Loaded successfully with 0 items.
2025-06-06 08:34:42,132 - SinkIdentifier - INFO - [libtpi.so] Loaded successfully with 0 items.
2025-06-06 08:34:42,132 - SinkIdentifier - INFO - [libgcc_s.so.1] Loaded successfully with 0 items.
2025-06-06 08:34:56,216 - SinkIdentifier - INFO - libvos_util.so: 0 items loaded.
2025-06-06 08:34:56,217 - SinkIdentifier - INFO - libChipApi.so: 1 items loaded.
2025-06-06 08:34:56,217 - SinkIdentifier - INFO - libCfm.so: 0 items loaded.
2025-06-06 08:34:56,217 - SinkIdentifier - INFO - libcommon.so: 8 items loaded.
2025-06-06 08:34:56,218 - SinkIdentifier - INFO - libpthread.so.0: 0 items loaded.
2025-06-06 08:34:56,218 - SinkIdentifier - INFO - libm.so.0: 0 items loaded.
2025-06-06 08:34:56,218 - SinkIdentifier - INFO - libucapi.so: 0 items loaded.
2025-06-06 08:34:56,218 - SinkIdentifier - INFO - libtpi.so: 0 items loaded.
2025-06-06 08:34:56,218 - SinkIdentifier - INFO - libgcc_s.so.1: 0 items loaded.
2025-06-06 08:48:58,552 - SinkIdentifier - INFO - [libvos_util.so] Loaded successfully with 0 items.
2025-06-06 08:48:58,553 - SinkIdentifier - INFO - [libChipApi.so] Loaded successfully with 1 items.
2025-06-06 08:48:58,553 - SinkIdentifier - INFO - [libCfm.so] Loaded successfully with 0 items.
2025-06-06 08:48:58,553 - SinkIdentifier - INFO - [libcommon.so] Loaded successfully with 8 items.
2025-06-06 08:48:58,554 - SinkIdentifier - INFO - [libpthread.so.0] Loaded successfully with 0 items.
2025-06-06 08:48:58,554 - SinkIdentifier - INFO - [libm.so.0] Loaded successfully with 0 items.
2025-06-06 08:48:58,554 - SinkIdentifier - INFO - [libucapi.so] Loaded successfully with 0 items.
2025-06-06 08:48:58,554 - SinkIdentifier - INFO - [libtpi.so] Loaded successfully with 0 items.
2025-06-06 08:48:58,554 - SinkIdentifier - INFO - [libgcc_s.so.1] Loaded successfully with 0 items.
2025-06-06 08:49:12,432 - SinkIdentifier - INFO - libvos_util.so: 0 items loaded.
2025-06-06 08:49:12,433 - SinkIdentifier - INFO - libChipApi.so: 1 items loaded.
2025-06-06 08:49:12,433 - SinkIdentifier - INFO - libCfm.so: 0 items loaded.
2025-06-06 08:49:12,433 - SinkIdentifier - INFO - libcommon.so: 8 items loaded.
2025-06-06 08:49:12,433 - SinkIdentifier - INFO - libpthread.so.0: 0 items loaded.
2025-06-06 08:49:12,433 - SinkIdentifier - INFO - libm.so.0: 0 items loaded.
2025-06-06 08:49:12,433 - SinkIdentifier - INFO - libucapi.so: 0 items loaded.
2025-06-06 08:49:12,434 - SinkIdentifier - INFO - libtpi.so: 0 items loaded.
2025-06-06 08:49:12,434 - SinkIdentifier - INFO - libgcc_s.so.1: 0 items loaded.
2025-06-12 10:01:29,391 - SinkIdentifier - INFO - [libvos_util.so] Loaded successfully with 0 items.
2025-06-12 10:01:29,392 - SinkIdentifier - INFO - [libCfm.so] Loaded successfully with 0 items.
2025-06-12 10:01:29,392 - SinkIdentifier - INFO - [libChipApi.so] Loaded successfully with 1 items.
2025-06-12 10:01:29,393 - SinkIdentifier - INFO - [libcommon.so] Loaded successfully with 8 items.
2025-06-12 10:01:29,393 - SinkIdentifier - INFO - [libpthread.so.0] Loaded successfully with 0 items.
2025-06-12 10:01:29,393 - SinkIdentifier - INFO - [libm.so.0] Loaded successfully with 0 items.
2025-06-12 10:01:29,393 - SinkIdentifier - INFO - [libucapi.so] Loaded successfully with 0 items.
2025-06-12 10:01:29,394 - SinkIdentifier - INFO - [libtpi.so] Loaded successfully with 0 items.
2025-06-12 10:01:29,394 - SinkIdentifier - INFO - [libgcc_s.so.1] Loaded successfully with 0 items.
2025-06-12 10:08:04,591 - SinkIdentifier - INFO - Skipping libCfm.so: already exists in database.
2025-06-12 10:08:04,592 - SinkIdentifier - INFO - Skipping libcommon.so: already exists in database.
2025-06-12 10:08:04,592 - SinkIdentifier - INFO - Skipping libChipApi.so: already exists in database.
2025-06-12 10:08:04,592 - SinkIdentifier - INFO - Skipping libvos_util.so: already exists in database.
2025-06-12 10:08:04,592 - SinkIdentifier - INFO - Skipping libpthread.so.0: already exists in database.
2025-06-12 10:08:04,592 - SinkIdentifier - INFO - Skipping libtpi.so: already exists in database.
2025-06-12 10:08:04,593 - SinkIdentifier - INFO - Skipping libm.so.0: already exists in database.
2025-06-12 10:08:04,593 - SinkIdentifier - INFO - Skipping libucapi.so: already exists in database.
2025-06-12 10:08:04,593 - SinkIdentifier - INFO - Skipping libgcc_s.so.1: already exists in database.
2025-06-12 10:08:05,325 - SinkIdentifier - INFO - [libvos_util.so] Loaded successfully with 0 items.
2025-06-12 10:08:05,326 - SinkIdentifier - INFO - [libCfm.so] Loaded successfully with 0 items.
2025-06-12 10:08:05,326 - SinkIdentifier - INFO - [libChipApi.so] Loaded successfully with 1 items.
2025-06-12 10:08:05,327 - SinkIdentifier - INFO - [libcommon.so] Loaded successfully with 8 items.
2025-06-12 10:08:05,327 - SinkIdentifier - INFO - [libpthread.so.0] Loaded successfully with 0 items.
2025-06-12 10:08:05,327 - SinkIdentifier - INFO - [libm.so.0] Loaded successfully with 0 items.
2025-06-12 10:08:05,327 - SinkIdentifier - INFO - [libucapi.so] Loaded successfully with 0 items.
2025-06-12 10:08:05,327 - SinkIdentifier - INFO - [libtpi.so] Loaded successfully with 0 items.
2025-06-12 10:08:05,328 - SinkIdentifier - INFO - [libgcc_s.so.1] Loaded successfully with 0 items.
2025-06-12 10:08:25,327 - SinkIdentifier - INFO - libvos_util.so: 0 items loaded.
2025-06-12 10:08:25,327 - SinkIdentifier - INFO - libCfm.so: 0 items loaded.
2025-06-12 10:08:25,327 - SinkIdentifier - INFO - libChipApi.so: 1 items loaded.
2025-06-12 10:08:25,328 - SinkIdentifier - INFO - libcommon.so: 8 items loaded.
2025-06-12 10:08:25,328 - SinkIdentifier - INFO - libpthread.so.0: 0 items loaded.
2025-06-12 10:08:25,328 - SinkIdentifier - INFO - libm.so.0: 0 items loaded.
2025-06-12 10:08:25,328 - SinkIdentifier - INFO - libucapi.so: 0 items loaded.
2025-06-12 10:08:25,328 - SinkIdentifier - INFO - libtpi.so: 0 items loaded.
2025-06-12 10:08:25,329 - SinkIdentifier - INFO - libgcc_s.so.1: 0 items loaded.
2025-06-12 22:18:50,598 - SinkIdentifier - INFO - [libvos_util.so] Loaded successfully with 0 items.
2025-06-12 22:18:50,598 - SinkIdentifier - INFO - [libChipApi.so] Loaded successfully with 1 items.
2025-06-12 22:18:50,599 - SinkIdentifier - INFO - [libcommon.so] Loaded successfully with 8 items.
2025-06-12 22:18:50,599 - SinkIdentifier - INFO - [libCfm.so] Loaded successfully with 0 items.
2025-06-12 22:18:50,600 - SinkIdentifier - INFO - [libpthread.so.0] Loaded successfully with 0 items.
2025-06-12 22:18:50,600 - SinkIdentifier - INFO - [libm.so.0] Loaded successfully with 0 items.
2025-06-12 22:18:50,600 - SinkIdentifier - INFO - [libtpi.so] Loaded successfully with 0 items.
2025-06-12 22:18:50,600 - SinkIdentifier - INFO - [libucapi.so] Loaded successfully with 0 items.
2025-06-12 22:18:50,601 - SinkIdentifier - INFO - [libgcc_s.so.1] Loaded successfully with 0 items.
2025-06-12 22:19:17,753 - SinkIdentifier - INFO - libvos_util.so: 0 items loaded.
2025-06-12 22:19:17,754 - SinkIdentifier - INFO - libChipApi.so: 1 items loaded.
2025-06-12 22:19:17,754 - SinkIdentifier - INFO - libcommon.so: 8 items loaded.
2025-06-12 22:19:17,754 - SinkIdentifier - INFO - libCfm.so: 0 items loaded.
2025-06-12 22:19:17,755 - SinkIdentifier - INFO - libpthread.so.0: 0 items loaded.
2025-06-12 22:19:17,755 - SinkIdentifier - INFO - libm.so.0: 0 items loaded.
2025-06-12 22:19:17,755 - SinkIdentifier - INFO - libtpi.so: 0 items loaded.
2025-06-12 22:19:17,755 - SinkIdentifier - INFO - libucapi.so: 0 items loaded.
2025-06-12 22:19:17,756 - SinkIdentifier - INFO - libgcc_s.so.1: 0 items loaded.
2025-06-12 22:21:46,728 - SinkIdentifier - INFO - Skipping libCfm.so: already exists in database.
2025-06-12 22:21:46,728 - SinkIdentifier - INFO - Skipping libcommon.so: already exists in database.
2025-06-12 22:21:46,729 - SinkIdentifier - INFO - Skipping libChipApi.so: already exists in database.
2025-06-12 22:21:46,729 - SinkIdentifier - INFO - Skipping libvos_util.so: already exists in database.
2025-06-12 22:21:46,729 - SinkIdentifier - INFO - Skipping libpthread.so.0: already exists in database.
2025-06-12 22:21:46,729 - SinkIdentifier - INFO - Skipping libtpi.so: already exists in database.
2025-06-12 22:21:46,730 - SinkIdentifier - INFO - Skipping libm.so.0: already exists in database.
2025-06-12 22:21:46,730 - SinkIdentifier - INFO - Skipping libucapi.so: already exists in database.
2025-06-12 22:21:46,730 - SinkIdentifier - INFO - Skipping libgcc_s.so.1: already exists in database.
2025-06-12 22:21:48,696 - SinkIdentifier - INFO - [libvos_util.so] Loaded successfully with 0 items.
2025-06-12 22:21:48,696 - SinkIdentifier - INFO - [libChipApi.so] Loaded successfully with 1 items.
2025-06-12 22:21:48,697 - SinkIdentifier - INFO - [libcommon.so] Loaded successfully with 8 items.
2025-06-12 22:21:48,697 - SinkIdentifier - INFO - [libCfm.so] Loaded successfully with 0 items.
2025-06-12 22:21:48,697 - SinkIdentifier - INFO - [libpthread.so.0] Loaded successfully with 0 items.
2025-06-12 22:21:48,698 - SinkIdentifier - INFO - [libm.so.0] Loaded successfully with 0 items.
2025-06-12 22:21:48,698 - SinkIdentifier - INFO - [libtpi.so] Loaded successfully with 0 items.
2025-06-12 22:21:48,698 - SinkIdentifier - INFO - [libucapi.so] Loaded successfully with 0 items.
2025-06-12 22:21:48,698 - SinkIdentifier - INFO - [libgcc_s.so.1] Loaded successfully with 0 items.
2025-06-12 22:22:13,359 - SinkIdentifier - INFO - libvos_util.so: 0 items loaded.
2025-06-12 22:22:13,360 - SinkIdentifier - INFO - libChipApi.so: 1 items loaded.
2025-06-12 22:22:13,360 - SinkIdentifier - INFO - libcommon.so: 8 items loaded.
2025-06-12 22:22:13,360 - SinkIdentifier - INFO - libCfm.so: 0 items loaded.
2025-06-12 22:22:13,362 - SinkIdentifier - INFO - libpthread.so.0: 0 items loaded.
2025-06-12 22:22:13,363 - SinkIdentifier - INFO - libm.so.0: 0 items loaded.
2025-06-12 22:22:13,363 - SinkIdentifier - INFO - libtpi.so: 0 items loaded.
2025-06-12 22:22:13,363 - SinkIdentifier - INFO - libucapi.so: 0 items loaded.
2025-06-12 22:22:13,363 - SinkIdentifier - INFO - libgcc_s.so.1: 0 items loaded.
2025-06-14 03:27:12,592 - SinkIdentifier - ERROR - sqlite error
2025-06-14 03:29:31,084 - SinkIdentifier - INFO - [libChipApi.so] Loaded successfully with 1 items.
2025-06-14 03:29:31,084 - SinkIdentifier - INFO - [libvos_util.so] Loaded successfully with 0 items.
2025-06-14 03:29:31,086 - SinkIdentifier - INFO - [libcommon.so] Loaded successfully with 8 items.
2025-06-14 03:29:31,087 - SinkIdentifier - INFO - [libCfm.so] Loaded successfully with 0 items.
2025-06-14 03:29:31,088 - SinkIdentifier - INFO - [libpthread.so.0] Loaded successfully with 0 items.
2025-06-14 03:29:31,088 - SinkIdentifier - INFO - [libm.so.0] Loaded successfully with 0 items.
2025-06-14 03:29:31,088 - SinkIdentifier - INFO - [libtpi.so] Loaded successfully with 0 items.
2025-06-14 03:29:31,089 - SinkIdentifier - INFO - [libucapi.so] Loaded successfully with 0 items.
2025-06-14 03:29:31,089 - SinkIdentifier - INFO - [libgcc_s.so.1] Loaded successfully with 0 items.
2025-06-14 03:29:59,197 - SinkIdentifier - INFO - libChipApi.so: 1 items loaded.
2025-06-14 03:29:59,198 - SinkIdentifier - INFO - libvos_util.so: 0 items loaded.
2025-06-14 03:29:59,198 - SinkIdentifier - INFO - libcommon.so: 8 items loaded.
2025-06-14 03:29:59,198 - SinkIdentifier - INFO - libCfm.so: 0 items loaded.
2025-06-14 03:29:59,198 - SinkIdentifier - INFO - libpthread.so.0: 0 items loaded.
2025-06-14 03:29:59,198 - SinkIdentifier - INFO - libm.so.0: 0 items loaded.
2025-06-14 03:29:59,198 - SinkIdentifier - INFO - libtpi.so: 0 items loaded.
2025-06-14 03:29:59,198 - SinkIdentifier - INFO - libucapi.so: 0 items loaded.
2025-06-14 03:29:59,199 - SinkIdentifier - INFO - libgcc_s.so.1: 0 items loaded.
2025-06-14 03:35:10,952 - SinkIdentifier - ERROR - sqlite error
2025-06-14 03:35:27,981 - SinkIdentifier - ERROR - sqlite error
2025-06-14 03:36:09,287 - SinkIdentifier - ERROR - sqlite error
2025-06-14 03:42:32,596 - SinkIdentifier - ERROR - sqlite error
2025-06-14 08:25:21,472 - SinkIdentifier - INFO - Skipping libCfm.so: already exists in database.
2025-06-14 08:25:21,472 - SinkIdentifier - INFO - Skipping libcommon.so: already exists in database.
2025-06-14 08:25:21,472 - SinkIdentifier - INFO - Skipping libChipApi.so: already exists in database.
2025-06-14 08:25:21,472 - SinkIdentifier - INFO - Skipping libvos_util.so: already exists in database.
2025-06-14 08:25:21,473 - SinkIdentifier - INFO - Skipping libpthread.so.0: already exists in database.
2025-06-14 08:29:47,182 - SinkIdentifier - INFO - Skipping libCfm.so: already exists in database.
2025-06-14 08:29:47,182 - SinkIdentifier - INFO - Skipping libcommon.so: already exists in database.
2025-06-14 08:29:47,183 - SinkIdentifier - INFO - Skipping libChipApi.so: already exists in database.
2025-06-14 08:29:47,183 - SinkIdentifier - INFO - Skipping libvos_util.so: already exists in database.
2025-06-14 08:29:47,183 - SinkIdentifier - INFO - Skipping libpthread.so.0: already exists in database.
2025-06-14 08:30:12,970 - SinkIdentifier - INFO - [libvos_util.so] Loaded successfully with 0 items.
2025-06-14 08:30:12,971 - SinkIdentifier - INFO - [libChipApi.so] Loaded successfully with 1 items.
2025-06-14 08:30:12,971 - SinkIdentifier - INFO - [libcommon.so] Loaded successfully with 8 items.
2025-06-14 08:30:12,971 - SinkIdentifier - INFO - [libCfm.so] Loaded successfully with 0 items.
2025-06-14 08:30:12,971 - SinkIdentifier - INFO - [libpthread.so.0] Loaded successfully with 0 items.
2025-06-14 08:30:12,972 - SinkIdentifier - INFO - [libgcc_s.so.1] Loaded successfully with 0 items.
2025-06-14 08:30:38,189 - SinkIdentifier - INFO - libvos_util.so: 0 items loaded.
2025-06-14 08:30:38,190 - SinkIdentifier - INFO - libChipApi.so: 1 items loaded.
2025-06-14 08:30:38,190 - SinkIdentifier - INFO - libcommon.so: 8 items loaded.
2025-06-14 08:30:38,191 - SinkIdentifier - INFO - libCfm.so: 0 items loaded.
2025-06-14 08:30:38,191 - SinkIdentifier - INFO - libpthread.so.0: 0 items loaded.
2025-06-14 08:30:38,191 - SinkIdentifier - INFO - libgcc_s.so.1: 0 items loaded.
2025-06-14 08:34:16,649 - SinkIdentifier - INFO - Skipping libCfm.so: already exists in database.
2025-06-14 08:34:16,649 - SinkIdentifier - INFO - Skipping libcommon.so: already exists in database.
2025-06-14 08:34:16,649 - SinkIdentifier - INFO - Skipping libChipApi.so: already exists in database.
2025-06-14 08:34:16,650 - SinkIdentifier - INFO - Skipping libvos_util.so: already exists in database.
2025-06-14 08:34:16,650 - SinkIdentifier - INFO - Skipping libpthread.so.0: already exists in database.
2025-06-14 08:34:16,651 - SinkIdentifier - INFO - Skipping libgcc_s.so.1: already exists in database.
2025-06-14 08:34:25,835 - SinkIdentifier - INFO - [libvos_util.so] Loaded successfully with 0 items.
2025-06-14 08:34:25,836 - SinkIdentifier - INFO - [libChipApi.so] Loaded successfully with 1 items.
2025-06-14 08:34:25,836 - SinkIdentifier - INFO - [libcommon.so] Loaded successfully with 8 items.
2025-06-14 08:34:25,837 - SinkIdentifier - INFO - [libCfm.so] Loaded successfully with 0 items.
2025-06-14 08:34:25,837 - SinkIdentifier - INFO - [libpthread.so.0] Loaded successfully with 0 items.
2025-06-14 08:34:25,838 - SinkIdentifier - INFO - [libgcc_s.so.1] Loaded successfully with 0 items.
2025-06-14 08:37:05,232 - SinkIdentifier - INFO - [libvos_util.so] Loaded successfully with 0 items.
2025-06-14 08:37:05,233 - SinkIdentifier - INFO - [libChipApi.so] Loaded successfully with 1 items.
2025-06-14 08:37:05,234 - SinkIdentifier - INFO - [libcommon.so] Loaded successfully with 8 items.
2025-06-14 08:37:05,234 - SinkIdentifier - INFO - [libCfm.so] Loaded successfully with 0 items.
2025-06-14 08:37:05,234 - SinkIdentifier - INFO - [libpthread.so.0] Loaded successfully with 0 items.
2025-06-14 08:37:05,235 - SinkIdentifier - INFO - [libm.so.0] Loaded successfully with 0 items.
2025-06-14 08:37:05,235 - SinkIdentifier - INFO - [libtpi.so] Loaded successfully with 0 items.
2025-06-14 08:37:05,235 - SinkIdentifier - INFO - [libucapi.so] Loaded successfully with 0 items.
2025-06-14 08:37:05,235 - SinkIdentifier - INFO - [libgcc_s.so.1] Loaded successfully with 0 items.
2025-06-14 08:37:30,819 - SinkIdentifier - INFO - libvos_util.so: 0 items loaded.
2025-06-14 08:37:30,819 - SinkIdentifier - INFO - libChipApi.so: 1 items loaded.
2025-06-14 08:37:30,819 - SinkIdentifier - INFO - libcommon.so: 8 items loaded.
2025-06-14 08:37:30,820 - SinkIdentifier - INFO - libCfm.so: 0 items loaded.
2025-06-14 08:37:30,820 - SinkIdentifier - INFO - libpthread.so.0: 0 items loaded.
2025-06-14 08:37:30,820 - SinkIdentifier - INFO - libm.so.0: 0 items loaded.
2025-06-14 08:37:30,820 - SinkIdentifier - INFO - libtpi.so: 0 items loaded.
2025-06-14 08:37:30,820 - SinkIdentifier - INFO - libucapi.so: 0 items loaded.
2025-06-14 08:37:30,821 - SinkIdentifier - INFO - libgcc_s.so.1: 0 items loaded.
2025-06-14 08:38:04,165 - SinkIdentifier - INFO - Skipping libCfm.so: already exists in database.
2025-06-14 08:38:04,165 - SinkIdentifier - INFO - Skipping libcommon.so: already exists in database.
2025-06-14 08:38:04,166 - SinkIdentifier - INFO - Skipping libChipApi.so: already exists in database.
2025-06-14 08:38:04,166 - SinkIdentifier - INFO - Skipping libvos_util.so: already exists in database.
2025-06-14 08:38:04,166 - SinkIdentifier - INFO - Skipping libpthread.so.0: already exists in database.
2025-06-14 08:38:04,166 - SinkIdentifier - INFO - Skipping libtpi.so: already exists in database.
2025-06-14 08:38:04,166 - SinkIdentifier - INFO - Skipping libm.so.0: already exists in database.
2025-06-14 08:38:04,167 - SinkIdentifier - INFO - Skipping libucapi.so: already exists in database.
2025-06-14 08:38:04,167 - SinkIdentifier - INFO - Skipping libgcc_s.so.1: already exists in database.
2025-06-14 08:38:05,412 - SinkIdentifier - INFO - [libvos_util.so] Loaded successfully with 0 items.
2025-06-14 08:38:05,413 - SinkIdentifier - INFO - [libChipApi.so] Loaded successfully with 1 items.
2025-06-14 08:38:05,413 - SinkIdentifier - INFO - [libcommon.so] Loaded successfully with 8 items.
2025-06-14 08:38:05,414 - SinkIdentifier - INFO - [libCfm.so] Loaded successfully with 0 items.
2025-06-14 08:38:05,414 - SinkIdentifier - INFO - [libpthread.so.0] Loaded successfully with 0 items.
2025-06-14 08:38:05,414 - SinkIdentifier - INFO - [libm.so.0] Loaded successfully with 0 items.
2025-06-14 08:38:05,414 - SinkIdentifier - INFO - [libtpi.so] Loaded successfully with 0 items.
2025-06-14 08:38:05,415 - SinkIdentifier - INFO - [libucapi.so] Loaded successfully with 0 items.
2025-06-14 08:38:05,415 - SinkIdentifier - INFO - [libgcc_s.so.1] Loaded successfully with 0 items.
2025-06-14 08:38:48,811 - SinkIdentifier - INFO - libvos_util.so: 0 items loaded.
2025-06-14 08:38:48,811 - SinkIdentifier - INFO - libChipApi.so: 1 items loaded.
2025-06-14 08:38:48,812 - SinkIdentifier - INFO - libcommon.so: 8 items loaded.
2025-06-14 08:38:48,812 - SinkIdentifier - INFO - libCfm.so: 0 items loaded.
2025-06-14 08:38:48,813 - SinkIdentifier - INFO - libpthread.so.0: 0 items loaded.
2025-06-14 08:38:48,813 - SinkIdentifier - INFO - libm.so.0: 0 items loaded.
2025-06-14 08:38:48,813 - SinkIdentifier - INFO - libtpi.so: 0 items loaded.
2025-06-14 08:38:48,814 - SinkIdentifier - INFO - libucapi.so: 0 items loaded.
2025-06-14 08:38:48,814 - SinkIdentifier - INFO - libgcc_s.so.1: 0 items loaded.
2025-06-14 09:01:55,180 - SinkIdentifier - INFO - Skipping libCfm.so: already exists in database.
2025-06-14 09:01:55,180 - SinkIdentifier - INFO - Skipping libcommon.so: already exists in database.
2025-06-14 09:01:55,181 - SinkIdentifier - INFO - Skipping libChipApi.so: already exists in database.
2025-06-14 09:01:55,181 - SinkIdentifier - INFO - Skipping libvos_util.so: already exists in database.
2025-06-14 09:01:55,181 - SinkIdentifier - INFO - Skipping libpthread.so.0: already exists in database.
2025-06-14 09:01:55,181 - SinkIdentifier - INFO - Skipping libtpi.so: already exists in database.
2025-06-14 09:01:55,181 - SinkIdentifier - INFO - Skipping libm.so.0: already exists in database.
2025-06-14 09:01:55,182 - SinkIdentifier - INFO - Skipping libucapi.so: already exists in database.
2025-06-14 09:01:55,182 - SinkIdentifier - INFO - Skipping libgcc_s.so.1: already exists in database.
2025-06-14 09:01:56,229 - SinkIdentifier - INFO - [libvos_util.so] Loaded successfully with 0 items.
2025-06-14 09:01:56,229 - SinkIdentifier - INFO - [libChipApi.so] Loaded successfully with 1 items.
2025-06-14 09:01:56,229 - SinkIdentifier - INFO - [libcommon.so] Loaded successfully with 8 items.
2025-06-14 09:01:56,230 - SinkIdentifier - INFO - [libCfm.so] Loaded successfully with 0 items.
2025-06-14 09:01:56,230 - SinkIdentifier - INFO - [libpthread.so.0] Loaded successfully with 0 items.
2025-06-14 09:01:56,230 - SinkIdentifier - INFO - [libm.so.0] Loaded successfully with 0 items.
2025-06-14 09:01:56,231 - SinkIdentifier - INFO - [libtpi.so] Loaded successfully with 0 items.
2025-06-14 09:01:56,231 - SinkIdentifier - INFO - [libucapi.so] Loaded successfully with 0 items.
2025-06-14 09:01:56,231 - SinkIdentifier - INFO - [libgcc_s.so.1] Loaded successfully with 0 items.
2025-06-14 09:02:15,609 - SinkIdentifier - INFO - libvos_util.so: 0 items loaded.
2025-06-14 09:02:15,609 - SinkIdentifier - INFO - libChipApi.so: 1 items loaded.
2025-06-14 09:02:15,609 - SinkIdentifier - INFO - libcommon.so: 8 items loaded.
2025-06-14 09:02:15,610 - SinkIdentifier - INFO - libCfm.so: 0 items loaded.
2025-06-14 09:02:15,610 - SinkIdentifier - INFO - libpthread.so.0: 0 items loaded.
2025-06-14 09:02:15,610 - SinkIdentifier - INFO - libm.so.0: 0 items loaded.
2025-06-14 09:02:15,611 - SinkIdentifier - INFO - libtpi.so: 0 items loaded.
2025-06-14 09:02:15,611 - SinkIdentifier - INFO - libucapi.so: 0 items loaded.
2025-06-14 09:02:15,611 - SinkIdentifier - INFO - libgcc_s.so.1: 0 items loaded.
2025-06-14 09:07:20,144 - SinkIdentifier - INFO - Skipping libCfm.so: already exists in database.
2025-06-14 09:07:20,144 - SinkIdentifier - INFO - Skipping libcommon.so: already exists in database.
2025-06-14 09:07:20,145 - SinkIdentifier - INFO - Skipping libChipApi.so: already exists in database.
2025-06-14 09:07:20,145 - SinkIdentifier - INFO - Skipping libvos_util.so: already exists in database.
2025-06-14 09:07:20,145 - SinkIdentifier - INFO - Skipping libpthread.so.0: already exists in database.
2025-06-14 09:07:20,145 - SinkIdentifier - INFO - Skipping libtpi.so: already exists in database.
2025-06-14 09:07:20,146 - SinkIdentifier - INFO - Skipping libm.so.0: already exists in database.
2025-06-14 09:07:20,146 - SinkIdentifier - INFO - Skipping libucapi.so: already exists in database.
2025-06-14 09:07:20,146 - SinkIdentifier - INFO - Skipping libgcc_s.so.1: already exists in database.
2025-06-14 09:07:21,093 - SinkIdentifier - INFO - [libvos_util.so] Loaded successfully with 0 items.
2025-06-14 09:07:21,093 - SinkIdentifier - INFO - [libChipApi.so] Loaded successfully with 1 items.
2025-06-14 09:07:21,094 - SinkIdentifier - INFO - [libcommon.so] Loaded successfully with 8 items.
2025-06-14 09:07:21,094 - SinkIdentifier - INFO - [libCfm.so] Loaded successfully with 0 items.
2025-06-14 09:07:21,094 - SinkIdentifier - INFO - [libpthread.so.0] Loaded successfully with 0 items.
2025-06-14 09:07:21,094 - SinkIdentifier - INFO - [libm.so.0] Loaded successfully with 0 items.
2025-06-14 09:07:21,095 - SinkIdentifier - INFO - [libtpi.so] Loaded successfully with 0 items.
2025-06-14 09:07:21,095 - SinkIdentifier - INFO - [libucapi.so] Loaded successfully with 0 items.
2025-06-14 09:07:21,095 - SinkIdentifier - INFO - [libgcc_s.so.1] Loaded successfully with 0 items.
2025-06-14 09:07:39,984 - SinkIdentifier - INFO - libvos_util.so: 0 items loaded.
2025-06-14 09:07:39,984 - SinkIdentifier - INFO - libChipApi.so: 1 items loaded.
2025-06-14 09:07:39,984 - SinkIdentifier - INFO - libcommon.so: 8 items loaded.
2025-06-14 09:07:39,985 - SinkIdentifier - INFO - libCfm.so: 0 items loaded.
2025-06-14 09:07:39,985 - SinkIdentifier - INFO - libpthread.so.0: 0 items loaded.
2025-06-14 09:07:39,985 - SinkIdentifier - INFO - libm.so.0: 0 items loaded.
2025-06-14 09:07:39,985 - SinkIdentifier - INFO - libtpi.so: 0 items loaded.
2025-06-14 09:07:39,986 - SinkIdentifier - INFO - libucapi.so: 0 items loaded.
2025-06-14 09:07:39,986 - SinkIdentifier - INFO - libgcc_s.so.1: 0 items loaded.
2025-06-14 09:19:02,785 - SinkIdentifier - INFO - Skipping libCfm.so: already exists in database.
2025-06-14 09:19:02,785 - SinkIdentifier - INFO - Skipping libcommon.so: already exists in database.
2025-06-14 09:19:02,785 - SinkIdentifier - INFO - Skipping libChipApi.so: already exists in database.
2025-06-14 09:19:02,785 - SinkIdentifier - INFO - Skipping libvos_util.so: already exists in database.
2025-06-14 09:19:02,786 - SinkIdentifier - INFO - Skipping libpthread.so.0: already exists in database.
2025-06-14 09:19:02,786 - SinkIdentifier - INFO - Skipping libtpi.so: already exists in database.
2025-06-14 09:19:02,786 - SinkIdentifier - INFO - Skipping libm.so.0: already exists in database.
2025-06-14 09:19:02,786 - SinkIdentifier - INFO - Skipping libucapi.so: already exists in database.
2025-06-14 09:19:02,787 - SinkIdentifier - INFO - Skipping libgcc_s.so.1: already exists in database.
2025-06-14 09:19:03,667 - SinkIdentifier - INFO - [libvos_util.so] Loaded successfully with 0 items.
2025-06-14 09:19:03,667 - SinkIdentifier - INFO - [libChipApi.so] Loaded successfully with 1 items.
2025-06-14 09:19:03,668 - SinkIdentifier - INFO - [libcommon.so] Loaded successfully with 8 items.
2025-06-14 09:19:03,668 - SinkIdentifier - INFO - [libCfm.so] Loaded successfully with 0 items.
2025-06-14 09:19:03,669 - SinkIdentifier - INFO - [libpthread.so.0] Loaded successfully with 0 items.
2025-06-14 09:19:03,669 - SinkIdentifier - INFO - [libm.so.0] Loaded successfully with 0 items.
2025-06-14 09:19:03,669 - SinkIdentifier - INFO - [libtpi.so] Loaded successfully with 0 items.
2025-06-14 09:19:03,670 - SinkIdentifier - INFO - [libucapi.so] Loaded successfully with 0 items.
2025-06-14 09:19:03,671 - SinkIdentifier - INFO - [libgcc_s.so.1] Loaded successfully with 0 items.
2025-06-14 09:19:23,131 - SinkIdentifier - INFO - libvos_util.so: 0 items loaded.
2025-06-14 09:19:23,132 - SinkIdentifier - INFO - libChipApi.so: 1 items loaded.
2025-06-14 09:19:23,132 - SinkIdentifier - INFO - libcommon.so: 8 items loaded.
2025-06-14 09:19:23,132 - SinkIdentifier - INFO - libCfm.so: 0 items loaded.
2025-06-14 09:19:23,133 - SinkIdentifier - INFO - libpthread.so.0: 0 items loaded.
2025-06-14 09:19:23,133 - SinkIdentifier - INFO - libm.so.0: 0 items loaded.
2025-06-14 09:19:23,134 - SinkIdentifier - INFO - libtpi.so: 0 items loaded.
2025-06-14 09:19:23,134 - SinkIdentifier - INFO - libucapi.so: 0 items loaded.
2025-06-14 09:19:23,134 - SinkIdentifier - INFO - libgcc_s.so.1: 0 items loaded.
2025-06-14 20:17:38,317 - SinkIdentifier - INFO - Skipping libCfm.so: already exists in database.
2025-06-14 20:17:38,317 - SinkIdentifier - INFO - Skipping libcommon.so: already exists in database.
2025-06-14 20:17:38,318 - SinkIdentifier - INFO - Skipping libChipApi.so: already exists in database.
2025-06-14 20:17:38,318 - SinkIdentifier - INFO - Skipping libvos_util.so: already exists in database.
2025-06-14 20:17:38,318 - SinkIdentifier - INFO - Skipping libpthread.so.0: already exists in database.
2025-06-14 20:17:38,318 - SinkIdentifier - INFO - Skipping libtpi.so: already exists in database.
2025-06-14 20:17:38,318 - SinkIdentifier - INFO - Skipping libm.so.0: already exists in database.
2025-06-14 20:17:38,318 - SinkIdentifier - INFO - Skipping libucapi.so: already exists in database.
2025-06-14 20:17:38,318 - SinkIdentifier - INFO - Skipping libgcc_s.so.1: already exists in database.
2025-06-14 20:17:38,320 - SinkIdentifier - INFO - [libvos_util.so] Loaded successfully with 0 items.
2025-06-14 20:17:38,320 - SinkIdentifier - INFO - [libChipApi.so] Loaded successfully with 1 items.
2025-06-14 20:17:38,320 - SinkIdentifier - INFO - [libcommon.so] Loaded successfully with 8 items.
2025-06-14 20:17:38,320 - SinkIdentifier - INFO - [libCfm.so] Loaded successfully with 0 items.
2025-06-14 20:17:38,320 - SinkIdentifier - INFO - [libpthread.so.0] Loaded successfully with 0 items.
2025-06-14 20:17:38,320 - SinkIdentifier - INFO - [libm.so.0] Loaded successfully with 0 items.
2025-06-14 20:17:38,320 - SinkIdentifier - INFO - [libtpi.so] Loaded successfully with 0 items.
2025-06-14 20:17:38,320 - SinkIdentifier - INFO - [libucapi.so] Loaded successfully with 0 items.
2025-06-14 20:17:38,320 - SinkIdentifier - INFO - [libgcc_s.so.1] Loaded successfully with 0 items.
2025-06-14 20:17:55,370 - SinkIdentifier - INFO - libvos_util.so: 0 items loaded.
2025-06-14 20:17:55,370 - SinkIdentifier - INFO - libChipApi.so: 1 items loaded.
2025-06-14 20:17:55,371 - SinkIdentifier - INFO - libcommon.so: 8 items loaded.
2025-06-14 20:17:55,371 - SinkIdentifier - INFO - libCfm.so: 0 items loaded.
2025-06-14 20:17:55,371 - SinkIdentifier - INFO - libpthread.so.0: 0 items loaded.
2025-06-14 20:17:55,371 - SinkIdentifier - INFO - libm.so.0: 0 items loaded.
2025-06-14 20:17:55,371 - SinkIdentifier - INFO - libtpi.so: 0 items loaded.
2025-06-14 20:17:55,371 - SinkIdentifier - INFO - libucapi.so: 0 items loaded.
2025-06-14 20:17:55,371 - SinkIdentifier - INFO - libgcc_s.so.1: 0 items loaded.
2025-06-14 20:18:39,180 - SinkIdentifier - INFO - Skipping libCfm.so: already exists in database.
2025-06-14 20:18:39,180 - SinkIdentifier - INFO - Skipping libcommon.so: already exists in database.
2025-06-14 20:18:39,180 - SinkIdentifier - INFO - Skipping libChipApi.so: already exists in database.
2025-06-14 20:18:39,180 - SinkIdentifier - INFO - Skipping libvos_util.so: already exists in database.
2025-06-14 20:18:39,181 - SinkIdentifier - INFO - Skipping libpthread.so.0: already exists in database.
2025-06-14 20:18:39,181 - SinkIdentifier - INFO - Skipping libtpi.so: already exists in database.
2025-06-14 20:18:39,181 - SinkIdentifier - INFO - Skipping libm.so.0: already exists in database.
2025-06-14 20:18:39,181 - SinkIdentifier - INFO - Skipping libucapi.so: already exists in database.
2025-06-14 20:18:39,181 - SinkIdentifier - INFO - Skipping libgcc_s.so.1: already exists in database.
2025-06-14 20:18:39,182 - SinkIdentifier - INFO - [libvos_util.so] Loaded successfully with 0 items.
2025-06-14 20:18:39,183 - SinkIdentifier - INFO - [libChipApi.so] Loaded successfully with 1 items.
2025-06-14 20:18:39,183 - SinkIdentifier - INFO - [libcommon.so] Loaded successfully with 8 items.
2025-06-14 20:18:39,183 - SinkIdentifier - INFO - [libCfm.so] Loaded successfully with 0 items.
2025-06-14 20:18:39,183 - SinkIdentifier - INFO - [libpthread.so.0] Loaded successfully with 0 items.
2025-06-14 20:18:39,183 - SinkIdentifier - INFO - [libm.so.0] Loaded successfully with 0 items.
2025-06-14 20:18:39,183 - SinkIdentifier - INFO - [libtpi.so] Loaded successfully with 0 items.
2025-06-14 20:18:39,184 - SinkIdentifier - INFO - [libucapi.so] Loaded successfully with 0 items.
2025-06-14 20:18:39,184 - SinkIdentifier - INFO - [libgcc_s.so.1] Loaded successfully with 0 items.
2025-06-14 20:18:55,188 - SinkIdentifier - INFO - libvos_util.so: 0 items loaded.
2025-06-14 20:18:55,188 - SinkIdentifier - INFO - libChipApi.so: 1 items loaded.
2025-06-14 20:18:55,189 - SinkIdentifier - INFO - libcommon.so: 8 items loaded.
2025-06-14 20:18:55,189 - SinkIdentifier - INFO - libCfm.so: 0 items loaded.
2025-06-14 20:18:55,189 - SinkIdentifier - INFO - libpthread.so.0: 0 items loaded.
2025-06-14 20:18:55,189 - SinkIdentifier - INFO - libm.so.0: 0 items loaded.
2025-06-14 20:18:55,189 - SinkIdentifier - INFO - libtpi.so: 0 items loaded.
2025-06-14 20:18:55,189 - SinkIdentifier - INFO - libucapi.so: 0 items loaded.
2025-06-14 20:18:55,190 - SinkIdentifier - INFO - libgcc_s.so.1: 0 items loaded.
2025-06-14 20:19:48,814 - SinkIdentifier - INFO - Skipping libCfm.so: already exists in database.
2025-06-14 20:19:48,815 - SinkIdentifier - INFO - Skipping libcommon.so: already exists in database.
2025-06-14 20:19:48,815 - SinkIdentifier - INFO - Skipping libChipApi.so: already exists in database.
2025-06-14 20:19:48,815 - SinkIdentifier - INFO - Skipping libvos_util.so: already exists in database.
2025-06-14 20:19:48,815 - SinkIdentifier - INFO - Skipping libpthread.so.0: already exists in database.
2025-06-14 20:19:48,816 - SinkIdentifier - INFO - Skipping libtpi.so: already exists in database.
2025-06-14 20:19:48,816 - SinkIdentifier - INFO - Skipping libm.so.0: already exists in database.
2025-06-14 20:19:48,816 - SinkIdentifier - INFO - Skipping libucapi.so: already exists in database.
2025-06-14 20:19:48,816 - SinkIdentifier - INFO - Skipping libgcc_s.so.1: already exists in database.
2025-06-14 20:20:00,362 - SinkIdentifier - INFO - [libvos_util.so] Loaded successfully with 0 items.
2025-06-14 20:20:00,363 - SinkIdentifier - INFO - [libChipApi.so] Loaded successfully with 1 items.
2025-06-14 20:20:00,363 - SinkIdentifier - INFO - [libcommon.so] Loaded successfully with 8 items.
2025-06-14 20:20:00,363 - SinkIdentifier - INFO - [libCfm.so] Loaded successfully with 0 items.
2025-06-14 20:20:00,363 - SinkIdentifier - INFO - [libpthread.so.0] Loaded successfully with 0 items.
2025-06-14 20:20:00,364 - SinkIdentifier - INFO - [libm.so.0] Loaded successfully with 0 items.
2025-06-14 20:20:00,364 - SinkIdentifier - INFO - [libtpi.so] Loaded successfully with 0 items.
2025-06-14 20:20:00,364 - SinkIdentifier - INFO - [libucapi.so] Loaded successfully with 0 items.
2025-06-14 20:20:00,365 - SinkIdentifier - INFO - [libgcc_s.so.1] Loaded successfully with 0 items.
2025-06-14 20:20:16,959 - SinkIdentifier - INFO - libvos_util.so: 0 items loaded.
2025-06-14 20:20:16,960 - SinkIdentifier - INFO - libChipApi.so: 1 items loaded.
2025-06-14 20:20:16,960 - SinkIdentifier - INFO - libcommon.so: 8 items loaded.
2025-06-14 20:20:16,960 - SinkIdentifier - INFO - libCfm.so: 0 items loaded.
2025-06-14 20:20:16,960 - SinkIdentifier - INFO - libpthread.so.0: 0 items loaded.
2025-06-14 20:20:16,960 - SinkIdentifier - INFO - libm.so.0: 0 items loaded.
2025-06-14 20:20:16,961 - SinkIdentifier - INFO - libtpi.so: 0 items loaded.
2025-06-14 20:20:16,961 - SinkIdentifier - INFO - libucapi.so: 0 items loaded.
2025-06-14 20:20:16,961 - SinkIdentifier - INFO - libgcc_s.so.1: 0 items loaded.
2025-06-14 20:23:16,997 - SinkIdentifier - INFO - Skipping libCfm.so: already exists in database.
2025-06-14 20:23:16,997 - SinkIdentifier - INFO - Skipping libcommon.so: already exists in database.
2025-06-14 20:23:16,998 - SinkIdentifier - INFO - Skipping libChipApi.so: already exists in database.
2025-06-14 20:23:16,998 - SinkIdentifier - INFO - Skipping libvos_util.so: already exists in database.
2025-06-14 20:23:16,998 - SinkIdentifier - INFO - Skipping libpthread.so.0: already exists in database.
2025-06-14 20:23:16,998 - SinkIdentifier - INFO - Skipping libtpi.so: already exists in database.
2025-06-14 20:23:16,998 - SinkIdentifier - INFO - Skipping libm.so.0: already exists in database.
2025-06-14 20:23:16,998 - SinkIdentifier - INFO - Skipping libucapi.so: already exists in database.
2025-06-14 20:23:16,998 - SinkIdentifier - INFO - Skipping libgcc_s.so.1: already exists in database.
2025-06-14 20:23:18,542 - SinkIdentifier - INFO - [libvos_util.so] Loaded successfully with 0 items.
2025-06-14 20:23:18,542 - SinkIdentifier - INFO - [libChipApi.so] Loaded successfully with 1 items.
2025-06-14 20:23:18,542 - SinkIdentifier - INFO - [libcommon.so] Loaded successfully with 8 items.
2025-06-14 20:23:18,543 - SinkIdentifier - INFO - [libCfm.so] Loaded successfully with 0 items.
2025-06-14 20:23:18,543 - SinkIdentifier - INFO - [libpthread.so.0] Loaded successfully with 0 items.
2025-06-14 20:23:18,543 - SinkIdentifier - INFO - [libm.so.0] Loaded successfully with 0 items.
2025-06-14 20:23:18,543 - SinkIdentifier - INFO - [libtpi.so] Loaded successfully with 0 items.
2025-06-14 20:23:18,543 - SinkIdentifier - INFO - [libucapi.so] Loaded successfully with 0 items.
2025-06-14 20:23:18,544 - SinkIdentifier - INFO - [libgcc_s.so.1] Loaded successfully with 0 items.
2025-06-14 20:23:34,812 - SinkIdentifier - INFO - libvos_util.so: 0 items loaded.
2025-06-14 20:23:34,812 - SinkIdentifier - INFO - libChipApi.so: 1 items loaded.
2025-06-14 20:23:34,813 - SinkIdentifier - INFO - libcommon.so: 8 items loaded.
2025-06-14 20:23:34,813 - SinkIdentifier - INFO - libCfm.so: 0 items loaded.
2025-06-14 20:23:34,813 - SinkIdentifier - INFO - libpthread.so.0: 0 items loaded.
2025-06-14 20:23:34,813 - SinkIdentifier - INFO - libm.so.0: 0 items loaded.
2025-06-14 20:23:34,814 - SinkIdentifier - INFO - libtpi.so: 0 items loaded.
2025-06-14 20:23:34,814 - SinkIdentifier - INFO - libucapi.so: 0 items loaded.
2025-06-14 20:23:34,814 - SinkIdentifier - INFO - libgcc_s.so.1: 0 items loaded.
2025-06-14 20:24:13,902 - SinkIdentifier - INFO - Skipping libCfm.so: already exists in database.
2025-06-14 20:24:13,903 - SinkIdentifier - INFO - Skipping libcommon.so: already exists in database.
2025-06-14 20:24:13,903 - SinkIdentifier - INFO - Skipping libChipApi.so: already exists in database.
2025-06-14 20:24:13,903 - SinkIdentifier - INFO - Skipping libvos_util.so: already exists in database.
2025-06-14 20:24:13,903 - SinkIdentifier - INFO - Skipping libpthread.so.0: already exists in database.
2025-06-14 20:24:13,903 - SinkIdentifier - INFO - Skipping libtpi.so: already exists in database.
2025-06-14 20:24:13,903 - SinkIdentifier - INFO - Skipping libm.so.0: already exists in database.
2025-06-14 20:24:13,904 - SinkIdentifier - INFO - Skipping libucapi.so: already exists in database.
2025-06-14 20:24:13,904 - SinkIdentifier - INFO - Skipping libgcc_s.so.1: already exists in database.
2025-06-14 20:24:15,550 - SinkIdentifier - INFO - [libvos_util.so] Loaded successfully with 0 items.
2025-06-14 20:24:15,551 - SinkIdentifier - INFO - [libChipApi.so] Loaded successfully with 1 items.
2025-06-14 20:24:15,551 - SinkIdentifier - INFO - [libcommon.so] Loaded successfully with 8 items.
2025-06-14 20:24:15,551 - SinkIdentifier - INFO - [libCfm.so] Loaded successfully with 0 items.
2025-06-14 20:24:15,552 - SinkIdentifier - INFO - [libpthread.so.0] Loaded successfully with 0 items.
2025-06-14 20:24:15,552 - SinkIdentifier - INFO - [libm.so.0] Loaded successfully with 0 items.
2025-06-14 20:24:15,552 - SinkIdentifier - INFO - [libtpi.so] Loaded successfully with 0 items.
2025-06-14 20:24:15,552 - SinkIdentifier - INFO - [libucapi.so] Loaded successfully with 0 items.
2025-06-14 20:24:15,552 - SinkIdentifier - INFO - [libgcc_s.so.1] Loaded successfully with 0 items.
2025-06-14 20:24:32,934 - SinkIdentifier - INFO - libvos_util.so: 0 items loaded.
2025-06-14 20:24:32,935 - SinkIdentifier - INFO - libChipApi.so: 1 items loaded.
2025-06-14 20:24:32,935 - SinkIdentifier - INFO - libcommon.so: 8 items loaded.
2025-06-14 20:24:32,935 - SinkIdentifier - INFO - libCfm.so: 0 items loaded.
2025-06-14 20:24:32,935 - SinkIdentifier - INFO - libpthread.so.0: 0 items loaded.
2025-06-14 20:24:32,936 - SinkIdentifier - INFO - libm.so.0: 0 items loaded.
2025-06-14 20:24:32,936 - SinkIdentifier - INFO - libtpi.so: 0 items loaded.
2025-06-14 20:24:32,936 - SinkIdentifier - INFO - libucapi.so: 0 items loaded.
2025-06-14 20:24:32,936 - SinkIdentifier - INFO - libgcc_s.so.1: 0 items loaded.
2025-06-14 20:26:39,383 - SinkIdentifier - INFO - Skipping libCfm.so: already exists in database.
2025-06-14 20:26:39,384 - SinkIdentifier - INFO - Skipping libcommon.so: already exists in database.
2025-06-14 20:26:39,384 - SinkIdentifier - INFO - Skipping libChipApi.so: already exists in database.
2025-06-14 20:26:39,384 - SinkIdentifier - INFO - Skipping libvos_util.so: already exists in database.
2025-06-14 20:26:39,384 - SinkIdentifier - INFO - Skipping libpthread.so.0: already exists in database.
2025-06-14 20:26:39,384 - SinkIdentifier - INFO - Skipping libtpi.so: already exists in database.
2025-06-14 20:26:39,385 - SinkIdentifier - INFO - Skipping libm.so.0: already exists in database.
2025-06-14 20:26:39,385 - SinkIdentifier - INFO - Skipping libucapi.so: already exists in database.
2025-06-14 20:26:39,385 - SinkIdentifier - INFO - Skipping libgcc_s.so.1: already exists in database.
2025-06-14 20:26:41,833 - SinkIdentifier - INFO - [libvos_util.so] Loaded successfully with 0 items.
2025-06-14 20:26:41,834 - SinkIdentifier - INFO - [libChipApi.so] Loaded successfully with 1 items.
2025-06-14 20:26:41,834 - SinkIdentifier - INFO - [libcommon.so] Loaded successfully with 8 items.
2025-06-14 20:26:41,834 - SinkIdentifier - INFO - [libCfm.so] Loaded successfully with 0 items.
2025-06-14 20:26:41,834 - SinkIdentifier - INFO - [libpthread.so.0] Loaded successfully with 0 items.
2025-06-14 20:26:41,834 - SinkIdentifier - INFO - [libm.so.0] Loaded successfully with 0 items.
2025-06-14 20:26:41,834 - SinkIdentifier - INFO - [libtpi.so] Loaded successfully with 0 items.
2025-06-14 20:26:41,834 - SinkIdentifier - INFO - [libucapi.so] Loaded successfully with 0 items.
2025-06-14 20:26:41,835 - SinkIdentifier - INFO - [libgcc_s.so.1] Loaded successfully with 0 items.
2025-06-14 20:26:58,682 - SinkIdentifier - INFO - libvos_util.so: 0 items loaded.
2025-06-14 20:26:58,683 - SinkIdentifier - INFO - libChipApi.so: 1 items loaded.
2025-06-14 20:26:58,683 - SinkIdentifier - INFO - libcommon.so: 8 items loaded.
2025-06-14 20:26:58,684 - SinkIdentifier - INFO - libCfm.so: 0 items loaded.
2025-06-14 20:26:58,684 - SinkIdentifier - INFO - libpthread.so.0: 0 items loaded.
2025-06-14 20:26:58,684 - SinkIdentifier - INFO - libm.so.0: 0 items loaded.
2025-06-14 20:26:58,684 - SinkIdentifier - INFO - libtpi.so: 0 items loaded.
2025-06-14 20:26:58,684 - SinkIdentifier - INFO - libucapi.so: 0 items loaded.
2025-06-14 20:26:58,685 - SinkIdentifier - INFO - libgcc_s.so.1: 0 items loaded.
2025-06-14 20:28:37,581 - SinkIdentifier - INFO - Skipping libCfm.so: already exists in database.
2025-06-14 20:28:37,581 - SinkIdentifier - INFO - Skipping libcommon.so: already exists in database.
2025-06-14 20:28:37,582 - SinkIdentifier - INFO - Skipping libChipApi.so: already exists in database.
2025-06-14 20:28:37,583 - SinkIdentifier - INFO - Skipping libvos_util.so: already exists in database.
2025-06-14 20:28:37,583 - SinkIdentifier - INFO - Skipping libpthread.so.0: already exists in database.
2025-06-14 20:28:37,583 - SinkIdentifier - INFO - Skipping libtpi.so: already exists in database.
2025-06-14 20:28:37,583 - SinkIdentifier - INFO - Skipping libm.so.0: already exists in database.
2025-06-14 20:28:37,583 - SinkIdentifier - INFO - Skipping libucapi.so: already exists in database.
2025-06-14 20:28:37,584 - SinkIdentifier - INFO - Skipping libgcc_s.so.1: already exists in database.
2025-06-14 20:28:37,585 - SinkIdentifier - INFO - [libvos_util.so] Loaded successfully with 0 items.
2025-06-14 20:28:37,585 - SinkIdentifier - INFO - [libChipApi.so] Loaded successfully with 1 items.
2025-06-14 20:28:37,585 - SinkIdentifier - INFO - [libcommon.so] Loaded successfully with 8 items.
2025-06-14 20:28:37,585 - SinkIdentifier - INFO - [libCfm.so] Loaded successfully with 0 items.
2025-06-14 20:28:37,585 - SinkIdentifier - INFO - [libpthread.so.0] Loaded successfully with 0 items.
2025-06-14 20:28:37,586 - SinkIdentifier - INFO - [libm.so.0] Loaded successfully with 0 items.
2025-06-14 20:28:37,586 - SinkIdentifier - INFO - [libtpi.so] Loaded successfully with 0 items.
2025-06-14 20:28:37,586 - SinkIdentifier - INFO - [libucapi.so] Loaded successfully with 0 items.
2025-06-14 20:28:37,587 - SinkIdentifier - INFO - [libgcc_s.so.1] Loaded successfully with 0 items.
2025-06-14 20:28:53,439 - SinkIdentifier - INFO - libvos_util.so: 0 items loaded.
2025-06-14 20:28:53,439 - SinkIdentifier - INFO - libChipApi.so: 1 items loaded.
2025-06-14 20:28:53,439 - SinkIdentifier - INFO - libcommon.so: 8 items loaded.
2025-06-14 20:28:53,439 - SinkIdentifier - INFO - libCfm.so: 0 items loaded.
2025-06-14 20:28:53,439 - SinkIdentifier - INFO - libpthread.so.0: 0 items loaded.
2025-06-14 20:28:53,439 - SinkIdentifier - INFO - libm.so.0: 0 items loaded.
2025-06-14 20:28:53,440 - SinkIdentifier - INFO - libtpi.so: 0 items loaded.
2025-06-14 20:28:53,440 - SinkIdentifier - INFO - libucapi.so: 0 items loaded.
2025-06-14 20:28:53,440 - SinkIdentifier - INFO - libgcc_s.so.1: 0 items loaded.
2025-06-14 20:31:55,294 - SinkIdentifier - INFO - Skipping libCfm.so: already exists in database.
2025-06-14 20:31:55,294 - SinkIdentifier - INFO - Skipping libcommon.so: already exists in database.
2025-06-14 20:31:55,294 - SinkIdentifier - INFO - Skipping libChipApi.so: already exists in database.
2025-06-14 20:31:55,294 - SinkIdentifier - INFO - Skipping libvos_util.so: already exists in database.
2025-06-14 20:31:55,294 - SinkIdentifier - INFO - Skipping libpthread.so.0: already exists in database.
2025-06-14 20:31:55,295 - SinkIdentifier - INFO - Skipping libtpi.so: already exists in database.
2025-06-14 20:31:55,295 - SinkIdentifier - INFO - Skipping libm.so.0: already exists in database.
2025-06-14 20:31:55,295 - SinkIdentifier - INFO - Skipping libucapi.so: already exists in database.
2025-06-14 20:31:55,295 - SinkIdentifier - INFO - Skipping libgcc_s.so.1: already exists in database.
2025-06-14 20:31:55,297 - SinkIdentifier - INFO - [libvos_util.so] Loaded successfully with 0 items.
2025-06-14 20:31:55,297 - SinkIdentifier - INFO - [libChipApi.so] Loaded successfully with 1 items.
2025-06-14 20:31:55,297 - SinkIdentifier - INFO - [libcommon.so] Loaded successfully with 8 items.
2025-06-14 20:31:55,297 - SinkIdentifier - INFO - [libCfm.so] Loaded successfully with 0 items.
2025-06-14 20:31:55,297 - SinkIdentifier - INFO - [libpthread.so.0] Loaded successfully with 0 items.
2025-06-14 20:31:55,297 - SinkIdentifier - INFO - [libm.so.0] Loaded successfully with 0 items.
2025-06-14 20:31:55,297 - SinkIdentifier - INFO - [libtpi.so] Loaded successfully with 0 items.
2025-06-14 20:31:55,297 - SinkIdentifier - INFO - [libucapi.so] Loaded successfully with 0 items.
2025-06-14 20:31:55,298 - SinkIdentifier - INFO - [libgcc_s.so.1] Loaded successfully with 0 items.
2025-06-14 20:32:11,101 - SinkIdentifier - INFO - libvos_util.so: 0 items loaded.
2025-06-14 20:32:11,101 - SinkIdentifier - INFO - libChipApi.so: 1 items loaded.
2025-06-14 20:32:11,101 - SinkIdentifier - INFO - libcommon.so: 8 items loaded.
2025-06-14 20:32:11,101 - SinkIdentifier - INFO - libCfm.so: 0 items loaded.
2025-06-14 20:32:11,101 - SinkIdentifier - INFO - libpthread.so.0: 0 items loaded.
2025-06-14 20:32:11,101 - SinkIdentifier - INFO - libm.so.0: 0 items loaded.
2025-06-14 20:32:11,101 - SinkIdentifier - INFO - libtpi.so: 0 items loaded.
2025-06-14 20:32:11,102 - SinkIdentifier - INFO - libucapi.so: 0 items loaded.
2025-06-14 20:32:11,102 - SinkIdentifier - INFO - libgcc_s.so.1: 0 items loaded.
2025-06-15 02:20:41,695 - SinkIdentifier - INFO - Skipping libCfm.so: already exists in database.
2025-06-15 02:20:41,696 - SinkIdentifier - INFO - Skipping libcommon.so: already exists in database.
2025-06-15 02:20:41,696 - SinkIdentifier - INFO - Skipping libChipApi.so: already exists in database.
2025-06-15 02:20:41,696 - SinkIdentifier - INFO - Skipping libvos_util.so: already exists in database.
2025-06-15 02:20:41,696 - SinkIdentifier - INFO - Skipping libpthread.so.0: already exists in database.
2025-06-15 02:20:41,697 - SinkIdentifier - INFO - Skipping libtpi.so: already exists in database.
2025-06-15 02:20:41,697 - SinkIdentifier - INFO - Skipping libm.so.0: already exists in database.
2025-06-15 02:20:41,697 - SinkIdentifier - INFO - Skipping libucapi.so: already exists in database.
2025-06-15 02:20:41,697 - SinkIdentifier - INFO - Skipping libgcc_s.so.1: already exists in database.
2025-06-15 02:20:45,007 - SinkIdentifier - INFO - [libvos_util.so] Loaded successfully with 0 items.
2025-06-15 02:20:45,008 - SinkIdentifier - INFO - [libChipApi.so] Loaded successfully with 1 items.
2025-06-15 02:20:45,008 - SinkIdentifier - INFO - [libcommon.so] Loaded successfully with 8 items.
2025-06-15 02:20:45,008 - SinkIdentifier - INFO - [libCfm.so] Loaded successfully with 0 items.
2025-06-15 02:20:45,009 - SinkIdentifier - INFO - [libpthread.so.0] Loaded successfully with 0 items.
2025-06-15 02:20:45,009 - SinkIdentifier - INFO - [libm.so.0] Loaded successfully with 0 items.
2025-06-15 02:20:45,009 - SinkIdentifier - INFO - [libtpi.so] Loaded successfully with 0 items.
2025-06-15 02:20:45,010 - SinkIdentifier - INFO - [libucapi.so] Loaded successfully with 0 items.
2025-06-15 02:20:45,010 - SinkIdentifier - INFO - [libgcc_s.so.1] Loaded successfully with 0 items.
2025-06-15 02:21:08,024 - SinkIdentifier - INFO - libvos_util.so: 0 items loaded.
2025-06-15 02:21:08,025 - SinkIdentifier - INFO - libChipApi.so: 1 items loaded.
2025-06-15 02:21:08,025 - SinkIdentifier - INFO - libcommon.so: 8 items loaded.
2025-06-15 02:21:08,025 - SinkIdentifier - INFO - libCfm.so: 0 items loaded.
2025-06-15 02:21:08,026 - SinkIdentifier - INFO - libpthread.so.0: 0 items loaded.
2025-06-15 02:21:08,026 - SinkIdentifier - INFO - libm.so.0: 0 items loaded.
2025-06-15 02:21:08,026 - SinkIdentifier - INFO - libtpi.so: 0 items loaded.
2025-06-15 02:21:08,026 - SinkIdentifier - INFO - libucapi.so: 0 items loaded.
2025-06-15 02:21:08,026 - SinkIdentifier - INFO - libgcc_s.so.1: 0 items loaded.
2025-06-15 02:21:25,883 - SinkIdentifier - INFO - Skipping libCfm.so: already exists in database.
2025-06-15 02:21:25,883 - SinkIdentifier - INFO - Skipping libcommon.so: already exists in database.
2025-06-15 02:21:25,883 - SinkIdentifier - INFO - Skipping libChipApi.so: already exists in database.
2025-06-15 02:21:25,884 - SinkIdentifier - INFO - Skipping libvos_util.so: already exists in database.
2025-06-15 02:21:25,884 - SinkIdentifier - INFO - Skipping libpthread.so.0: already exists in database.
2025-06-15 02:21:25,884 - SinkIdentifier - INFO - Skipping libtpi.so: already exists in database.
2025-06-15 02:21:25,884 - SinkIdentifier - INFO - Skipping libm.so.0: already exists in database.
2025-06-15 02:21:25,884 - SinkIdentifier - INFO - Skipping libucapi.so: already exists in database.
2025-06-15 02:21:25,884 - SinkIdentifier - INFO - Skipping libgcc_s.so.1: already exists in database.
2025-06-15 02:21:28,978 - SinkIdentifier - INFO - [libvos_util.so] Loaded successfully with 0 items.
2025-06-15 02:21:28,978 - SinkIdentifier - INFO - [libChipApi.so] Loaded successfully with 1 items.
2025-06-15 02:21:28,979 - SinkIdentifier - INFO - [libcommon.so] Loaded successfully with 8 items.
2025-06-15 02:21:28,979 - SinkIdentifier - INFO - [libCfm.so] Loaded successfully with 0 items.
2025-06-15 02:21:28,980 - SinkIdentifier - INFO - [libpthread.so.0] Loaded successfully with 0 items.
2025-06-15 02:21:28,980 - SinkIdentifier - INFO - [libm.so.0] Loaded successfully with 0 items.
2025-06-15 02:21:28,980 - SinkIdentifier - INFO - [libtpi.so] Loaded successfully with 0 items.
2025-06-15 02:21:28,980 - SinkIdentifier - INFO - [libucapi.so] Loaded successfully with 0 items.
2025-06-15 02:21:28,981 - SinkIdentifier - INFO - [libgcc_s.so.1] Loaded successfully with 0 items.
2025-06-15 02:21:45,754 - SinkIdentifier - INFO - libvos_util.so: 0 items loaded.
2025-06-15 02:21:45,754 - SinkIdentifier - INFO - libChipApi.so: 1 items loaded.
2025-06-15 02:21:45,755 - SinkIdentifier - INFO - libcommon.so: 8 items loaded.
2025-06-15 02:21:45,755 - SinkIdentifier - INFO - libCfm.so: 0 items loaded.
2025-06-15 02:21:45,755 - SinkIdentifier - INFO - libpthread.so.0: 0 items loaded.
2025-06-15 02:21:45,755 - SinkIdentifier - INFO - libm.so.0: 0 items loaded.
2025-06-15 02:21:45,755 - SinkIdentifier - INFO - libtpi.so: 0 items loaded.
2025-06-15 02:21:45,755 - SinkIdentifier - INFO - libucapi.so: 0 items loaded.
2025-06-15 02:21:45,756 - SinkIdentifier - INFO - libgcc_s.so.1: 0 items loaded.
2025-06-15 02:26:13,144 - SinkIdentifier - INFO - Skipping libCfm.so: already exists in database.
2025-06-15 02:26:13,145 - SinkIdentifier - INFO - Skipping libcommon.so: already exists in database.
2025-06-15 02:26:13,145 - SinkIdentifier - INFO - Skipping libChipApi.so: already exists in database.
2025-06-15 02:26:13,145 - SinkIdentifier - INFO - Skipping libvos_util.so: already exists in database.
2025-06-15 02:26:13,145 - SinkIdentifier - INFO - Skipping libpthread.so.0: already exists in database.
2025-06-15 02:26:13,146 - SinkIdentifier - INFO - Skipping libtpi.so: already exists in database.
2025-06-15 02:26:13,146 - SinkIdentifier - INFO - Skipping libm.so.0: already exists in database.
2025-06-15 02:26:13,146 - SinkIdentifier - INFO - Skipping libucapi.so: already exists in database.
2025-06-15 02:26:13,146 - SinkIdentifier - INFO - Skipping libgcc_s.so.1: already exists in database.
2025-06-15 02:26:15,664 - SinkIdentifier - INFO - [libvos_util.so] Loaded successfully with 0 items.
2025-06-15 02:26:15,664 - SinkIdentifier - INFO - [libChipApi.so] Loaded successfully with 1 items.
2025-06-15 02:26:15,665 - SinkIdentifier - INFO - [libcommon.so] Loaded successfully with 8 items.
2025-06-15 02:26:15,665 - SinkIdentifier - INFO - [libCfm.so] Loaded successfully with 0 items.
2025-06-15 02:26:15,665 - SinkIdentifier - INFO - [libpthread.so.0] Loaded successfully with 0 items.
2025-06-15 02:26:15,666 - SinkIdentifier - INFO - [libm.so.0] Loaded successfully with 0 items.
2025-06-15 02:26:15,666 - SinkIdentifier - INFO - [libtpi.so] Loaded successfully with 0 items.
2025-06-15 02:26:15,666 - SinkIdentifier - INFO - [libucapi.so] Loaded successfully with 0 items.
2025-06-15 02:26:15,666 - SinkIdentifier - INFO - [libgcc_s.so.1] Loaded successfully with 0 items.
2025-06-15 02:26:33,331 - SinkIdentifier - INFO - libvos_util.so: 0 items loaded.
2025-06-15 02:26:33,332 - SinkIdentifier - INFO - libChipApi.so: 1 items loaded.
2025-06-15 02:26:33,332 - SinkIdentifier - INFO - libcommon.so: 8 items loaded.
2025-06-15 02:26:33,332 - SinkIdentifier - INFO - libCfm.so: 0 items loaded.
2025-06-15 02:26:33,333 - SinkIdentifier - INFO - libpthread.so.0: 0 items loaded.
2025-06-15 02:26:33,333 - SinkIdentifier - INFO - libm.so.0: 0 items loaded.
2025-06-15 02:26:33,333 - SinkIdentifier - INFO - libtpi.so: 0 items loaded.
2025-06-15 02:26:33,333 - SinkIdentifier - INFO - libucapi.so: 0 items loaded.
2025-06-15 02:26:33,334 - SinkIdentifier - INFO - libgcc_s.so.1: 0 items loaded.
2025-06-15 02:28:50,527 - SinkIdentifier - INFO - Skipping libCfm.so: already exists in database.
2025-06-15 02:28:50,528 - SinkIdentifier - INFO - Skipping libcommon.so: already exists in database.
2025-06-15 02:28:50,528 - SinkIdentifier - INFO - Skipping libChipApi.so: already exists in database.
2025-06-15 02:28:50,528 - SinkIdentifier - INFO - Skipping libvos_util.so: already exists in database.
2025-06-15 02:28:50,528 - SinkIdentifier - INFO - Skipping libpthread.so.0: already exists in database.
2025-06-15 02:28:50,528 - SinkIdentifier - INFO - Skipping libtpi.so: already exists in database.
2025-06-15 02:28:50,528 - SinkIdentifier - INFO - Skipping libm.so.0: already exists in database.
2025-06-15 02:28:50,529 - SinkIdentifier - INFO - Skipping libucapi.so: already exists in database.
2025-06-15 02:28:50,529 - SinkIdentifier - INFO - Skipping libgcc_s.so.1: already exists in database.
2025-06-15 02:28:53,537 - SinkIdentifier - INFO - [libvos_util.so] Loaded successfully with 0 items.
2025-06-15 02:28:53,538 - SinkIdentifier - INFO - [libChipApi.so] Loaded successfully with 1 items.
2025-06-15 02:28:53,538 - SinkIdentifier - INFO - [libcommon.so] Loaded successfully with 8 items.
2025-06-15 02:28:53,538 - SinkIdentifier - INFO - [libCfm.so] Loaded successfully with 0 items.
2025-06-15 02:28:53,539 - SinkIdentifier - INFO - [libpthread.so.0] Loaded successfully with 0 items.
2025-06-15 02:28:53,539 - SinkIdentifier - INFO - [libm.so.0] Loaded successfully with 0 items.
2025-06-15 02:28:53,539 - SinkIdentifier - INFO - [libtpi.so] Loaded successfully with 0 items.
2025-06-15 02:28:53,539 - SinkIdentifier - INFO - [libucapi.so] Loaded successfully with 0 items.
2025-06-15 02:28:53,539 - SinkIdentifier - INFO - [libgcc_s.so.1] Loaded successfully with 0 items.
2025-06-15 02:29:10,832 - SinkIdentifier - INFO - libvos_util.so: 0 items loaded.
2025-06-15 02:29:10,832 - SinkIdentifier - INFO - libChipApi.so: 1 items loaded.
2025-06-15 02:29:10,833 - SinkIdentifier - INFO - libcommon.so: 8 items loaded.
2025-06-15 02:29:10,833 - SinkIdentifier - INFO - libCfm.so: 0 items loaded.
2025-06-15 02:29:10,834 - SinkIdentifier - INFO - libpthread.so.0: 0 items loaded.
2025-06-15 02:29:10,834 - SinkIdentifier - INFO - libm.so.0: 0 items loaded.
2025-06-15 02:29:10,834 - SinkIdentifier - INFO - libtpi.so: 0 items loaded.
2025-06-15 02:29:10,834 - SinkIdentifier - INFO - libucapi.so: 0 items loaded.
2025-06-15 02:29:10,835 - SinkIdentifier - INFO - libgcc_s.so.1: 0 items loaded.
2025-06-15 02:31:18,509 - SinkIdentifier - INFO - Skipping libCfm.so: already exists in database.
2025-06-15 02:31:18,510 - SinkIdentifier - INFO - Skipping libcommon.so: already exists in database.
2025-06-15 02:31:18,510 - SinkIdentifier - INFO - Skipping libChipApi.so: already exists in database.
2025-06-15 02:31:18,510 - SinkIdentifier - INFO - Skipping libvos_util.so: already exists in database.
2025-06-15 02:31:18,510 - SinkIdentifier - INFO - Skipping libpthread.so.0: already exists in database.
2025-06-15 02:31:18,511 - SinkIdentifier - INFO - Skipping libtpi.so: already exists in database.
2025-06-15 02:31:18,511 - SinkIdentifier - INFO - Skipping libm.so.0: already exists in database.
2025-06-15 02:31:18,511 - SinkIdentifier - INFO - Skipping libucapi.so: already exists in database.
2025-06-15 02:31:18,511 - SinkIdentifier - INFO - Skipping libgcc_s.so.1: already exists in database.
2025-06-15 02:31:21,236 - SinkIdentifier - INFO - [libvos_util.so] Loaded successfully with 0 items.
2025-06-15 02:31:21,237 - SinkIdentifier - INFO - [libChipApi.so] Loaded successfully with 1 items.
2025-06-15 02:31:21,237 - SinkIdentifier - INFO - [libcommon.so] Loaded successfully with 8 items.
2025-06-15 02:31:21,238 - SinkIdentifier - INFO - [libCfm.so] Loaded successfully with 0 items.
2025-06-15 02:31:21,238 - SinkIdentifier - INFO - [libpthread.so.0] Loaded successfully with 0 items.
2025-06-15 02:31:21,238 - SinkIdentifier - INFO - [libm.so.0] Loaded successfully with 0 items.
2025-06-15 02:31:21,238 - SinkIdentifier - INFO - [libtpi.so] Loaded successfully with 0 items.
2025-06-15 02:31:21,239 - SinkIdentifier - INFO - [libucapi.so] Loaded successfully with 0 items.
2025-06-15 02:31:21,239 - SinkIdentifier - INFO - [libgcc_s.so.1] Loaded successfully with 0 items.
2025-06-15 02:31:36,839 - SinkIdentifier - INFO - libvos_util.so: 0 items loaded.
2025-06-15 02:31:36,840 - SinkIdentifier - INFO - libChipApi.so: 1 items loaded.
2025-06-15 02:31:36,841 - SinkIdentifier - INFO - libcommon.so: 8 items loaded.
2025-06-15 02:31:36,841 - SinkIdentifier - INFO - libCfm.so: 0 items loaded.
2025-06-15 02:31:36,842 - SinkIdentifier - INFO - libpthread.so.0: 0 items loaded.
2025-06-15 02:31:36,842 - SinkIdentifier - INFO - libm.so.0: 0 items loaded.
2025-06-15 02:31:36,842 - SinkIdentifier - INFO - libtpi.so: 0 items loaded.
2025-06-15 02:31:36,843 - SinkIdentifier - INFO - libucapi.so: 0 items loaded.
2025-06-15 02:31:36,843 - SinkIdentifier - INFO - libgcc_s.so.1: 0 items loaded.
2025-06-15 06:53:09,274 - SinkIdentifier - INFO - Skipping libCfm.so: already exists in database.
2025-06-15 06:53:09,274 - SinkIdentifier - INFO - Skipping libcommon.so: already exists in database.
2025-06-15 06:53:09,274 - SinkIdentifier - INFO - Skipping libChipApi.so: already exists in database.
2025-06-15 06:53:09,275 - SinkIdentifier - INFO - Skipping libvos_util.so: already exists in database.
2025-06-15 06:53:09,275 - SinkIdentifier - INFO - Skipping libpthread.so.0: already exists in database.
2025-06-15 06:53:09,275 - SinkIdentifier - INFO - Skipping libtpi.so: already exists in database.
2025-06-15 06:53:09,275 - SinkIdentifier - INFO - Skipping libm.so.0: already exists in database.
2025-06-15 06:53:09,275 - SinkIdentifier - INFO - Skipping libucapi.so: already exists in database.
2025-06-15 06:53:09,275 - SinkIdentifier - INFO - Skipping libgcc_s.so.1: already exists in database.
2025-06-15 06:53:11,102 - SinkIdentifier - INFO - [libvos_util.so] Loaded successfully with 0 items.
2025-06-15 06:53:11,102 - SinkIdentifier - INFO - [libChipApi.so] Loaded successfully with 1 items.
2025-06-15 06:53:11,102 - SinkIdentifier - INFO - [libcommon.so] Loaded successfully with 8 items.
2025-06-15 06:53:11,102 - SinkIdentifier - INFO - [libCfm.so] Loaded successfully with 0 items.
2025-06-15 06:53:11,103 - SinkIdentifier - INFO - [libpthread.so.0] Loaded successfully with 0 items.
2025-06-15 06:53:11,103 - SinkIdentifier - INFO - [libm.so.0] Loaded successfully with 0 items.
2025-06-15 06:53:11,103 - SinkIdentifier - INFO - [libtpi.so] Loaded successfully with 0 items.
2025-06-15 06:53:11,104 - SinkIdentifier - INFO - [libucapi.so] Loaded successfully with 0 items.
2025-06-15 06:53:11,104 - SinkIdentifier - INFO - [libgcc_s.so.1] Loaded successfully with 0 items.
2025-06-15 06:54:04,621 - SinkIdentifier - INFO - libvos_util.so: 0 items loaded.
2025-06-15 06:54:04,621 - SinkIdentifier - INFO - libChipApi.so: 1 items loaded.
2025-06-15 06:54:04,621 - SinkIdentifier - INFO - libcommon.so: 8 items loaded.
2025-06-15 06:54:04,621 - SinkIdentifier - INFO - libCfm.so: 0 items loaded.
2025-06-15 06:54:04,622 - SinkIdentifier - INFO - libpthread.so.0: 0 items loaded.
2025-06-15 06:54:04,622 - SinkIdentifier - INFO - libm.so.0: 0 items loaded.
2025-06-15 06:54:04,622 - SinkIdentifier - INFO - libtpi.so: 0 items loaded.
2025-06-15 06:54:04,622 - SinkIdentifier - INFO - libucapi.so: 0 items loaded.
2025-06-15 06:54:04,622 - SinkIdentifier - INFO - libgcc_s.so.1: 0 items loaded.
2025-06-15 07:07:17,123 - SinkIdentifier - INFO - Skipping libCfm.so: already exists in database.
2025-06-15 07:07:17,123 - SinkIdentifier - INFO - Skipping libcommon.so: already exists in database.
2025-06-15 07:07:17,124 - SinkIdentifier - INFO - Skipping libChipApi.so: already exists in database.
2025-06-15 07:07:17,124 - SinkIdentifier - INFO - Skipping libvos_util.so: already exists in database.
2025-06-15 07:07:17,124 - SinkIdentifier - INFO - Skipping libpthread.so.0: already exists in database.
2025-06-15 07:07:17,124 - SinkIdentifier - INFO - Skipping libtpi.so: already exists in database.
2025-06-15 07:07:17,125 - SinkIdentifier - INFO - Skipping libm.so.0: already exists in database.
2025-06-15 07:07:17,125 - SinkIdentifier - INFO - Skipping libucapi.so: already exists in database.
2025-06-15 07:07:17,126 - SinkIdentifier - INFO - Skipping libgcc_s.so.1: already exists in database.
2025-06-15 07:07:18,885 - SinkIdentifier - INFO - [libvos_util.so] Loaded successfully with 0 items.
2025-06-15 07:07:18,886 - SinkIdentifier - INFO - [libChipApi.so] Loaded successfully with 1 items.
2025-06-15 07:07:18,886 - SinkIdentifier - INFO - [libcommon.so] Loaded successfully with 8 items.
2025-06-15 07:07:18,886 - SinkIdentifier - INFO - [libCfm.so] Loaded successfully with 0 items.
2025-06-15 07:07:18,887 - SinkIdentifier - INFO - [libpthread.so.0] Loaded successfully with 0 items.
2025-06-15 07:07:18,887 - SinkIdentifier - INFO - [libm.so.0] Loaded successfully with 0 items.
2025-06-15 07:07:18,887 - SinkIdentifier - INFO - [libtpi.so] Loaded successfully with 0 items.
2025-06-15 07:07:18,887 - SinkIdentifier - INFO - [libucapi.so] Loaded successfully with 0 items.
2025-06-15 07:07:18,887 - SinkIdentifier - INFO - [libgcc_s.so.1] Loaded successfully with 0 items.
2025-06-15 07:07:34,541 - SinkIdentifier - INFO - libvos_util.so: 0 items loaded.
2025-06-15 07:07:34,541 - SinkIdentifier - INFO - libChipApi.so: 1 items loaded.
2025-06-15 07:07:34,541 - SinkIdentifier - INFO - libcommon.so: 8 items loaded.
2025-06-15 07:07:34,542 - SinkIdentifier - INFO - libCfm.so: 0 items loaded.
2025-06-15 07:07:34,542 - SinkIdentifier - INFO - libpthread.so.0: 0 items loaded.
2025-06-15 07:07:34,542 - SinkIdentifier - INFO - libm.so.0: 0 items loaded.
2025-06-15 07:07:34,542 - SinkIdentifier - INFO - libtpi.so: 0 items loaded.
2025-06-15 07:07:34,542 - SinkIdentifier - INFO - libucapi.so: 0 items loaded.
2025-06-15 07:07:34,542 - SinkIdentifier - INFO - libgcc_s.so.1: 0 items loaded.
2025-06-15 07:11:36,424 - SinkIdentifier - INFO - Skipping libCfm.so: already exists in database.
2025-06-15 07:11:36,424 - SinkIdentifier - INFO - Skipping libcommon.so: already exists in database.
2025-06-15 07:11:36,424 - SinkIdentifier - INFO - Skipping libChipApi.so: already exists in database.
2025-06-15 07:11:36,425 - SinkIdentifier - INFO - Skipping libvos_util.so: already exists in database.
2025-06-15 07:11:36,425 - SinkIdentifier - INFO - Skipping libpthread.so.0: already exists in database.
2025-06-15 07:11:36,425 - SinkIdentifier - INFO - Skipping libtpi.so: already exists in database.
2025-06-15 07:11:36,425 - SinkIdentifier - INFO - Skipping libm.so.0: already exists in database.
2025-06-15 07:11:36,425 - SinkIdentifier - INFO - Skipping libucapi.so: already exists in database.
2025-06-15 07:11:36,426 - SinkIdentifier - INFO - Skipping libgcc_s.so.1: already exists in database.
2025-06-15 07:11:38,661 - SinkIdentifier - INFO - [libvos_util.so] Loaded successfully with 0 items.
2025-06-15 07:11:38,661 - SinkIdentifier - INFO - [libChipApi.so] Loaded successfully with 1 items.
2025-06-15 07:11:38,661 - SinkIdentifier - INFO - [libcommon.so] Loaded successfully with 8 items.
2025-06-15 07:11:38,662 - SinkIdentifier - INFO - [libCfm.so] Loaded successfully with 0 items.
2025-06-15 07:11:38,662 - SinkIdentifier - INFO - [libpthread.so.0] Loaded successfully with 0 items.
2025-06-15 07:11:38,662 - SinkIdentifier - INFO - [libm.so.0] Loaded successfully with 0 items.
2025-06-15 07:11:38,663 - SinkIdentifier - INFO - [libtpi.so] Loaded successfully with 0 items.
2025-06-15 07:11:38,663 - SinkIdentifier - INFO - [libucapi.so] Loaded successfully with 0 items.
2025-06-15 07:11:38,663 - SinkIdentifier - INFO - [libgcc_s.so.1] Loaded successfully with 0 items.
2025-06-15 07:12:07,802 - SinkIdentifier - INFO - libvos_util.so: 0 items loaded.
2025-06-15 07:12:07,803 - SinkIdentifier - INFO - libChipApi.so: 1 items loaded.
2025-06-15 07:12:07,803 - SinkIdentifier - INFO - libcommon.so: 8 items loaded.
2025-06-15 07:12:07,803 - SinkIdentifier - INFO - libCfm.so: 0 items loaded.
2025-06-15 07:12:07,804 - SinkIdentifier - INFO - libpthread.so.0: 0 items loaded.
2025-06-15 07:12:07,804 - SinkIdentifier - INFO - libm.so.0: 0 items loaded.
2025-06-15 07:12:07,804 - SinkIdentifier - INFO - libtpi.so: 0 items loaded.
2025-06-15 07:12:07,804 - SinkIdentifier - INFO - libucapi.so: 0 items loaded.
2025-06-15 07:12:07,805 - SinkIdentifier - INFO - libgcc_s.so.1: 0 items loaded.
2025-06-15 07:38:22,323 - SinkIdentifier - INFO - Skipping libCfm.so: already exists in database.
2025-06-15 07:38:22,324 - SinkIdentifier - INFO - Skipping libcommon.so: already exists in database.
2025-06-15 07:38:22,324 - SinkIdentifier - INFO - Skipping libChipApi.so: already exists in database.
2025-06-15 07:38:22,324 - SinkIdentifier - INFO - Skipping libvos_util.so: already exists in database.
2025-06-15 07:38:22,324 - SinkIdentifier - INFO - Skipping libpthread.so.0: already exists in database.
2025-06-15 07:38:22,324 - SinkIdentifier - INFO - Skipping libtpi.so: already exists in database.
2025-06-15 07:38:22,324 - SinkIdentifier - INFO - Skipping libm.so.0: already exists in database.
2025-06-15 07:38:22,324 - SinkIdentifier - INFO - Skipping libucapi.so: already exists in database.
2025-06-15 07:38:22,324 - SinkIdentifier - INFO - Skipping libgcc_s.so.1: already exists in database.
2025-06-15 07:38:22,964 - SinkIdentifier - INFO - [libvos_util.so] Loaded successfully with 0 items.
2025-06-15 07:38:22,965 - SinkIdentifier - INFO - [libChipApi.so] Loaded successfully with 1 items.
2025-06-15 07:38:22,965 - SinkIdentifier - INFO - [libcommon.so] Loaded successfully with 8 items.
2025-06-15 07:38:22,966 - SinkIdentifier - INFO - [libCfm.so] Loaded successfully with 0 items.
2025-06-15 07:38:22,966 - SinkIdentifier - INFO - [libpthread.so.0] Loaded successfully with 0 items.
2025-06-15 07:38:22,966 - SinkIdentifier - INFO - [libm.so.0] Loaded successfully with 0 items.
2025-06-15 07:38:22,967 - SinkIdentifier - INFO - [libtpi.so] Loaded successfully with 0 items.
2025-06-15 07:38:22,967 - SinkIdentifier - INFO - [libucapi.so] Loaded successfully with 0 items.
2025-06-15 07:38:22,967 - SinkIdentifier - INFO - [libgcc_s.so.1] Loaded successfully with 0 items.
2025-06-15 07:38:39,092 - SinkIdentifier - INFO - libvos_util.so: 0 items loaded.
2025-06-15 07:38:39,093 - SinkIdentifier - INFO - libChipApi.so: 1 items loaded.
2025-06-15 07:38:39,093 - SinkIdentifier - INFO - libcommon.so: 8 items loaded.
2025-06-15 07:38:39,093 - SinkIdentifier - INFO - libCfm.so: 0 items loaded.
2025-06-15 07:38:39,093 - SinkIdentifier - INFO - libpthread.so.0: 0 items loaded.
2025-06-15 07:38:39,093 - SinkIdentifier - INFO - libm.so.0: 0 items loaded.
2025-06-15 07:38:39,094 - SinkIdentifier - INFO - libtpi.so: 0 items loaded.
2025-06-15 07:38:39,094 - SinkIdentifier - INFO - libucapi.so: 0 items loaded.
2025-06-15 07:38:39,094 - SinkIdentifier - INFO - libgcc_s.so.1: 0 items loaded.
2025-06-15 07:58:22,857 - SinkIdentifier - INFO - Skipping libCfm.so: already exists in database.
2025-06-15 07:58:22,858 - SinkIdentifier - INFO - Skipping libcommon.so: already exists in database.
2025-06-15 07:58:22,858 - SinkIdentifier - INFO - Skipping libChipApi.so: already exists in database.
2025-06-15 07:58:22,858 - SinkIdentifier - INFO - Skipping libvos_util.so: already exists in database.
2025-06-15 07:58:22,858 - SinkIdentifier - INFO - Skipping libpthread.so.0: already exists in database.
2025-06-15 07:58:22,859 - SinkIdentifier - INFO - Skipping libtpi.so: already exists in database.
2025-06-15 07:58:22,859 - SinkIdentifier - INFO - Skipping libm.so.0: already exists in database.
2025-06-15 07:58:22,859 - SinkIdentifier - INFO - Skipping libucapi.so: already exists in database.
2025-06-15 07:58:22,859 - SinkIdentifier - INFO - Skipping libgcc_s.so.1: already exists in database.
2025-06-15 07:58:23,481 - SinkIdentifier - INFO - [libvos_util.so] Loaded successfully with 0 items.
2025-06-15 07:58:23,482 - SinkIdentifier - INFO - [libChipApi.so] Loaded successfully with 1 items.
2025-06-15 07:58:23,482 - SinkIdentifier - INFO - [libcommon.so] Loaded successfully with 8 items.
2025-06-15 07:58:23,482 - SinkIdentifier - INFO - [libCfm.so] Loaded successfully with 0 items.
2025-06-15 07:58:23,482 - SinkIdentifier - INFO - [libpthread.so.0] Loaded successfully with 0 items.
2025-06-15 07:58:23,483 - SinkIdentifier - INFO - [libm.so.0] Loaded successfully with 0 items.
2025-06-15 07:58:23,483 - SinkIdentifier - INFO - [libtpi.so] Loaded successfully with 0 items.
2025-06-15 07:58:23,483 - SinkIdentifier - INFO - [libucapi.so] Loaded successfully with 0 items.
2025-06-15 07:58:23,483 - SinkIdentifier - INFO - [libgcc_s.so.1] Loaded successfully with 0 items.
2025-06-15 07:58:39,957 - SinkIdentifier - INFO - libvos_util.so: 0 items loaded.
2025-06-15 07:58:39,957 - SinkIdentifier - INFO - libChipApi.so: 1 items loaded.
2025-06-15 07:58:39,958 - SinkIdentifier - INFO - libcommon.so: 8 items loaded.
2025-06-15 07:58:39,958 - SinkIdentifier - INFO - libCfm.so: 0 items loaded.
2025-06-15 07:58:39,958 - SinkIdentifier - INFO - libpthread.so.0: 0 items loaded.
2025-06-15 07:58:39,958 - SinkIdentifier - INFO - libm.so.0: 0 items loaded.
2025-06-15 07:58:39,958 - SinkIdentifier - INFO - libtpi.so: 0 items loaded.
2025-06-15 07:58:39,958 - SinkIdentifier - INFO - libucapi.so: 0 items loaded.
2025-06-15 07:58:39,959 - SinkIdentifier - INFO - libgcc_s.so.1: 0 items loaded.
2025-06-15 22:27:03,993 - SinkIdentifier - INFO - [libvos_util.so] Loaded successfully with 0 items.
2025-06-15 22:27:03,995 - SinkIdentifier - INFO - [libChipApi.so] Loaded successfully with 1 items.
2025-06-15 22:27:03,995 - SinkIdentifier - INFO - [libCfm.so] Loaded successfully with 0 items.
2025-06-15 22:27:03,996 - SinkIdentifier - INFO - [libcommon.so] Loaded successfully with 8 items.
2025-06-15 22:27:03,996 - SinkIdentifier - INFO - [libpthread.so.0] Loaded successfully with 0 items.
2025-06-15 22:27:03,996 - SinkIdentifier - INFO - [libm.so.0] Loaded successfully with 0 items.
2025-06-15 22:27:03,996 - SinkIdentifier - INFO - [libucapi.so] Loaded successfully with 0 items.
2025-06-15 22:27:03,997 - SinkIdentifier - INFO - [libtpi.so] Loaded successfully with 0 items.
2025-06-15 22:27:03,997 - SinkIdentifier - INFO - [libgcc_s.so.1] Loaded successfully with 0 items.
2025-06-15 22:27:27,960 - SinkIdentifier - INFO - libvos_util.so: 0 items loaded.
2025-06-15 22:27:27,960 - SinkIdentifier - INFO - libChipApi.so: 1 items loaded.
2025-06-15 22:27:27,961 - SinkIdentifier - INFO - libCfm.so: 0 items loaded.
2025-06-15 22:27:27,961 - SinkIdentifier - INFO - libcommon.so: 8 items loaded.
2025-06-15 22:27:27,961 - SinkIdentifier - INFO - libpthread.so.0: 0 items loaded.
2025-06-15 22:27:27,961 - SinkIdentifier - INFO - libm.so.0: 0 items loaded.
2025-06-15 22:27:27,962 - SinkIdentifier - INFO - libucapi.so: 0 items loaded.
2025-06-15 22:27:27,962 - SinkIdentifier - INFO - libtpi.so: 0 items loaded.
2025-06-15 22:27:27,962 - SinkIdentifier - INFO - libgcc_s.so.1: 0 items loaded.
2025-06-15 22:40:48,298 - SinkIdentifier - INFO - Skipping libCfm.so: already exists in database.
2025-06-15 22:40:48,298 - SinkIdentifier - INFO - Skipping libcommon.so: already exists in database.
2025-06-15 22:40:48,298 - SinkIdentifier - INFO - Skipping libChipApi.so: already exists in database.
2025-06-15 22:40:48,298 - SinkIdentifier - INFO - Skipping libvos_util.so: already exists in database.
2025-06-15 22:40:48,299 - SinkIdentifier - INFO - Skipping libpthread.so.0: already exists in database.
2025-06-15 22:40:48,299 - SinkIdentifier - INFO - Skipping libtpi.so: already exists in database.
2025-06-15 22:40:48,299 - SinkIdentifier - INFO - Skipping libm.so.0: already exists in database.
2025-06-15 22:40:48,300 - SinkIdentifier - INFO - Skipping libucapi.so: already exists in database.
2025-06-15 22:40:48,300 - SinkIdentifier - INFO - Skipping libgcc_s.so.1: already exists in database.
2025-06-15 22:40:49,487 - SinkIdentifier - INFO - [libvos_util.so] Loaded successfully with 0 items.
2025-06-15 22:40:49,487 - SinkIdentifier - INFO - [libChipApi.so] Loaded successfully with 1 items.
2025-06-15 22:40:49,488 - SinkIdentifier - INFO - [libCfm.so] Loaded successfully with 0 items.
2025-06-15 22:40:49,488 - SinkIdentifier - INFO - [libcommon.so] Loaded successfully with 8 items.
2025-06-15 22:40:49,488 - SinkIdentifier - INFO - [libpthread.so.0] Loaded successfully with 0 items.
2025-06-15 22:40:49,489 - SinkIdentifier - INFO - [libm.so.0] Loaded successfully with 0 items.
2025-06-15 22:40:49,489 - SinkIdentifier - INFO - [libucapi.so] Loaded successfully with 0 items.
2025-06-15 22:40:49,489 - SinkIdentifier - INFO - [libtpi.so] Loaded successfully with 0 items.
2025-06-15 22:40:49,489 - SinkIdentifier - INFO - [libgcc_s.so.1] Loaded successfully with 0 items.
2025-06-15 22:41:07,496 - SinkIdentifier - INFO - libvos_util.so: 0 items loaded.
2025-06-15 22:41:07,497 - SinkIdentifier - INFO - libChipApi.so: 1 items loaded.
2025-06-15 22:41:07,497 - SinkIdentifier - INFO - libCfm.so: 0 items loaded.
2025-06-15 22:41:07,497 - SinkIdentifier - INFO - libcommon.so: 8 items loaded.
2025-06-15 22:41:07,497 - SinkIdentifier - INFO - libpthread.so.0: 0 items loaded.
2025-06-15 22:41:07,497 - SinkIdentifier - INFO - libm.so.0: 0 items loaded.
2025-06-15 22:41:07,498 - SinkIdentifier - INFO - libucapi.so: 0 items loaded.
2025-06-15 22:41:07,498 - SinkIdentifier - INFO - libtpi.so: 0 items loaded.
2025-06-15 22:41:07,498 - SinkIdentifier - INFO - libgcc_s.so.1: 0 items loaded.
2025-06-15 22:49:18,479 - SinkIdentifier - INFO - Skipping libCfm.so: already exists in database.
2025-06-15 22:49:18,479 - SinkIdentifier - INFO - Skipping libcommon.so: already exists in database.
2025-06-15 22:49:18,480 - SinkIdentifier - INFO - Skipping libChipApi.so: already exists in database.
2025-06-15 22:49:18,480 - SinkIdentifier - INFO - Skipping libvos_util.so: already exists in database.
2025-06-15 22:49:18,480 - SinkIdentifier - INFO - Skipping libpthread.so.0: already exists in database.
2025-06-15 22:49:18,480 - SinkIdentifier - INFO - Skipping libtpi.so: already exists in database.
2025-06-15 22:49:18,480 - SinkIdentifier - INFO - Skipping libm.so.0: already exists in database.
2025-06-15 22:49:18,480 - SinkIdentifier - INFO - Skipping libucapi.so: already exists in database.
2025-06-15 22:49:18,480 - SinkIdentifier - INFO - Skipping libgcc_s.so.1: already exists in database.
2025-06-15 22:49:19,315 - SinkIdentifier - INFO - [libvos_util.so] Loaded successfully with 0 items.
2025-06-15 22:49:19,316 - SinkIdentifier - INFO - [libChipApi.so] Loaded successfully with 1 items.
2025-06-15 22:49:19,317 - SinkIdentifier - INFO - [libCfm.so] Loaded successfully with 0 items.
2025-06-15 22:49:19,317 - SinkIdentifier - INFO - [libcommon.so] Loaded successfully with 8 items.
2025-06-15 22:49:19,317 - SinkIdentifier - INFO - [libpthread.so.0] Loaded successfully with 0 items.
2025-06-15 22:49:19,317 - SinkIdentifier - INFO - [libm.so.0] Loaded successfully with 0 items.
2025-06-15 22:49:19,318 - SinkIdentifier - INFO - [libucapi.so] Loaded successfully with 0 items.
2025-06-15 22:49:19,318 - SinkIdentifier - INFO - [libtpi.so] Loaded successfully with 0 items.
2025-06-15 22:49:19,318 - SinkIdentifier - INFO - [libgcc_s.so.1] Loaded successfully with 0 items.
2025-06-15 22:49:38,172 - SinkIdentifier - INFO - libvos_util.so: 0 items loaded.
2025-06-15 22:49:38,172 - SinkIdentifier - INFO - libChipApi.so: 1 items loaded.
2025-06-15 22:49:38,172 - SinkIdentifier - INFO - libCfm.so: 0 items loaded.
2025-06-15 22:49:38,173 - SinkIdentifier - INFO - libcommon.so: 8 items loaded.
2025-06-15 22:49:38,173 - SinkIdentifier - INFO - libpthread.so.0: 0 items loaded.
2025-06-15 22:49:38,173 - SinkIdentifier - INFO - libm.so.0: 0 items loaded.
2025-06-15 22:49:38,173 - SinkIdentifier - INFO - libucapi.so: 0 items loaded.
2025-06-15 22:49:38,174 - SinkIdentifier - INFO - libtpi.so: 0 items loaded.
2025-06-15 22:49:38,175 - SinkIdentifier - INFO - libgcc_s.so.1: 0 items loaded.
2025-06-15 22:57:27,142 - SinkIdentifier - INFO - Skipping libCfm.so: already exists in database.
2025-06-15 22:57:27,143 - SinkIdentifier - INFO - Skipping libcommon.so: already exists in database.
2025-06-15 22:57:27,143 - SinkIdentifier - INFO - Skipping libChipApi.so: already exists in database.
2025-06-15 22:57:27,143 - SinkIdentifier - INFO - Skipping libvos_util.so: already exists in database.
2025-06-15 22:57:27,143 - SinkIdentifier - INFO - Skipping libpthread.so.0: already exists in database.
2025-06-15 22:57:27,144 - SinkIdentifier - INFO - Skipping libtpi.so: already exists in database.
2025-06-15 22:57:27,144 - SinkIdentifier - INFO - Skipping libm.so.0: already exists in database.
2025-06-15 22:57:27,144 - SinkIdentifier - INFO - Skipping libucapi.so: already exists in database.
2025-06-15 22:57:27,144 - SinkIdentifier - INFO - Skipping libgcc_s.so.1: already exists in database.
2025-06-15 22:57:28,245 - SinkIdentifier - INFO - [libvos_util.so] Loaded successfully with 0 items.
2025-06-15 22:57:28,246 - SinkIdentifier - INFO - [libChipApi.so] Loaded successfully with 1 items.
2025-06-15 22:57:28,246 - SinkIdentifier - INFO - [libCfm.so] Loaded successfully with 0 items.
2025-06-15 22:57:28,246 - SinkIdentifier - INFO - [libcommon.so] Loaded successfully with 8 items.
2025-06-15 22:57:28,246 - SinkIdentifier - INFO - [libpthread.so.0] Loaded successfully with 0 items.
2025-06-15 22:57:28,247 - SinkIdentifier - INFO - [libm.so.0] Loaded successfully with 0 items.
2025-06-15 22:57:28,250 - SinkIdentifier - INFO - [libucapi.so] Loaded successfully with 0 items.
2025-06-15 22:57:28,250 - SinkIdentifier - INFO - [libtpi.so] Loaded successfully with 0 items.
2025-06-15 22:57:28,250 - SinkIdentifier - INFO - [libgcc_s.so.1] Loaded successfully with 0 items.
2025-06-15 22:57:47,626 - SinkIdentifier - INFO - libvos_util.so: 0 items loaded.
2025-06-15 22:57:47,626 - SinkIdentifier - INFO - libChipApi.so: 1 items loaded.
2025-06-15 22:57:47,626 - SinkIdentifier - INFO - libCfm.so: 0 items loaded.
2025-06-15 22:57:47,627 - SinkIdentifier - INFO - libcommon.so: 8 items loaded.
2025-06-15 22:57:47,627 - SinkIdentifier - INFO - libpthread.so.0: 0 items loaded.
2025-06-15 22:57:47,627 - SinkIdentifier - INFO - libm.so.0: 0 items loaded.
2025-06-15 22:57:47,627 - SinkIdentifier - INFO - libucapi.so: 0 items loaded.
2025-06-15 22:57:47,627 - SinkIdentifier - INFO - libtpi.so: 0 items loaded.
2025-06-15 22:57:47,628 - SinkIdentifier - INFO - libgcc_s.so.1: 0 items loaded.
2025-06-15 23:07:49,386 - SinkIdentifier - INFO - Skipping libCfm.so: already exists in database.
2025-06-15 23:07:49,387 - SinkIdentifier - INFO - Skipping libcommon.so: already exists in database.
2025-06-15 23:07:49,387 - SinkIdentifier - INFO - Skipping libChipApi.so: already exists in database.
2025-06-15 23:07:49,387 - SinkIdentifier - INFO - Skipping libvos_util.so: already exists in database.
2025-06-15 23:07:49,388 - SinkIdentifier - INFO - Skipping libpthread.so.0: already exists in database.
2025-06-15 23:07:49,388 - SinkIdentifier - INFO - Skipping libtpi.so: already exists in database.
2025-06-15 23:07:49,388 - SinkIdentifier - INFO - Skipping libm.so.0: already exists in database.
2025-06-15 23:07:49,388 - SinkIdentifier - INFO - Skipping libucapi.so: already exists in database.
2025-06-15 23:07:49,388 - SinkIdentifier - INFO - Skipping libgcc_s.so.1: already exists in database.
2025-06-15 23:07:50,169 - SinkIdentifier - INFO - [libvos_util.so] Loaded successfully with 0 items.
2025-06-15 23:07:50,170 - SinkIdentifier - INFO - [libChipApi.so] Loaded successfully with 1 items.
2025-06-15 23:07:50,170 - SinkIdentifier - INFO - [libCfm.so] Loaded successfully with 0 items.
2025-06-15 23:07:50,171 - SinkIdentifier - INFO - [libcommon.so] Loaded successfully with 8 items.
2025-06-15 23:07:50,171 - SinkIdentifier - INFO - [libpthread.so.0] Loaded successfully with 0 items.
2025-06-15 23:07:50,171 - SinkIdentifier - INFO - [libm.so.0] Loaded successfully with 0 items.
2025-06-15 23:07:50,171 - SinkIdentifier - INFO - [libucapi.so] Loaded successfully with 0 items.
2025-06-15 23:07:50,171 - SinkIdentifier - INFO - [libtpi.so] Loaded successfully with 0 items.
2025-06-15 23:07:50,171 - SinkIdentifier - INFO - [libgcc_s.so.1] Loaded successfully with 0 items.
2025-06-15 23:08:08,064 - SinkIdentifier - INFO - libvos_util.so: 0 items loaded.
2025-06-15 23:08:08,065 - SinkIdentifier - INFO - libChipApi.so: 1 items loaded.
2025-06-15 23:08:08,065 - SinkIdentifier - INFO - libCfm.so: 0 items loaded.
2025-06-15 23:08:08,065 - SinkIdentifier - INFO - libcommon.so: 8 items loaded.
2025-06-15 23:08:08,065 - SinkIdentifier - INFO - libpthread.so.0: 0 items loaded.
2025-06-15 23:08:08,066 - SinkIdentifier - INFO - libm.so.0: 0 items loaded.
2025-06-15 23:08:08,066 - SinkIdentifier - INFO - libucapi.so: 0 items loaded.
2025-06-15 23:08:08,066 - SinkIdentifier - INFO - libtpi.so: 0 items loaded.
2025-06-15 23:08:08,066 - SinkIdentifier - INFO - libgcc_s.so.1: 0 items loaded.
2025-06-15 23:20:11,656 - SinkIdentifier - INFO - Skipping libCfm.so: already exists in database.
2025-06-15 23:20:11,657 - SinkIdentifier - INFO - Skipping libcommon.so: already exists in database.
2025-06-15 23:20:11,657 - SinkIdentifier - INFO - Skipping libChipApi.so: already exists in database.
2025-06-15 23:20:11,657 - SinkIdentifier - INFO - Skipping libvos_util.so: already exists in database.
2025-06-15 23:20:11,657 - SinkIdentifier - INFO - Skipping libpthread.so.0: already exists in database.
2025-06-15 23:20:11,657 - SinkIdentifier - INFO - Skipping libtpi.so: already exists in database.
2025-06-15 23:20:11,657 - SinkIdentifier - INFO - Skipping libm.so.0: already exists in database.
2025-06-15 23:20:11,658 - SinkIdentifier - INFO - Skipping libucapi.so: already exists in database.
2025-06-15 23:20:11,658 - SinkIdentifier - INFO - Skipping libgcc_s.so.1: already exists in database.
2025-06-15 23:21:24,227 - SinkIdentifier - INFO - [libvos_util.so] Loaded successfully with 0 items.
2025-06-15 23:21:24,228 - SinkIdentifier - INFO - [libChipApi.so] Loaded successfully with 1 items.
2025-06-15 23:21:24,228 - SinkIdentifier - INFO - [libCfm.so] Loaded successfully with 0 items.
2025-06-15 23:21:24,228 - SinkIdentifier - INFO - [libcommon.so] Loaded successfully with 8 items.
2025-06-15 23:21:24,228 - SinkIdentifier - INFO - [libpthread.so.0] Loaded successfully with 0 items.
2025-06-15 23:21:24,228 - SinkIdentifier - INFO - [libm.so.0] Loaded successfully with 0 items.
2025-06-15 23:21:24,228 - SinkIdentifier - INFO - [libucapi.so] Loaded successfully with 0 items.
2025-06-15 23:21:24,228 - SinkIdentifier - INFO - [libtpi.so] Loaded successfully with 0 items.
2025-06-15 23:21:24,228 - SinkIdentifier - INFO - [libgcc_s.so.1] Loaded successfully with 0 items.
2025-06-15 23:21:41,101 - SinkIdentifier - INFO - libvos_util.so: 0 items loaded.
2025-06-15 23:21:41,102 - SinkIdentifier - INFO - libChipApi.so: 1 items loaded.
2025-06-15 23:21:41,102 - SinkIdentifier - INFO - libCfm.so: 0 items loaded.
2025-06-15 23:21:41,103 - SinkIdentifier - INFO - libcommon.so: 8 items loaded.
2025-06-15 23:21:41,103 - SinkIdentifier - INFO - libpthread.so.0: 0 items loaded.
2025-06-15 23:21:41,103 - SinkIdentifier - INFO - libm.so.0: 0 items loaded.
2025-06-15 23:21:41,104 - SinkIdentifier - INFO - libucapi.so: 0 items loaded.
2025-06-15 23:21:41,104 - SinkIdentifier - INFO - libtpi.so: 0 items loaded.
2025-06-15 23:21:41,104 - SinkIdentifier - INFO - libgcc_s.so.1: 0 items loaded.
2025-06-15 23:34:41,697 - SinkIdentifier - INFO - Skipping libCfm.so: already exists in database.
2025-06-15 23:34:41,697 - SinkIdentifier - INFO - Skipping libcommon.so: already exists in database.
2025-06-15 23:34:41,698 - SinkIdentifier - INFO - Skipping libChipApi.so: already exists in database.
2025-06-15 23:34:41,698 - SinkIdentifier - INFO - Skipping libvos_util.so: already exists in database.
2025-06-15 23:34:41,698 - SinkIdentifier - INFO - Skipping libpthread.so.0: already exists in database.
2025-06-15 23:34:41,698 - SinkIdentifier - INFO - Skipping libtpi.so: already exists in database.
2025-06-15 23:34:41,698 - SinkIdentifier - INFO - Skipping libm.so.0: already exists in database.
2025-06-15 23:34:41,699 - SinkIdentifier - INFO - Skipping libucapi.so: already exists in database.
2025-06-15 23:34:41,699 - SinkIdentifier - INFO - Skipping libgcc_s.so.1: already exists in database.
2025-06-15 23:34:42,605 - SinkIdentifier - INFO - [libvos_util.so] Loaded successfully with 0 items.
2025-06-15 23:34:42,606 - SinkIdentifier - INFO - [libChipApi.so] Loaded successfully with 1 items.
2025-06-15 23:34:42,606 - SinkIdentifier - INFO - [libCfm.so] Loaded successfully with 0 items.
2025-06-15 23:34:42,606 - SinkIdentifier - INFO - [libcommon.so] Loaded successfully with 8 items.
2025-06-15 23:34:42,607 - SinkIdentifier - INFO - [libpthread.so.0] Loaded successfully with 0 items.
2025-06-15 23:34:42,607 - SinkIdentifier - INFO - [libm.so.0] Loaded successfully with 0 items.
2025-06-15 23:34:42,607 - SinkIdentifier - INFO - [libucapi.so] Loaded successfully with 0 items.
2025-06-15 23:34:42,608 - SinkIdentifier - INFO - [libtpi.so] Loaded successfully with 0 items.
2025-06-15 23:34:42,608 - SinkIdentifier - INFO - [libgcc_s.so.1] Loaded successfully with 0 items.
2025-06-15 23:34:59,021 - SinkIdentifier - INFO - libvos_util.so: 0 items loaded.
2025-06-15 23:34:59,021 - SinkIdentifier - INFO - libChipApi.so: 1 items loaded.
2025-06-15 23:34:59,021 - SinkIdentifier - INFO - libCfm.so: 0 items loaded.
2025-06-15 23:34:59,022 - SinkIdentifier - INFO - libcommon.so: 8 items loaded.
2025-06-15 23:34:59,022 - SinkIdentifier - INFO - libpthread.so.0: 0 items loaded.
2025-06-15 23:34:59,022 - SinkIdentifier - INFO - libm.so.0: 0 items loaded.
2025-06-15 23:34:59,022 - SinkIdentifier - INFO - libucapi.so: 0 items loaded.
2025-06-15 23:34:59,023 - SinkIdentifier - INFO - libtpi.so: 0 items loaded.
2025-06-15 23:34:59,023 - SinkIdentifier - INFO - libgcc_s.so.1: 0 items loaded.
2025-06-15 23:39:40,461 - SinkIdentifier - INFO - Skipping libCfm.so: already exists in database.
2025-06-15 23:39:40,462 - SinkIdentifier - INFO - Skipping libcommon.so: already exists in database.
2025-06-15 23:39:40,462 - SinkIdentifier - INFO - Skipping libChipApi.so: already exists in database.
2025-06-15 23:39:40,462 - SinkIdentifier - INFO - Skipping libvos_util.so: already exists in database.
2025-06-15 23:39:40,462 - SinkIdentifier - INFO - Skipping libpthread.so.0: already exists in database.
2025-06-15 23:39:40,462 - SinkIdentifier - INFO - Skipping libtpi.so: already exists in database.
2025-06-15 23:39:40,462 - SinkIdentifier - INFO - Skipping libm.so.0: already exists in database.
2025-06-15 23:39:40,462 - SinkIdentifier - INFO - Skipping libucapi.so: already exists in database.
2025-06-15 23:39:40,462 - SinkIdentifier - INFO - Skipping libgcc_s.so.1: already exists in database.
2025-06-15 23:39:41,167 - SinkIdentifier - INFO - [libvos_util.so] Loaded successfully with 0 items.
2025-06-15 23:39:41,167 - SinkIdentifier - INFO - [libChipApi.so] Loaded successfully with 1 items.
2025-06-15 23:39:41,168 - SinkIdentifier - INFO - [libCfm.so] Loaded successfully with 0 items.
2025-06-15 23:39:41,168 - SinkIdentifier - INFO - [libcommon.so] Loaded successfully with 8 items.
2025-06-15 23:39:41,168 - SinkIdentifier - INFO - [libpthread.so.0] Loaded successfully with 0 items.
2025-06-15 23:39:41,169 - SinkIdentifier - INFO - [libm.so.0] Loaded successfully with 0 items.
2025-06-15 23:39:41,169 - SinkIdentifier - INFO - [libucapi.so] Loaded successfully with 0 items.
2025-06-15 23:39:41,169 - SinkIdentifier - INFO - [libtpi.so] Loaded successfully with 0 items.
2025-06-15 23:39:41,169 - SinkIdentifier - INFO - [libgcc_s.so.1] Loaded successfully with 0 items.
2025-06-15 23:39:56,497 - SinkIdentifier - INFO - libvos_util.so: 0 items loaded.
2025-06-15 23:39:56,497 - SinkIdentifier - INFO - libChipApi.so: 1 items loaded.
2025-06-15 23:39:56,498 - SinkIdentifier - INFO - libCfm.so: 0 items loaded.
2025-06-15 23:39:56,498 - SinkIdentifier - INFO - libcommon.so: 8 items loaded.
2025-06-15 23:39:56,498 - SinkIdentifier - INFO - libpthread.so.0: 0 items loaded.
2025-06-15 23:39:56,498 - SinkIdentifier - INFO - libm.so.0: 0 items loaded.
2025-06-15 23:39:56,498 - SinkIdentifier - INFO - libucapi.so: 0 items loaded.
2025-06-15 23:39:56,498 - SinkIdentifier - INFO - libtpi.so: 0 items loaded.
2025-06-15 23:39:56,499 - SinkIdentifier - INFO - libgcc_s.so.1: 0 items loaded.
2025-06-16 00:32:35,069 - SinkIdentifier - INFO - Skipping libCfm.so: already exists in database.
2025-06-16 00:32:35,070 - SinkIdentifier - INFO - Skipping libcommon.so: already exists in database.
2025-06-16 00:32:35,070 - SinkIdentifier - INFO - Skipping libChipApi.so: already exists in database.
2025-06-16 00:32:35,070 - SinkIdentifier - INFO - Skipping libvos_util.so: already exists in database.
2025-06-16 00:32:35,070 - SinkIdentifier - INFO - Skipping libpthread.so.0: already exists in database.
2025-06-16 00:32:35,070 - SinkIdentifier - INFO - Skipping libtpi.so: already exists in database.
2025-06-16 00:32:35,070 - SinkIdentifier - INFO - Skipping libm.so.0: already exists in database.
2025-06-16 00:32:35,070 - SinkIdentifier - INFO - Skipping libucapi.so: already exists in database.
2025-06-16 00:32:35,070 - SinkIdentifier - INFO - Skipping libgcc_s.so.1: already exists in database.
2025-06-16 00:32:35,071 - SinkIdentifier - INFO - [libvos_util.so] Loaded successfully with 0 items.
2025-06-16 00:32:35,071 - SinkIdentifier - INFO - [libChipApi.so] Loaded successfully with 1 items.
2025-06-16 00:32:35,072 - SinkIdentifier - INFO - [libCfm.so] Loaded successfully with 0 items.
2025-06-16 00:32:35,072 - SinkIdentifier - INFO - [libcommon.so] Loaded successfully with 8 items.
2025-06-16 00:32:35,072 - SinkIdentifier - INFO - [libpthread.so.0] Loaded successfully with 0 items.
2025-06-16 00:32:35,072 - SinkIdentifier - INFO - [libm.so.0] Loaded successfully with 0 items.
2025-06-16 00:32:35,072 - SinkIdentifier - INFO - [libucapi.so] Loaded successfully with 0 items.
2025-06-16 00:32:35,072 - SinkIdentifier - INFO - [libtpi.so] Loaded successfully with 0 items.
2025-06-16 00:32:35,072 - SinkIdentifier - INFO - [libgcc_s.so.1] Loaded successfully with 0 items.
2025-06-16 00:32:50,689 - SinkIdentifier - INFO - libvos_util.so: 0 items loaded.
2025-06-16 00:32:50,689 - SinkIdentifier - INFO - libChipApi.so: 1 items loaded.
2025-06-16 00:32:50,689 - SinkIdentifier - INFO - libCfm.so: 0 items loaded.
2025-06-16 00:32:50,689 - SinkIdentifier - INFO - libcommon.so: 8 items loaded.
2025-06-16 00:32:50,689 - SinkIdentifier - INFO - libpthread.so.0: 0 items loaded.
2025-06-16 00:32:50,689 - SinkIdentifier - INFO - libm.so.0: 0 items loaded.
2025-06-16 00:32:50,690 - SinkIdentifier - INFO - libucapi.so: 0 items loaded.
2025-06-16 00:32:50,690 - SinkIdentifier - INFO - libtpi.so: 0 items loaded.
2025-06-16 00:32:50,690 - SinkIdentifier - INFO - libgcc_s.so.1: 0 items loaded.
2025-06-16 00:56:18,940 - SinkIdentifier - INFO - Skipping libCfm.so: already exists in database.
2025-06-16 00:56:18,941 - SinkIdentifier - INFO - Skipping libcommon.so: already exists in database.
2025-06-16 00:56:18,941 - SinkIdentifier - INFO - Skipping libChipApi.so: already exists in database.
2025-06-16 00:56:18,941 - SinkIdentifier - INFO - Skipping libvos_util.so: already exists in database.
2025-06-16 00:56:18,941 - SinkIdentifier - INFO - Skipping libpthread.so.0: already exists in database.
2025-06-16 00:56:18,941 - SinkIdentifier - INFO - Skipping libtpi.so: already exists in database.
2025-06-16 00:56:18,942 - SinkIdentifier - INFO - Skipping libm.so.0: already exists in database.
2025-06-16 00:56:18,942 - SinkIdentifier - INFO - Skipping libucapi.so: already exists in database.
2025-06-16 00:56:18,942 - SinkIdentifier - INFO - Skipping libgcc_s.so.1: already exists in database.
2025-06-16 00:56:20,118 - SinkIdentifier - INFO - [libvos_util.so] Loaded successfully with 0 items.
2025-06-16 00:56:20,119 - SinkIdentifier - INFO - [libChipApi.so] Loaded successfully with 1 items.
2025-06-16 00:56:20,119 - SinkIdentifier - INFO - [libCfm.so] Loaded successfully with 0 items.
2025-06-16 00:56:20,120 - SinkIdentifier - INFO - [libcommon.so] Loaded successfully with 8 items.
2025-06-16 00:56:20,120 - SinkIdentifier - INFO - [libpthread.so.0] Loaded successfully with 0 items.
2025-06-16 00:56:20,120 - SinkIdentifier - INFO - [libm.so.0] Loaded successfully with 0 items.
2025-06-16 00:56:20,121 - SinkIdentifier - INFO - [libucapi.so] Loaded successfully with 0 items.
2025-06-16 00:56:20,121 - SinkIdentifier - INFO - [libtpi.so] Loaded successfully with 0 items.
2025-06-16 00:56:20,121 - SinkIdentifier - INFO - [libgcc_s.so.1] Loaded successfully with 0 items.
2025-06-16 00:56:36,899 - SinkIdentifier - INFO - libvos_util.so: 0 items loaded.
2025-06-16 00:56:36,899 - SinkIdentifier - INFO - libChipApi.so: 1 items loaded.
2025-06-16 00:56:36,899 - SinkIdentifier - INFO - libCfm.so: 0 items loaded.
2025-06-16 00:56:36,900 - SinkIdentifier - INFO - libcommon.so: 8 items loaded.
2025-06-16 00:56:36,900 - SinkIdentifier - INFO - libpthread.so.0: 0 items loaded.
2025-06-16 00:56:36,900 - SinkIdentifier - INFO - libm.so.0: 0 items loaded.
2025-06-16 00:56:36,900 - SinkIdentifier - INFO - libucapi.so: 0 items loaded.
2025-06-16 00:56:36,900 - SinkIdentifier - INFO - libtpi.so: 0 items loaded.
2025-06-16 00:56:36,900 - SinkIdentifier - INFO - libgcc_s.so.1: 0 items loaded.
2025-06-16 01:20:25,497 - SinkIdentifier - INFO - Skipping libCfm.so: already exists in database.
2025-06-16 01:20:25,498 - SinkIdentifier - INFO - Skipping libcommon.so: already exists in database.
2025-06-16 01:20:25,499 - SinkIdentifier - INFO - Skipping libChipApi.so: already exists in database.
2025-06-16 01:20:25,499 - SinkIdentifier - INFO - Skipping libvos_util.so: already exists in database.
2025-06-16 01:20:25,499 - SinkIdentifier - INFO - Skipping libpthread.so.0: already exists in database.
2025-06-16 01:20:25,499 - SinkIdentifier - INFO - Skipping libtpi.so: already exists in database.
2025-06-16 01:20:25,499 - SinkIdentifier - INFO - Skipping libm.so.0: already exists in database.
2025-06-16 01:20:25,499 - SinkIdentifier - INFO - Skipping libucapi.so: already exists in database.
2025-06-16 01:20:25,499 - SinkIdentifier - INFO - Skipping libgcc_s.so.1: already exists in database.
2025-06-16 01:20:26,463 - SinkIdentifier - INFO - [libvos_util.so] Loaded successfully with 0 items.
2025-06-16 01:20:26,464 - SinkIdentifier - INFO - [libChipApi.so] Loaded successfully with 1 items.
2025-06-16 01:20:26,464 - SinkIdentifier - INFO - [libCfm.so] Loaded successfully with 0 items.
2025-06-16 01:20:26,465 - SinkIdentifier - INFO - [libcommon.so] Loaded successfully with 8 items.
2025-06-16 01:20:26,465 - SinkIdentifier - INFO - [libpthread.so.0] Loaded successfully with 0 items.
2025-06-16 01:20:26,465 - SinkIdentifier - INFO - [libm.so.0] Loaded successfully with 0 items.
2025-06-16 01:20:26,466 - SinkIdentifier - INFO - [libucapi.so] Loaded successfully with 0 items.
2025-06-16 01:20:26,466 - SinkIdentifier - INFO - [libtpi.so] Loaded successfully with 0 items.
2025-06-16 01:20:26,466 - SinkIdentifier - INFO - [libgcc_s.so.1] Loaded successfully with 0 items.
2025-06-16 01:20:42,486 - SinkIdentifier - INFO - libvos_util.so: 0 items loaded.
2025-06-16 01:20:42,486 - SinkIdentifier - INFO - libChipApi.so: 1 items loaded.
2025-06-16 01:20:42,487 - SinkIdentifier - INFO - libCfm.so: 0 items loaded.
2025-06-16 01:20:42,487 - SinkIdentifier - INFO - libcommon.so: 8 items loaded.
2025-06-16 01:20:42,487 - SinkIdentifier - INFO - libpthread.so.0: 0 items loaded.
2025-06-16 01:20:42,487 - SinkIdentifier - INFO - libm.so.0: 0 items loaded.
2025-06-16 01:20:42,487 - SinkIdentifier - INFO - libucapi.so: 0 items loaded.
2025-06-16 01:20:42,488 - SinkIdentifier - INFO - libtpi.so: 0 items loaded.
2025-06-16 01:20:42,488 - SinkIdentifier - INFO - libgcc_s.so.1: 0 items loaded.
2025-06-17 00:31:44,620 - SinkIdentifier - INFO - [libvos_util.so] Loaded successfully with 0 items.
2025-06-17 00:31:44,621 - SinkIdentifier - INFO - [libChipApi.so] Loaded successfully with 1 items.
2025-06-17 00:31:44,621 - SinkIdentifier - INFO - [libcommon.so] Loaded successfully with 8 items.
2025-06-17 00:31:44,621 - SinkIdentifier - INFO - [libCfm.so] Loaded successfully with 0 items.
2025-06-17 00:31:44,621 - SinkIdentifier - INFO - [libpthread.so.0] Loaded successfully with 0 items.
2025-06-17 00:31:44,622 - SinkIdentifier - INFO - [libm.so.0] Loaded successfully with 0 items.
2025-06-17 00:31:44,622 - SinkIdentifier - INFO - [libucapi.so] Loaded successfully with 0 items.
2025-06-17 00:31:44,622 - SinkIdentifier - INFO - [libtpi.so] Loaded successfully with 0 items.
2025-06-17 00:31:44,622 - SinkIdentifier - INFO - [libgcc_s.so.1] Loaded successfully with 0 items.
2025-06-17 00:32:03,780 - SinkIdentifier - INFO - libvos_util.so: 0 items loaded.
2025-06-17 00:32:03,781 - SinkIdentifier - INFO - libChipApi.so: 1 items loaded.
2025-06-17 00:32:03,781 - SinkIdentifier - INFO - libcommon.so: 8 items loaded.
2025-06-17 00:32:03,781 - SinkIdentifier - INFO - libCfm.so: 0 items loaded.
2025-06-17 00:32:03,781 - SinkIdentifier - INFO - libpthread.so.0: 0 items loaded.
2025-06-17 00:32:03,782 - SinkIdentifier - INFO - libm.so.0: 0 items loaded.
2025-06-17 00:32:03,782 - SinkIdentifier - INFO - libucapi.so: 0 items loaded.
2025-06-17 00:32:03,783 - SinkIdentifier - INFO - libtpi.so: 0 items loaded.
2025-06-17 00:32:03,783 - SinkIdentifier - INFO - libgcc_s.so.1: 0 items loaded.
2025-06-17 00:34:53,788 - SinkIdentifier - INFO - Skipping libCfm.so: already exists in database.
2025-06-17 00:34:53,788 - SinkIdentifier - INFO - Skipping libcommon.so: already exists in database.
2025-06-17 00:34:53,788 - SinkIdentifier - INFO - Skipping libChipApi.so: already exists in database.
2025-06-17 00:34:53,788 - SinkIdentifier - INFO - Skipping libvos_util.so: already exists in database.
2025-06-17 00:34:53,789 - SinkIdentifier - INFO - Skipping libpthread.so.0: already exists in database.
2025-06-17 00:34:53,789 - SinkIdentifier - INFO - Skipping libtpi.so: already exists in database.
2025-06-17 00:34:53,789 - SinkIdentifier - INFO - Skipping libm.so.0: already exists in database.
2025-06-17 00:34:53,789 - SinkIdentifier - INFO - Skipping libucapi.so: already exists in database.
2025-06-17 00:34:53,789 - SinkIdentifier - INFO - Skipping libgcc_s.so.1: already exists in database.
2025-06-17 00:35:12,387 - SinkIdentifier - INFO - [libvos_util.so] Loaded successfully with 0 items.
2025-06-17 00:35:12,387 - SinkIdentifier - INFO - [libChipApi.so] Loaded successfully with 1 items.
2025-06-17 00:35:12,387 - SinkIdentifier - INFO - [libcommon.so] Loaded successfully with 8 items.
2025-06-17 00:35:12,387 - SinkIdentifier - INFO - [libCfm.so] Loaded successfully with 0 items.
2025-06-17 00:35:12,388 - SinkIdentifier - INFO - [libpthread.so.0] Loaded successfully with 0 items.
2025-06-17 00:35:12,388 - SinkIdentifier - INFO - [libm.so.0] Loaded successfully with 0 items.
2025-06-17 00:35:12,388 - SinkIdentifier - INFO - [libucapi.so] Loaded successfully with 0 items.
2025-06-17 00:35:12,388 - SinkIdentifier - INFO - [libtpi.so] Loaded successfully with 0 items.
2025-06-17 00:35:12,389 - SinkIdentifier - INFO - [libgcc_s.so.1] Loaded successfully with 0 items.
2025-06-17 00:35:27,730 - SinkIdentifier - INFO - libvos_util.so: 0 items loaded.
2025-06-17 00:35:27,730 - SinkIdentifier - INFO - libChipApi.so: 1 items loaded.
2025-06-17 00:35:27,731 - SinkIdentifier - INFO - libcommon.so: 8 items loaded.
2025-06-17 00:35:27,731 - SinkIdentifier - INFO - libCfm.so: 0 items loaded.
2025-06-17 00:35:27,731 - SinkIdentifier - INFO - libpthread.so.0: 0 items loaded.
2025-06-17 00:35:27,731 - SinkIdentifier - INFO - libm.so.0: 0 items loaded.
2025-06-17 00:35:27,731 - SinkIdentifier - INFO - libucapi.so: 0 items loaded.
2025-06-17 00:35:27,732 - SinkIdentifier - INFO - libtpi.so: 0 items loaded.
2025-06-17 00:35:27,732 - SinkIdentifier - INFO - libgcc_s.so.1: 0 items loaded.
2025-06-17 00:40:10,415 - SinkIdentifier - INFO - Skipping libCfm.so: already exists in database.
2025-06-17 00:40:10,415 - SinkIdentifier - INFO - Skipping libcommon.so: already exists in database.
2025-06-17 00:40:10,415 - SinkIdentifier - INFO - Skipping libChipApi.so: already exists in database.
2025-06-17 00:40:10,416 - SinkIdentifier - INFO - Skipping libvos_util.so: already exists in database.
2025-06-17 00:40:10,416 - SinkIdentifier - INFO - Skipping libpthread.so.0: already exists in database.
2025-06-17 00:40:10,416 - SinkIdentifier - INFO - Skipping libtpi.so: already exists in database.
2025-06-17 00:40:10,416 - SinkIdentifier - INFO - Skipping libm.so.0: already exists in database.
2025-06-17 00:40:10,416 - SinkIdentifier - INFO - Skipping libucapi.so: already exists in database.
2025-06-17 00:40:10,416 - SinkIdentifier - INFO - Skipping libgcc_s.so.1: already exists in database.
2025-06-17 00:40:12,028 - SinkIdentifier - INFO - [libvos_util.so] Loaded successfully with 0 items.
2025-06-17 00:40:12,028 - SinkIdentifier - INFO - [libChipApi.so] Loaded successfully with 1 items.
2025-06-17 00:40:12,029 - SinkIdentifier - INFO - [libcommon.so] Loaded successfully with 8 items.
2025-06-17 00:40:12,029 - SinkIdentifier - INFO - [libCfm.so] Loaded successfully with 0 items.
2025-06-17 00:40:12,029 - SinkIdentifier - INFO - [libpthread.so.0] Loaded successfully with 0 items.
2025-06-17 00:40:12,029 - SinkIdentifier - INFO - [libm.so.0] Loaded successfully with 0 items.
2025-06-17 00:40:12,029 - SinkIdentifier - INFO - [libucapi.so] Loaded successfully with 0 items.
2025-06-17 00:40:12,029 - SinkIdentifier - INFO - [libtpi.so] Loaded successfully with 0 items.
2025-06-17 00:40:12,030 - SinkIdentifier - INFO - [libgcc_s.so.1] Loaded successfully with 0 items.
2025-06-17 00:40:27,881 - SinkIdentifier - INFO - libvos_util.so: 0 items loaded.
2025-06-17 00:40:27,882 - SinkIdentifier - INFO - libChipApi.so: 1 items loaded.
2025-06-17 00:40:27,882 - SinkIdentifier - INFO - libcommon.so: 8 items loaded.
2025-06-17 00:40:27,883 - SinkIdentifier - INFO - libCfm.so: 0 items loaded.
2025-06-17 00:40:27,884 - SinkIdentifier - INFO - libpthread.so.0: 0 items loaded.
2025-06-17 00:40:27,884 - SinkIdentifier - INFO - libm.so.0: 0 items loaded.
2025-06-17 00:40:27,884 - SinkIdentifier - INFO - libucapi.so: 0 items loaded.
2025-06-17 00:40:27,885 - SinkIdentifier - INFO - libtpi.so: 0 items loaded.
2025-06-17 00:40:27,885 - SinkIdentifier - INFO - libgcc_s.so.1: 0 items loaded.
2025-06-17 00:42:34,327 - SinkIdentifier - INFO - Skipping libCfm.so: already exists in database.
2025-06-17 00:42:34,327 - SinkIdentifier - INFO - Skipping libcommon.so: already exists in database.
2025-06-17 00:42:34,327 - SinkIdentifier - INFO - Skipping libChipApi.so: already exists in database.
2025-06-17 00:42:34,327 - SinkIdentifier - INFO - Skipping libvos_util.so: already exists in database.
2025-06-17 00:42:34,328 - SinkIdentifier - INFO - Skipping libpthread.so.0: already exists in database.
2025-06-17 00:42:34,328 - SinkIdentifier - INFO - Skipping libtpi.so: already exists in database.
2025-06-17 00:42:34,328 - SinkIdentifier - INFO - Skipping libm.so.0: already exists in database.
2025-06-17 00:42:34,328 - SinkIdentifier - INFO - Skipping libucapi.so: already exists in database.
2025-06-17 00:42:34,328 - SinkIdentifier - INFO - Skipping libgcc_s.so.1: already exists in database.
2025-06-17 00:42:34,950 - SinkIdentifier - INFO - [libvos_util.so] Loaded successfully with 0 items.
2025-06-17 00:42:34,950 - SinkIdentifier - INFO - [libChipApi.so] Loaded successfully with 1 items.
2025-06-17 00:42:34,951 - SinkIdentifier - INFO - [libcommon.so] Loaded successfully with 8 items.
2025-06-17 00:42:34,951 - SinkIdentifier - INFO - [libCfm.so] Loaded successfully with 0 items.
2025-06-17 00:42:34,951 - SinkIdentifier - INFO - [libpthread.so.0] Loaded successfully with 0 items.
2025-06-17 00:42:34,951 - SinkIdentifier - INFO - [libm.so.0] Loaded successfully with 0 items.
2025-06-17 00:42:34,952 - SinkIdentifier - INFO - [libucapi.so] Loaded successfully with 0 items.
2025-06-17 00:42:34,952 - SinkIdentifier - INFO - [libtpi.so] Loaded successfully with 0 items.
2025-06-17 00:42:34,952 - SinkIdentifier - INFO - [libgcc_s.so.1] Loaded successfully with 0 items.
2025-06-17 00:42:50,575 - SinkIdentifier - INFO - libvos_util.so: 0 items loaded.
2025-06-17 00:42:50,576 - SinkIdentifier - INFO - libChipApi.so: 1 items loaded.
2025-06-17 00:42:50,576 - SinkIdentifier - INFO - libcommon.so: 8 items loaded.
2025-06-17 00:42:50,576 - SinkIdentifier - INFO - libCfm.so: 0 items loaded.
2025-06-17 00:42:50,576 - SinkIdentifier - INFO - libpthread.so.0: 0 items loaded.
2025-06-17 00:42:50,577 - SinkIdentifier - INFO - libm.so.0: 0 items loaded.
2025-06-17 00:42:50,577 - SinkIdentifier - INFO - libucapi.so: 0 items loaded.
2025-06-17 00:42:50,577 - SinkIdentifier - INFO - libtpi.so: 0 items loaded.
2025-06-17 00:42:50,578 - SinkIdentifier - INFO - libgcc_s.so.1: 0 items loaded.
2025-06-17 00:44:57,616 - SinkIdentifier - INFO - Skipping libCfm.so: already exists in database.
2025-06-17 00:44:57,616 - SinkIdentifier - INFO - Skipping libcommon.so: already exists in database.
2025-06-17 00:44:57,616 - SinkIdentifier - INFO - Skipping libChipApi.so: already exists in database.
2025-06-17 00:44:57,617 - SinkIdentifier - INFO - Skipping libvos_util.so: already exists in database.
2025-06-17 00:44:57,617 - SinkIdentifier - INFO - Skipping libpthread.so.0: already exists in database.
2025-06-17 00:44:57,617 - SinkIdentifier - INFO - Skipping libtpi.so: already exists in database.
2025-06-17 00:44:57,617 - SinkIdentifier - INFO - Skipping libm.so.0: already exists in database.
2025-06-17 00:44:57,617 - SinkIdentifier - INFO - Skipping libucapi.so: already exists in database.
2025-06-17 00:44:57,617 - SinkIdentifier - INFO - Skipping libgcc_s.so.1: already exists in database.
2025-06-17 00:44:58,267 - SinkIdentifier - INFO - [libvos_util.so] Loaded successfully with 0 items.
2025-06-17 00:44:58,267 - SinkIdentifier - INFO - [libChipApi.so] Loaded successfully with 1 items.
2025-06-17 00:44:58,267 - SinkIdentifier - INFO - [libcommon.so] Loaded successfully with 8 items.
2025-06-17 00:44:58,268 - SinkIdentifier - INFO - [libCfm.so] Loaded successfully with 0 items.
2025-06-17 00:44:58,268 - SinkIdentifier - INFO - [libpthread.so.0] Loaded successfully with 0 items.
2025-06-17 00:44:58,268 - SinkIdentifier - INFO - [libm.so.0] Loaded successfully with 0 items.
2025-06-17 00:44:58,268 - SinkIdentifier - INFO - [libucapi.so] Loaded successfully with 0 items.
2025-06-17 00:44:58,269 - SinkIdentifier - INFO - [libtpi.so] Loaded successfully with 0 items.
2025-06-17 00:44:58,269 - SinkIdentifier - INFO - [libgcc_s.so.1] Loaded successfully with 0 items.
2025-06-17 00:45:12,793 - SinkIdentifier - INFO - libvos_util.so: 0 items loaded.
2025-06-17 00:45:12,794 - SinkIdentifier - INFO - libChipApi.so: 1 items loaded.
2025-06-17 00:45:12,794 - SinkIdentifier - INFO - libcommon.so: 8 items loaded.
2025-06-17 00:45:12,795 - SinkIdentifier - INFO - libCfm.so: 0 items loaded.
2025-06-17 00:45:12,795 - SinkIdentifier - INFO - libpthread.so.0: 0 items loaded.
2025-06-17 00:45:12,796 - SinkIdentifier - INFO - libm.so.0: 0 items loaded.
2025-06-17 00:45:12,796 - SinkIdentifier - INFO - libucapi.so: 0 items loaded.
2025-06-17 00:45:12,796 - SinkIdentifier - INFO - libtpi.so: 0 items loaded.
2025-06-17 00:45:12,796 - SinkIdentifier - INFO - libgcc_s.so.1: 0 items loaded.
2025-06-17 00:49:39,781 - SinkIdentifier - INFO - Skipping libCfm.so: already exists in database.
2025-06-17 00:49:39,781 - SinkIdentifier - INFO - Skipping libcommon.so: already exists in database.
2025-06-17 00:49:39,782 - SinkIdentifier - INFO - Skipping libChipApi.so: already exists in database.
2025-06-17 00:49:39,782 - SinkIdentifier - INFO - Skipping libvos_util.so: already exists in database.
2025-06-17 00:49:39,782 - SinkIdentifier - INFO - Skipping libpthread.so.0: already exists in database.
2025-06-17 00:49:39,782 - SinkIdentifier - INFO - Skipping libtpi.so: already exists in database.
2025-06-17 00:49:39,782 - SinkIdentifier - INFO - Skipping libm.so.0: already exists in database.
2025-06-17 00:49:39,782 - SinkIdentifier - INFO - Skipping libucapi.so: already exists in database.
2025-06-17 00:49:39,783 - SinkIdentifier - INFO - Skipping libgcc_s.so.1: already exists in database.
2025-06-17 00:49:40,417 - SinkIdentifier - INFO - [libvos_util.so] Loaded successfully with 0 items.
2025-06-17 00:49:40,417 - SinkIdentifier - INFO - [libChipApi.so] Loaded successfully with 1 items.
2025-06-17 00:49:40,418 - SinkIdentifier - INFO - [libcommon.so] Loaded successfully with 8 items.
2025-06-17 00:49:40,418 - SinkIdentifier - INFO - [libCfm.so] Loaded successfully with 0 items.
2025-06-17 00:49:40,418 - SinkIdentifier - INFO - [libpthread.so.0] Loaded successfully with 0 items.
2025-06-17 00:49:40,418 - SinkIdentifier - INFO - [libm.so.0] Loaded successfully with 0 items.
2025-06-17 00:49:40,419 - SinkIdentifier - INFO - [libucapi.so] Loaded successfully with 0 items.
2025-06-17 00:49:40,419 - SinkIdentifier - INFO - [libtpi.so] Loaded successfully with 0 items.
2025-06-17 00:49:40,419 - SinkIdentifier - INFO - [libgcc_s.so.1] Loaded successfully with 0 items.
2025-06-17 00:49:56,836 - SinkIdentifier - INFO - libvos_util.so: 0 items loaded.
2025-06-17 00:49:56,836 - SinkIdentifier - INFO - libChipApi.so: 1 items loaded.
2025-06-17 00:49:56,836 - SinkIdentifier - INFO - libcommon.so: 8 items loaded.
2025-06-17 00:49:56,836 - SinkIdentifier - INFO - libCfm.so: 0 items loaded.
2025-06-17 00:49:56,837 - SinkIdentifier - INFO - libpthread.so.0: 0 items loaded.
2025-06-17 00:49:56,837 - SinkIdentifier - INFO - libm.so.0: 0 items loaded.
2025-06-17 00:49:56,837 - SinkIdentifier - INFO - libucapi.so: 0 items loaded.
2025-06-17 00:49:56,837 - SinkIdentifier - INFO - libtpi.so: 0 items loaded.
2025-06-17 00:49:56,837 - SinkIdentifier - INFO - libgcc_s.so.1: 0 items loaded.
2025-06-17 00:51:17,543 - SinkIdentifier - INFO - Skipping libCfm.so: already exists in database.
2025-06-17 00:51:17,543 - SinkIdentifier - INFO - Skipping libcommon.so: already exists in database.
2025-06-17 00:51:17,543 - SinkIdentifier - INFO - Skipping libChipApi.so: already exists in database.
2025-06-17 00:51:17,543 - SinkIdentifier - INFO - Skipping libvos_util.so: already exists in database.
2025-06-17 00:51:17,544 - SinkIdentifier - INFO - Skipping libpthread.so.0: already exists in database.
2025-06-17 00:51:17,544 - SinkIdentifier - INFO - Skipping libtpi.so: already exists in database.
2025-06-17 00:51:17,544 - SinkIdentifier - INFO - Skipping libm.so.0: already exists in database.
2025-06-17 00:51:17,544 - SinkIdentifier - INFO - Skipping libucapi.so: already exists in database.
2025-06-17 00:51:17,544 - SinkIdentifier - INFO - Skipping libgcc_s.so.1: already exists in database.
2025-06-17 00:51:18,948 - SinkIdentifier - INFO - [libvos_util.so] Loaded successfully with 0 items.
2025-06-17 00:51:18,949 - SinkIdentifier - INFO - [libChipApi.so] Loaded successfully with 1 items.
2025-06-17 00:51:18,949 - SinkIdentifier - INFO - [libcommon.so] Loaded successfully with 8 items.
2025-06-17 00:51:18,949 - SinkIdentifier - INFO - [libCfm.so] Loaded successfully with 0 items.
2025-06-17 00:51:18,950 - SinkIdentifier - INFO - [libpthread.so.0] Loaded successfully with 0 items.
2025-06-17 00:51:18,950 - SinkIdentifier - INFO - [libm.so.0] Loaded successfully with 0 items.
2025-06-17 00:51:18,950 - SinkIdentifier - INFO - [libucapi.so] Loaded successfully with 0 items.
2025-06-17 00:51:18,950 - SinkIdentifier - INFO - [libtpi.so] Loaded successfully with 0 items.
2025-06-17 00:51:18,950 - SinkIdentifier - INFO - [libgcc_s.so.1] Loaded successfully with 0 items.
2025-06-17 00:51:33,925 - SinkIdentifier - INFO - libvos_util.so: 0 items loaded.
2025-06-17 00:51:33,925 - SinkIdentifier - INFO - libChipApi.so: 1 items loaded.
2025-06-17 00:51:33,926 - SinkIdentifier - INFO - libcommon.so: 8 items loaded.
2025-06-17 00:51:33,926 - SinkIdentifier - INFO - libCfm.so: 0 items loaded.
2025-06-17 00:51:33,926 - SinkIdentifier - INFO - libpthread.so.0: 0 items loaded.
2025-06-17 00:51:33,927 - SinkIdentifier - INFO - libm.so.0: 0 items loaded.
2025-06-17 00:51:33,927 - SinkIdentifier - INFO - libucapi.so: 0 items loaded.
2025-06-17 00:51:33,927 - SinkIdentifier - INFO - libtpi.so: 0 items loaded.
2025-06-17 00:51:33,928 - SinkIdentifier - INFO - libgcc_s.so.1: 0 items loaded.
2025-06-17 00:55:50,473 - SinkIdentifier - INFO - Skipping libCfm.so: already exists in database.
2025-06-17 00:55:50,474 - SinkIdentifier - INFO - Skipping libcommon.so: already exists in database.
2025-06-17 00:55:50,474 - SinkIdentifier - INFO - Skipping libChipApi.so: already exists in database.
2025-06-17 00:55:50,474 - SinkIdentifier - INFO - Skipping libvos_util.so: already exists in database.
2025-06-17 00:55:50,474 - SinkIdentifier - INFO - Skipping libpthread.so.0: already exists in database.
2025-06-17 00:55:50,474 - SinkIdentifier - INFO - Skipping libtpi.so: already exists in database.
2025-06-17 00:55:50,474 - SinkIdentifier - INFO - Skipping libm.so.0: already exists in database.
2025-06-17 00:55:50,475 - SinkIdentifier - INFO - Skipping libucapi.so: already exists in database.
2025-06-17 00:55:50,475 - SinkIdentifier - INFO - Skipping libgcc_s.so.1: already exists in database.
2025-06-17 00:55:51,149 - SinkIdentifier - INFO - [libvos_util.so] Loaded successfully with 0 items.
2025-06-17 00:55:51,150 - SinkIdentifier - INFO - [libChipApi.so] Loaded successfully with 1 items.
2025-06-17 00:55:51,150 - SinkIdentifier - INFO - [libcommon.so] Loaded successfully with 8 items.
2025-06-17 00:55:51,150 - SinkIdentifier - INFO - [libCfm.so] Loaded successfully with 0 items.
2025-06-17 00:55:51,151 - SinkIdentifier - INFO - [libpthread.so.0] Loaded successfully with 0 items.
2025-06-17 00:55:51,151 - SinkIdentifier - INFO - [libm.so.0] Loaded successfully with 0 items.
2025-06-17 00:55:51,151 - SinkIdentifier - INFO - [libucapi.so] Loaded successfully with 0 items.
2025-06-17 00:55:51,151 - SinkIdentifier - INFO - [libtpi.so] Loaded successfully with 0 items.
2025-06-17 00:55:51,151 - SinkIdentifier - INFO - [libgcc_s.so.1] Loaded successfully with 0 items.
2025-06-17 00:56:07,563 - SinkIdentifier - INFO - libvos_util.so: 0 items loaded.
2025-06-17 00:56:07,563 - SinkIdentifier - INFO - libChipApi.so: 1 items loaded.
2025-06-17 00:56:07,564 - SinkIdentifier - INFO - libcommon.so: 8 items loaded.
2025-06-17 00:56:07,564 - SinkIdentifier - INFO - libCfm.so: 0 items loaded.
2025-06-17 00:56:07,564 - SinkIdentifier - INFO - libpthread.so.0: 0 items loaded.
2025-06-17 00:56:07,564 - SinkIdentifier - INFO - libm.so.0: 0 items loaded.
2025-06-17 00:56:07,564 - SinkIdentifier - INFO - libucapi.so: 0 items loaded.
2025-06-17 00:56:07,564 - SinkIdentifier - INFO - libtpi.so: 0 items loaded.
2025-06-17 00:56:07,565 - SinkIdentifier - INFO - libgcc_s.so.1: 0 items loaded.
2025-06-17 00:57:30,255 - SinkIdentifier - INFO - Skipping libCfm.so: already exists in database.
2025-06-17 00:57:30,255 - SinkIdentifier - INFO - Skipping libcommon.so: already exists in database.
2025-06-17 00:57:30,255 - SinkIdentifier - INFO - Skipping libChipApi.so: already exists in database.
2025-06-17 00:57:30,255 - SinkIdentifier - INFO - Skipping libvos_util.so: already exists in database.
2025-06-17 00:57:30,255 - SinkIdentifier - INFO - Skipping libpthread.so.0: already exists in database.
2025-06-17 00:57:30,255 - SinkIdentifier - INFO - Skipping libtpi.so: already exists in database.
2025-06-17 00:57:30,255 - SinkIdentifier - INFO - Skipping libm.so.0: already exists in database.
2025-06-17 00:57:30,256 - SinkIdentifier - INFO - Skipping libucapi.so: already exists in database.
2025-06-17 00:57:30,256 - SinkIdentifier - INFO - Skipping libgcc_s.so.1: already exists in database.
2025-06-17 00:57:30,807 - SinkIdentifier - INFO - [libvos_util.so] Loaded successfully with 0 items.
2025-06-17 00:57:30,808 - SinkIdentifier - INFO - [libChipApi.so] Loaded successfully with 1 items.
2025-06-17 00:57:30,808 - SinkIdentifier - INFO - [libcommon.so] Loaded successfully with 8 items.
2025-06-17 00:57:30,808 - SinkIdentifier - INFO - [libCfm.so] Loaded successfully with 0 items.
2025-06-17 00:57:30,808 - SinkIdentifier - INFO - [libpthread.so.0] Loaded successfully with 0 items.
2025-06-17 00:57:30,809 - SinkIdentifier - INFO - [libm.so.0] Loaded successfully with 0 items.
2025-06-17 00:57:30,809 - SinkIdentifier - INFO - [libucapi.so] Loaded successfully with 0 items.
2025-06-17 00:57:30,809 - SinkIdentifier - INFO - [libtpi.so] Loaded successfully with 0 items.
2025-06-17 00:57:30,809 - SinkIdentifier - INFO - [libgcc_s.so.1] Loaded successfully with 0 items.
2025-06-17 00:57:45,596 - SinkIdentifier - INFO - libvos_util.so: 0 items loaded.
2025-06-17 00:57:45,597 - SinkIdentifier - INFO - libChipApi.so: 1 items loaded.
2025-06-17 00:57:45,597 - SinkIdentifier - INFO - libcommon.so: 8 items loaded.
2025-06-17 00:57:45,597 - SinkIdentifier - INFO - libCfm.so: 0 items loaded.
2025-06-17 00:57:45,597 - SinkIdentifier - INFO - libpthread.so.0: 0 items loaded.
2025-06-17 00:57:45,598 - SinkIdentifier - INFO - libm.so.0: 0 items loaded.
2025-06-17 00:57:45,598 - SinkIdentifier - INFO - libucapi.so: 0 items loaded.
2025-06-17 00:57:45,598 - SinkIdentifier - INFO - libtpi.so: 0 items loaded.
2025-06-17 00:57:45,598 - SinkIdentifier - INFO - libgcc_s.so.1: 0 items loaded.
2025-06-17 01:08:11,303 - SinkIdentifier - INFO - Skipping libCfm.so: already exists in database.
2025-06-17 01:08:11,303 - SinkIdentifier - INFO - Skipping libcommon.so: already exists in database.
2025-06-17 01:08:11,304 - SinkIdentifier - INFO - Skipping libChipApi.so: already exists in database.
2025-06-17 01:08:11,304 - SinkIdentifier - INFO - Skipping libvos_util.so: already exists in database.
2025-06-17 01:08:11,304 - SinkIdentifier - INFO - Skipping libpthread.so.0: already exists in database.
2025-06-17 01:08:11,304 - SinkIdentifier - INFO - Skipping libtpi.so: already exists in database.
2025-06-17 01:08:11,305 - SinkIdentifier - INFO - Skipping libm.so.0: already exists in database.
2025-06-17 01:08:11,305 - SinkIdentifier - INFO - Skipping libucapi.so: already exists in database.
2025-06-17 01:08:11,307 - SinkIdentifier - INFO - Skipping libgcc_s.so.1: already exists in database.
2025-06-17 01:08:14,555 - SinkIdentifier - INFO - [libvos_util.so] Loaded successfully with 0 items.
2025-06-17 01:08:14,555 - SinkIdentifier - INFO - [libChipApi.so] Loaded successfully with 1 items.
2025-06-17 01:08:14,556 - SinkIdentifier - INFO - [libcommon.so] Loaded successfully with 8 items.
2025-06-17 01:08:14,556 - SinkIdentifier - INFO - [libCfm.so] Loaded successfully with 0 items.
2025-06-17 01:08:14,556 - SinkIdentifier - INFO - [libpthread.so.0] Loaded successfully with 0 items.
2025-06-17 01:08:14,557 - SinkIdentifier - INFO - [libm.so.0] Loaded successfully with 0 items.
2025-06-17 01:08:14,557 - SinkIdentifier - INFO - [libucapi.so] Loaded successfully with 0 items.
2025-06-17 01:08:14,557 - SinkIdentifier - INFO - [libtpi.so] Loaded successfully with 0 items.
2025-06-17 01:08:14,557 - SinkIdentifier - INFO - [libgcc_s.so.1] Loaded successfully with 0 items.
2025-06-17 01:08:28,680 - SinkIdentifier - INFO - libvos_util.so: 0 items loaded.
2025-06-17 01:08:28,681 - SinkIdentifier - INFO - libChipApi.so: 1 items loaded.
2025-06-17 01:08:28,681 - SinkIdentifier - INFO - libcommon.so: 8 items loaded.
2025-06-17 01:08:28,681 - SinkIdentifier - INFO - libCfm.so: 0 items loaded.
2025-06-17 01:08:28,682 - SinkIdentifier - INFO - libpthread.so.0: 0 items loaded.
2025-06-17 01:08:28,682 - SinkIdentifier - INFO - libm.so.0: 0 items loaded.
2025-06-17 01:08:28,682 - SinkIdentifier - INFO - libucapi.so: 0 items loaded.
2025-06-17 01:08:28,682 - SinkIdentifier - INFO - libtpi.so: 0 items loaded.
2025-06-17 01:08:28,683 - SinkIdentifier - INFO - libgcc_s.so.1: 0 items loaded.
2025-06-17 01:12:28,743 - SinkIdentifier - INFO - Skipping libCfm.so: already exists in database.
2025-06-17 01:12:28,744 - SinkIdentifier - INFO - Skipping libcommon.so: already exists in database.
2025-06-17 01:12:28,744 - SinkIdentifier - INFO - Skipping libChipApi.so: already exists in database.
2025-06-17 01:12:28,744 - SinkIdentifier - INFO - Skipping libvos_util.so: already exists in database.
2025-06-17 01:12:28,745 - SinkIdentifier - INFO - Skipping libpthread.so.0: already exists in database.
2025-06-17 01:12:28,746 - SinkIdentifier - INFO - Skipping libtpi.so: already exists in database.
2025-06-17 01:12:28,746 - SinkIdentifier - INFO - Skipping libm.so.0: already exists in database.
2025-06-17 01:12:28,747 - SinkIdentifier - INFO - Skipping libucapi.so: already exists in database.
2025-06-17 01:12:28,747 - SinkIdentifier - INFO - Skipping libgcc_s.so.1: already exists in database.
2025-06-17 01:12:30,442 - SinkIdentifier - INFO - [libvos_util.so] Loaded successfully with 0 items.
2025-06-17 01:12:30,442 - SinkIdentifier - INFO - [libChipApi.so] Loaded successfully with 1 items.
2025-06-17 01:12:30,443 - SinkIdentifier - INFO - [libcommon.so] Loaded successfully with 8 items.
2025-06-17 01:12:30,443 - SinkIdentifier - INFO - [libCfm.so] Loaded successfully with 0 items.
2025-06-17 01:12:30,443 - SinkIdentifier - INFO - [libpthread.so.0] Loaded successfully with 0 items.
2025-06-17 01:12:30,444 - SinkIdentifier - INFO - [libm.so.0] Loaded successfully with 0 items.
2025-06-17 01:12:30,444 - SinkIdentifier - INFO - [libucapi.so] Loaded successfully with 0 items.
2025-06-17 01:12:30,444 - SinkIdentifier - INFO - [libtpi.so] Loaded successfully with 0 items.
2025-06-17 01:12:30,444 - SinkIdentifier - INFO - [libgcc_s.so.1] Loaded successfully with 0 items.
2025-06-17 01:12:44,894 - SinkIdentifier - INFO - libvos_util.so: 0 items loaded.
2025-06-17 01:12:44,894 - SinkIdentifier - INFO - libChipApi.so: 1 items loaded.
2025-06-17 01:12:44,895 - SinkIdentifier - INFO - libcommon.so: 8 items loaded.
2025-06-17 01:12:44,895 - SinkIdentifier - INFO - libCfm.so: 0 items loaded.
2025-06-17 01:12:44,895 - SinkIdentifier - INFO - libpthread.so.0: 0 items loaded.
2025-06-17 01:12:44,895 - SinkIdentifier - INFO - libm.so.0: 0 items loaded.
2025-06-17 01:12:44,895 - SinkIdentifier - INFO - libucapi.so: 0 items loaded.
2025-06-17 01:12:44,895 - SinkIdentifier - INFO - libtpi.so: 0 items loaded.
2025-06-17 01:12:44,895 - SinkIdentifier - INFO - libgcc_s.so.1: 0 items loaded.
2025-06-17 01:17:07,724 - SinkIdentifier - INFO - [libChipApi.so] Loaded successfully with 1 items.
2025-06-17 01:17:07,724 - SinkIdentifier - INFO - [libvos_util.so] Loaded successfully with 0 items.
2025-06-17 01:17:07,724 - SinkIdentifier - INFO - [libCfm.so] Loaded successfully with 0 items.
2025-06-17 01:17:07,725 - SinkIdentifier - INFO - [libcommon.so] Loaded successfully with 8 items.
2025-06-17 01:17:07,725 - SinkIdentifier - INFO - [libpthread.so.0] Loaded successfully with 0 items.
2025-06-17 01:17:07,725 - SinkIdentifier - INFO - [libm.so.0] Loaded successfully with 0 items.
2025-06-17 01:17:07,726 - SinkIdentifier - INFO - [libucapi.so] Loaded successfully with 0 items.
2025-06-17 01:17:07,726 - SinkIdentifier - INFO - [libtpi.so] Loaded successfully with 0 items.
2025-06-17 01:17:07,726 - SinkIdentifier - INFO - [libgcc_s.so.1] Loaded successfully with 0 items.
2025-06-17 01:17:26,718 - SinkIdentifier - INFO - libChipApi.so: 1 items loaded.
2025-06-17 01:17:26,719 - SinkIdentifier - INFO - libvos_util.so: 0 items loaded.
2025-06-17 01:17:26,719 - SinkIdentifier - INFO - libCfm.so: 0 items loaded.
2025-06-17 01:17:26,719 - SinkIdentifier - INFO - libcommon.so: 8 items loaded.
2025-06-17 01:17:26,719 - SinkIdentifier - INFO - libpthread.so.0: 0 items loaded.
2025-06-17 01:17:26,720 - SinkIdentifier - INFO - libm.so.0: 0 items loaded.
2025-06-17 01:17:26,720 - SinkIdentifier - INFO - libucapi.so: 0 items loaded.
2025-06-17 01:17:26,720 - SinkIdentifier - INFO - libtpi.so: 0 items loaded.
2025-06-17 01:17:26,720 - SinkIdentifier - INFO - libgcc_s.so.1: 0 items loaded.
2025-06-17 01:36:54,554 - SinkIdentifier - INFO - [libvos_util.so] Loaded successfully with 0 items.
2025-06-17 01:36:54,554 - SinkIdentifier - INFO - [libChipApi.so] Loaded successfully with 1 items.
2025-06-17 01:36:54,555 - SinkIdentifier - INFO - [libCfm.so] Loaded successfully with 0 items.
2025-06-17 01:36:54,555 - SinkIdentifier - INFO - [libcommon.so] Loaded successfully with 8 items.
2025-06-17 01:36:54,555 - SinkIdentifier - INFO - [libpthread.so.0] Loaded successfully with 0 items.
2025-06-17 01:36:54,556 - SinkIdentifier - INFO - [libm.so.0] Loaded successfully with 0 items.
2025-06-17 01:36:54,556 - SinkIdentifier - INFO - [libucapi.so] Loaded successfully with 0 items.
2025-06-17 01:36:54,556 - SinkIdentifier - INFO - [libtpi.so] Loaded successfully with 0 items.
2025-06-17 01:36:54,556 - SinkIdentifier - INFO - [libgcc_s.so.1] Loaded successfully with 0 items.
2025-06-17 01:37:13,170 - SinkIdentifier - INFO - libvos_util.so: 0 items loaded.
2025-06-17 01:37:13,170 - SinkIdentifier - INFO - libChipApi.so: 1 items loaded.
2025-06-17 01:37:13,171 - SinkIdentifier - INFO - libCfm.so: 0 items loaded.
2025-06-17 01:37:13,171 - SinkIdentifier - INFO - libcommon.so: 8 items loaded.
2025-06-17 01:37:13,171 - SinkIdentifier - INFO - libpthread.so.0: 0 items loaded.
2025-06-17 01:37:13,171 - SinkIdentifier - INFO - libm.so.0: 0 items loaded.
2025-06-17 01:37:13,171 - SinkIdentifier - INFO - libucapi.so: 0 items loaded.
2025-06-17 01:37:13,171 - SinkIdentifier - INFO - libtpi.so: 0 items loaded.
2025-06-17 01:37:13,172 - SinkIdentifier - INFO - libgcc_s.so.1: 0 items loaded.
2025-06-17 01:43:27,601 - SinkIdentifier - INFO - [libvos_util.so] Loaded successfully with 0 items.
2025-06-17 01:43:27,602 - SinkIdentifier - INFO - [libChipApi.so] Loaded successfully with 1 items.
2025-06-17 01:43:27,602 - SinkIdentifier - INFO - [libcommon.so] Loaded successfully with 8 items.
2025-06-17 01:43:27,602 - SinkIdentifier - INFO - [libCfm.so] Loaded successfully with 0 items.
2025-06-17 01:43:27,602 - SinkIdentifier - INFO - [libpthread.so.0] Loaded successfully with 0 items.
2025-06-17 01:43:27,603 - SinkIdentifier - INFO - [libm.so.0] Loaded successfully with 0 items.
2025-06-17 01:43:27,603 - SinkIdentifier - INFO - [libucapi.so] Loaded successfully with 0 items.
2025-06-17 01:43:27,603 - SinkIdentifier - INFO - [libtpi.so] Loaded successfully with 0 items.
2025-06-17 01:43:27,604 - SinkIdentifier - INFO - [libgcc_s.so.1] Loaded successfully with 0 items.
2025-06-17 01:43:47,804 - SinkIdentifier - INFO - libvos_util.so: 0 items loaded.
2025-06-17 01:43:47,805 - SinkIdentifier - INFO - libChipApi.so: 1 items loaded.
2025-06-17 01:43:47,805 - SinkIdentifier - INFO - libcommon.so: 8 items loaded.
2025-06-17 01:43:47,805 - SinkIdentifier - INFO - libCfm.so: 0 items loaded.
2025-06-17 01:43:47,805 - SinkIdentifier - INFO - libpthread.so.0: 0 items loaded.
2025-06-17 01:43:47,806 - SinkIdentifier - INFO - libm.so.0: 0 items loaded.
2025-06-17 01:43:47,806 - SinkIdentifier - INFO - libucapi.so: 0 items loaded.
2025-06-17 01:43:47,806 - SinkIdentifier - INFO - libtpi.so: 0 items loaded.
2025-06-17 01:43:47,806 - SinkIdentifier - INFO - libgcc_s.so.1: 0 items loaded.
2025-06-17 02:21:37,480 - SinkIdentifier - INFO - [libvos_util.so] Loaded successfully with 0 items.
2025-06-17 02:21:37,481 - SinkIdentifier - INFO - [libChipApi.so] Loaded successfully with 1 items.
2025-06-17 02:21:37,481 - SinkIdentifier - INFO - [libcommon.so] Loaded successfully with 8 items.
2025-06-17 02:21:37,481 - SinkIdentifier - INFO - [libCfm.so] Loaded successfully with 0 items.
2025-06-17 02:21:37,482 - SinkIdentifier - INFO - [libpthread.so.0] Loaded successfully with 0 items.
2025-06-17 02:21:37,482 - SinkIdentifier - INFO - [libm.so.0] Loaded successfully with 0 items.
2025-06-17 02:21:37,482 - SinkIdentifier - INFO - [libucapi.so] Loaded successfully with 0 items.
2025-06-17 02:21:37,482 - SinkIdentifier - INFO - [libtpi.so] Loaded successfully with 0 items.
2025-06-17 02:21:37,483 - SinkIdentifier - INFO - [libgcc_s.so.1] Loaded successfully with 0 items.
2025-06-17 02:21:56,423 - SinkIdentifier - INFO - libvos_util.so: 0 items loaded.
2025-06-17 02:21:56,423 - SinkIdentifier - INFO - libChipApi.so: 1 items loaded.
2025-06-17 02:21:56,423 - SinkIdentifier - INFO - libcommon.so: 8 items loaded.
2025-06-17 02:21:56,423 - SinkIdentifier - INFO - libCfm.so: 0 items loaded.
2025-06-17 02:21:56,424 - SinkIdentifier - INFO - libpthread.so.0: 0 items loaded.
2025-06-17 02:21:56,424 - SinkIdentifier - INFO - libm.so.0: 0 items loaded.
2025-06-17 02:21:56,424 - SinkIdentifier - INFO - libucapi.so: 0 items loaded.
2025-06-17 02:21:56,424 - SinkIdentifier - INFO - libtpi.so: 0 items loaded.
2025-06-17 02:21:56,424 - SinkIdentifier - INFO - libgcc_s.so.1: 0 items loaded.
2025-06-17 02:34:29,249 - SinkIdentifier - INFO - Skipping libCfm.so: already exists in database.
2025-06-17 02:34:29,249 - SinkIdentifier - INFO - Skipping libcommon.so: already exists in database.
2025-06-17 02:34:29,249 - SinkIdentifier - INFO - Skipping libChipApi.so: already exists in database.
2025-06-17 02:34:29,249 - SinkIdentifier - INFO - Skipping libvos_util.so: already exists in database.
2025-06-17 02:34:29,249 - SinkIdentifier - INFO - Skipping libpthread.so.0: already exists in database.
2025-06-17 02:34:29,250 - SinkIdentifier - INFO - Skipping libtpi.so: already exists in database.
2025-06-17 02:34:29,250 - SinkIdentifier - INFO - Skipping libm.so.0: already exists in database.
2025-06-17 02:34:29,250 - SinkIdentifier - INFO - Skipping libucapi.so: already exists in database.
2025-06-17 02:34:29,250 - SinkIdentifier - INFO - Skipping libgcc_s.so.1: already exists in database.
2025-06-17 02:34:29,251 - SinkIdentifier - INFO - [libvos_util.so] Loaded successfully with 0 items.
2025-06-17 02:34:29,251 - SinkIdentifier - INFO - [libChipApi.so] Loaded successfully with 1 items.
2025-06-17 02:34:29,251 - SinkIdentifier - INFO - [libcommon.so] Loaded successfully with 8 items.
2025-06-17 02:34:29,251 - SinkIdentifier - INFO - [libCfm.so] Loaded successfully with 0 items.
2025-06-17 02:34:29,251 - SinkIdentifier - INFO - [libpthread.so.0] Loaded successfully with 0 items.
2025-06-17 02:34:29,251 - SinkIdentifier - INFO - [libm.so.0] Loaded successfully with 0 items.
2025-06-17 02:34:29,252 - SinkIdentifier - INFO - [libucapi.so] Loaded successfully with 0 items.
2025-06-17 02:34:29,252 - SinkIdentifier - INFO - [libtpi.so] Loaded successfully with 0 items.
2025-06-17 02:34:29,252 - SinkIdentifier - INFO - [libgcc_s.so.1] Loaded successfully with 0 items.
2025-06-17 02:34:43,543 - SinkIdentifier - INFO - libvos_util.so: 0 items loaded.
2025-06-17 02:34:43,543 - SinkIdentifier - INFO - libChipApi.so: 1 items loaded.
2025-06-17 02:34:43,544 - SinkIdentifier - INFO - libcommon.so: 8 items loaded.
2025-06-17 02:34:43,544 - SinkIdentifier - INFO - libCfm.so: 0 items loaded.
2025-06-17 02:34:43,544 - SinkIdentifier - INFO - libpthread.so.0: 0 items loaded.
2025-06-17 02:34:43,544 - SinkIdentifier - INFO - libm.so.0: 0 items loaded.
2025-06-17 02:34:43,544 - SinkIdentifier - INFO - libucapi.so: 0 items loaded.
2025-06-17 02:34:43,544 - SinkIdentifier - INFO - libtpi.so: 0 items loaded.
2025-06-17 02:34:43,544 - SinkIdentifier - INFO - libgcc_s.so.1: 0 items loaded.
2025-06-17 02:36:00,289 - SinkIdentifier - INFO - Skipping libCfm.so: already exists in database.
2025-06-17 02:36:00,289 - SinkIdentifier - INFO - Skipping libcommon.so: already exists in database.
2025-06-17 02:36:00,289 - SinkIdentifier - INFO - Skipping libChipApi.so: already exists in database.
2025-06-17 02:36:00,289 - SinkIdentifier - INFO - Skipping libvos_util.so: already exists in database.
2025-06-17 02:36:00,289 - SinkIdentifier - INFO - Skipping libpthread.so.0: already exists in database.
2025-06-17 02:36:00,290 - SinkIdentifier - INFO - Skipping libtpi.so: already exists in database.
2025-06-17 02:36:00,290 - SinkIdentifier - INFO - Skipping libm.so.0: already exists in database.
2025-06-17 02:36:00,290 - SinkIdentifier - INFO - Skipping libucapi.so: already exists in database.
2025-06-17 02:36:00,290 - SinkIdentifier - INFO - Skipping libgcc_s.so.1: already exists in database.
2025-06-17 02:36:00,291 - SinkIdentifier - INFO - [libvos_util.so] Loaded successfully with 0 items.
2025-06-17 02:36:00,291 - SinkIdentifier - INFO - [libChipApi.so] Loaded successfully with 1 items.
2025-06-17 02:36:00,291 - SinkIdentifier - INFO - [libcommon.so] Loaded successfully with 8 items.
2025-06-17 02:36:00,292 - SinkIdentifier - INFO - [libCfm.so] Loaded successfully with 0 items.
2025-06-17 02:36:00,292 - SinkIdentifier - INFO - [libpthread.so.0] Loaded successfully with 0 items.
2025-06-17 02:36:00,292 - SinkIdentifier - INFO - [libm.so.0] Loaded successfully with 0 items.
2025-06-17 02:36:00,292 - SinkIdentifier - INFO - [libucapi.so] Loaded successfully with 0 items.
2025-06-17 02:36:00,292 - SinkIdentifier - INFO - [libtpi.so] Loaded successfully with 0 items.
2025-06-17 02:36:00,292 - SinkIdentifier - INFO - [libgcc_s.so.1] Loaded successfully with 0 items.
2025-06-17 02:36:13,945 - SinkIdentifier - INFO - libvos_util.so: 0 items loaded.
2025-06-17 02:36:13,946 - SinkIdentifier - INFO - libChipApi.so: 1 items loaded.
2025-06-17 02:36:13,946 - SinkIdentifier - INFO - libcommon.so: 8 items loaded.
2025-06-17 02:36:13,946 - SinkIdentifier - INFO - libCfm.so: 0 items loaded.
2025-06-17 02:36:13,946 - SinkIdentifier - INFO - libpthread.so.0: 0 items loaded.
2025-06-17 02:36:13,946 - SinkIdentifier - INFO - libm.so.0: 0 items loaded.
2025-06-17 02:36:13,946 - SinkIdentifier - INFO - libucapi.so: 0 items loaded.
2025-06-17 02:36:13,946 - SinkIdentifier - INFO - libtpi.so: 0 items loaded.
2025-06-17 02:36:13,946 - SinkIdentifier - INFO - libgcc_s.so.1: 0 items loaded.
2025-06-17 02:44:06,491 - SinkIdentifier - INFO - Skipping libCfm.so: already exists in database.
2025-06-17 02:44:06,491 - SinkIdentifier - INFO - Skipping libcommon.so: already exists in database.
2025-06-17 02:44:06,491 - SinkIdentifier - INFO - Skipping libChipApi.so: already exists in database.
2025-06-17 02:44:06,491 - SinkIdentifier - INFO - Skipping libvos_util.so: already exists in database.
2025-06-17 02:44:06,491 - SinkIdentifier - INFO - Skipping libpthread.so.0: already exists in database.
2025-06-17 02:44:06,491 - SinkIdentifier - INFO - Skipping libtpi.so: already exists in database.
2025-06-17 02:44:06,491 - SinkIdentifier - INFO - Skipping libm.so.0: already exists in database.
2025-06-17 02:44:06,491 - SinkIdentifier - INFO - Skipping libucapi.so: already exists in database.
2025-06-17 02:44:06,492 - SinkIdentifier - INFO - Skipping libgcc_s.so.1: already exists in database.
2025-06-17 02:44:06,493 - SinkIdentifier - INFO - [libvos_util.so] Loaded successfully with 0 items.
2025-06-17 02:44:06,493 - SinkIdentifier - INFO - [libChipApi.so] Loaded successfully with 1 items.
2025-06-17 02:44:06,493 - SinkIdentifier - INFO - [libcommon.so] Loaded successfully with 8 items.
2025-06-17 02:44:06,493 - SinkIdentifier - INFO - [libCfm.so] Loaded successfully with 0 items.
2025-06-17 02:44:06,493 - SinkIdentifier - INFO - [libpthread.so.0] Loaded successfully with 0 items.
2025-06-17 02:44:06,493 - SinkIdentifier - INFO - [libm.so.0] Loaded successfully with 0 items.
2025-06-17 02:44:06,493 - SinkIdentifier - INFO - [libucapi.so] Loaded successfully with 0 items.
2025-06-17 02:44:06,494 - SinkIdentifier - INFO - [libtpi.so] Loaded successfully with 0 items.
2025-06-17 02:44:06,494 - SinkIdentifier - INFO - [libgcc_s.so.1] Loaded successfully with 0 items.
2025-06-17 02:44:20,146 - SinkIdentifier - INFO - libvos_util.so: 0 items loaded.
2025-06-17 02:44:20,146 - SinkIdentifier - INFO - libChipApi.so: 1 items loaded.
2025-06-17 02:44:20,146 - SinkIdentifier - INFO - libcommon.so: 8 items loaded.
2025-06-17 02:44:20,146 - SinkIdentifier - INFO - libCfm.so: 0 items loaded.
2025-06-17 02:44:20,146 - SinkIdentifier - INFO - libpthread.so.0: 0 items loaded.
2025-06-17 02:44:20,146 - SinkIdentifier - INFO - libm.so.0: 0 items loaded.
2025-06-17 02:44:20,147 - SinkIdentifier - INFO - libucapi.so: 0 items loaded.
2025-06-17 02:44:20,147 - SinkIdentifier - INFO - libtpi.so: 0 items loaded.
2025-06-17 02:44:20,147 - SinkIdentifier - INFO - libgcc_s.so.1: 0 items loaded.
2025-06-17 02:52:47,569 - SinkIdentifier - INFO - [libvos_util.so] Loaded successfully with 0 items.
2025-06-17 02:52:47,570 - SinkIdentifier - INFO - [libChipApi.so] Loaded successfully with 1 items.
2025-06-17 02:52:47,570 - SinkIdentifier - INFO - [libcommon.so] Loaded successfully with 8 items.
2025-06-17 02:52:47,570 - SinkIdentifier - INFO - [libCfm.so] Loaded successfully with 0 items.
2025-06-17 02:52:47,570 - SinkIdentifier - INFO - [libpthread.so.0] Loaded successfully with 0 items.
2025-06-17 02:52:47,570 - SinkIdentifier - INFO - [libm.so.0] Loaded successfully with 0 items.
2025-06-17 02:52:47,570 - SinkIdentifier - INFO - [libucapi.so] Loaded successfully with 0 items.
2025-06-17 02:52:47,571 - SinkIdentifier - INFO - [libtpi.so] Loaded successfully with 0 items.
2025-06-17 02:52:47,571 - SinkIdentifier - INFO - [libgcc_s.so.1] Loaded successfully with 0 items.
2025-06-17 02:53:05,654 - SinkIdentifier - INFO - libvos_util.so: 0 items loaded.
2025-06-17 02:53:05,655 - SinkIdentifier - INFO - libChipApi.so: 1 items loaded.
2025-06-17 02:53:05,655 - SinkIdentifier - INFO - libcommon.so: 8 items loaded.
2025-06-17 02:53:05,655 - SinkIdentifier - INFO - libCfm.so: 0 items loaded.
2025-06-17 02:53:05,655 - SinkIdentifier - INFO - libpthread.so.0: 0 items loaded.
2025-06-17 02:53:05,655 - SinkIdentifier - INFO - libm.so.0: 0 items loaded.
2025-06-17 02:53:05,655 - SinkIdentifier - INFO - libucapi.so: 0 items loaded.
2025-06-17 02:53:05,655 - SinkIdentifier - INFO - libtpi.so: 0 items loaded.
2025-06-17 02:53:05,655 - SinkIdentifier - INFO - libgcc_s.so.1: 0 items loaded.
2025-06-17 03:08:08,098 - SinkIdentifier - INFO - Skipping libCfm.so: already exists in database.
2025-06-17 03:08:08,098 - SinkIdentifier - INFO - Skipping libcommon.so: already exists in database.
2025-06-17 03:08:08,098 - SinkIdentifier - INFO - Skipping libChipApi.so: already exists in database.
2025-06-17 03:08:08,099 - SinkIdentifier - INFO - Skipping libvos_util.so: already exists in database.
2025-06-17 03:08:08,099 - SinkIdentifier - INFO - Skipping libpthread.so.0: already exists in database.
2025-06-17 03:08:08,099 - SinkIdentifier - INFO - Skipping libtpi.so: already exists in database.
2025-06-17 03:08:08,099 - SinkIdentifier - INFO - Skipping libm.so.0: already exists in database.
2025-06-17 03:08:08,099 - SinkIdentifier - INFO - Skipping libucapi.so: already exists in database.
2025-06-17 03:08:08,099 - SinkIdentifier - INFO - Skipping libgcc_s.so.1: already exists in database.
2025-06-17 03:08:08,100 - SinkIdentifier - INFO - [libvos_util.so] Loaded successfully with 0 items.
2025-06-17 03:08:08,101 - SinkIdentifier - INFO - [libChipApi.so] Loaded successfully with 1 items.
2025-06-17 03:08:08,101 - SinkIdentifier - INFO - [libcommon.so] Loaded successfully with 8 items.
2025-06-17 03:08:08,101 - SinkIdentifier - INFO - [libCfm.so] Loaded successfully with 0 items.
2025-06-17 03:08:08,101 - SinkIdentifier - INFO - [libpthread.so.0] Loaded successfully with 0 items.
2025-06-17 03:08:08,103 - SinkIdentifier - INFO - [libm.so.0] Loaded successfully with 0 items.
2025-06-17 03:08:08,103 - SinkIdentifier - INFO - [libucapi.so] Loaded successfully with 0 items.
2025-06-17 03:08:08,103 - SinkIdentifier - INFO - [libtpi.so] Loaded successfully with 0 items.
2025-06-17 03:08:08,104 - SinkIdentifier - INFO - [libgcc_s.so.1] Loaded successfully with 0 items.
2025-06-17 03:09:36,810 - SinkIdentifier - INFO - [libvos_util.so] Loaded successfully with 0 items.
2025-06-17 03:09:36,810 - SinkIdentifier - INFO - [libChipApi.so] Loaded successfully with 1 items.
2025-06-17 03:09:36,810 - SinkIdentifier - INFO - [libcommon.so] Loaded successfully with 8 items.
2025-06-17 03:09:36,810 - SinkIdentifier - INFO - [libCfm.so] Loaded successfully with 0 items.
2025-06-17 03:09:36,810 - SinkIdentifier - INFO - [libpthread.so.0] Loaded successfully with 0 items.
2025-06-17 03:09:36,810 - SinkIdentifier - INFO - [libm.so.0] Loaded successfully with 0 items.
2025-06-17 03:09:36,810 - SinkIdentifier - INFO - [libucapi.so] Loaded successfully with 0 items.
2025-06-17 03:09:36,811 - SinkIdentifier - INFO - [libtpi.so] Loaded successfully with 0 items.
2025-06-17 03:09:36,811 - SinkIdentifier - INFO - [libgcc_s.so.1] Loaded successfully with 0 items.
2025-06-17 03:09:54,744 - SinkIdentifier - INFO - libvos_util.so: 0 items loaded.
2025-06-17 03:09:54,744 - SinkIdentifier - INFO - libChipApi.so: 1 items loaded.
2025-06-17 03:09:54,745 - SinkIdentifier - INFO - libcommon.so: 8 items loaded.
2025-06-17 03:09:54,745 - SinkIdentifier - INFO - libCfm.so: 0 items loaded.
2025-06-17 03:09:54,745 - SinkIdentifier - INFO - libpthread.so.0: 0 items loaded.
2025-06-17 03:09:54,745 - SinkIdentifier - INFO - libm.so.0: 0 items loaded.
2025-06-17 03:09:54,745 - SinkIdentifier - INFO - libucapi.so: 0 items loaded.
2025-06-17 03:09:54,745 - SinkIdentifier - INFO - libtpi.so: 0 items loaded.
2025-06-17 03:09:54,745 - SinkIdentifier - INFO - libgcc_s.so.1: 0 items loaded.
2025-06-17 03:11:35,591 - SinkIdentifier - INFO - Skipping libCfm.so: already exists in database.
2025-06-17 03:11:35,591 - SinkIdentifier - INFO - Skipping libcommon.so: already exists in database.
2025-06-17 03:11:35,591 - SinkIdentifier - INFO - Skipping libChipApi.so: already exists in database.
2025-06-17 03:11:35,591 - SinkIdentifier - INFO - Skipping libvos_util.so: already exists in database.
2025-06-17 03:11:35,591 - SinkIdentifier - INFO - Skipping libpthread.so.0: already exists in database.
2025-06-17 03:11:35,592 - SinkIdentifier - INFO - Skipping libtpi.so: already exists in database.
2025-06-17 03:11:35,592 - SinkIdentifier - INFO - Skipping libm.so.0: already exists in database.
2025-06-17 03:11:35,592 - SinkIdentifier - INFO - Skipping libucapi.so: already exists in database.
2025-06-17 03:11:35,592 - SinkIdentifier - INFO - Skipping libgcc_s.so.1: already exists in database.
2025-06-17 03:11:35,594 - SinkIdentifier - INFO - [libvos_util.so] Loaded successfully with 0 items.
2025-06-17 03:11:35,594 - SinkIdentifier - INFO - [libChipApi.so] Loaded successfully with 1 items.
2025-06-17 03:11:35,594 - SinkIdentifier - INFO - [libcommon.so] Loaded successfully with 8 items.
2025-06-17 03:11:35,594 - SinkIdentifier - INFO - [libCfm.so] Loaded successfully with 0 items.
2025-06-17 03:11:35,594 - SinkIdentifier - INFO - [libpthread.so.0] Loaded successfully with 0 items.
2025-06-17 03:11:35,594 - SinkIdentifier - INFO - [libm.so.0] Loaded successfully with 0 items.
2025-06-17 03:11:35,594 - SinkIdentifier - INFO - [libucapi.so] Loaded successfully with 0 items.
2025-06-17 03:11:35,594 - SinkIdentifier - INFO - [libtpi.so] Loaded successfully with 0 items.
2025-06-17 03:11:35,594 - SinkIdentifier - INFO - [libgcc_s.so.1] Loaded successfully with 0 items.
2025-06-17 03:11:49,011 - SinkIdentifier - INFO - libvos_util.so: 0 items loaded.
2025-06-17 03:11:49,011 - SinkIdentifier - INFO - libChipApi.so: 1 items loaded.
2025-06-17 03:11:49,011 - SinkIdentifier - INFO - libcommon.so: 8 items loaded.
2025-06-17 03:11:49,011 - SinkIdentifier - INFO - libCfm.so: 0 items loaded.
2025-06-17 03:11:49,011 - SinkIdentifier - INFO - libpthread.so.0: 0 items loaded.
2025-06-17 03:11:49,011 - SinkIdentifier - INFO - libm.so.0: 0 items loaded.
2025-06-17 03:11:49,012 - SinkIdentifier - INFO - libucapi.so: 0 items loaded.
2025-06-17 03:11:49,012 - SinkIdentifier - INFO - libtpi.so: 0 items loaded.
2025-06-17 03:11:49,012 - SinkIdentifier - INFO - libgcc_s.so.1: 0 items loaded.
2025-06-17 03:14:05,201 - SinkIdentifier - INFO - Skipping libCfm.so: already exists in database.
2025-06-17 03:14:05,201 - SinkIdentifier - INFO - Skipping libcommon.so: already exists in database.
2025-06-17 03:14:05,201 - SinkIdentifier - INFO - Skipping libChipApi.so: already exists in database.
2025-06-17 03:14:05,201 - SinkIdentifier - INFO - Skipping libvos_util.so: already exists in database.
2025-06-17 03:14:05,202 - SinkIdentifier - INFO - Skipping libpthread.so.0: already exists in database.
2025-06-17 03:14:05,202 - SinkIdentifier - INFO - Skipping libtpi.so: already exists in database.
2025-06-17 03:14:05,202 - SinkIdentifier - INFO - Skipping libm.so.0: already exists in database.
2025-06-17 03:14:05,202 - SinkIdentifier - INFO - Skipping libucapi.so: already exists in database.
2025-06-17 03:14:05,202 - SinkIdentifier - INFO - Skipping libgcc_s.so.1: already exists in database.
2025-06-17 03:14:05,203 - SinkIdentifier - INFO - [libvos_util.so] Loaded successfully with 0 items.
2025-06-17 03:14:05,204 - SinkIdentifier - INFO - [libChipApi.so] Loaded successfully with 1 items.
2025-06-17 03:14:05,204 - SinkIdentifier - INFO - [libcommon.so] Loaded successfully with 8 items.
2025-06-17 03:14:05,204 - SinkIdentifier - INFO - [libCfm.so] Loaded successfully with 0 items.
2025-06-17 03:14:05,204 - SinkIdentifier - INFO - [libpthread.so.0] Loaded successfully with 0 items.
2025-06-17 03:14:05,204 - SinkIdentifier - INFO - [libm.so.0] Loaded successfully with 0 items.
2025-06-17 03:14:05,204 - SinkIdentifier - INFO - [libucapi.so] Loaded successfully with 0 items.
2025-06-17 03:14:05,204 - SinkIdentifier - INFO - [libtpi.so] Loaded successfully with 0 items.
2025-06-17 03:14:05,205 - SinkIdentifier - INFO - [libgcc_s.so.1] Loaded successfully with 0 items.
2025-06-17 03:14:18,600 - SinkIdentifier - INFO - libvos_util.so: 0 items loaded.
2025-06-17 03:14:18,601 - SinkIdentifier - INFO - libChipApi.so: 1 items loaded.
2025-06-17 03:14:18,601 - SinkIdentifier - INFO - libcommon.so: 8 items loaded.
2025-06-17 03:14:18,601 - SinkIdentifier - INFO - libCfm.so: 0 items loaded.
2025-06-17 03:14:18,601 - SinkIdentifier - INFO - libpthread.so.0: 0 items loaded.
2025-06-17 03:14:18,601 - SinkIdentifier - INFO - libm.so.0: 0 items loaded.
2025-06-17 03:14:18,601 - SinkIdentifier - INFO - libucapi.so: 0 items loaded.
2025-06-17 03:14:18,601 - SinkIdentifier - INFO - libtpi.so: 0 items loaded.
2025-06-17 03:14:18,601 - SinkIdentifier - INFO - libgcc_s.so.1: 0 items loaded.
2025-06-17 03:17:10,246 - SinkIdentifier - INFO - [libvos_util.so] Loaded successfully with 0 items.
2025-06-17 03:17:10,246 - SinkIdentifier - INFO - [libChipApi.so] Loaded successfully with 1 items.
2025-06-17 03:17:10,247 - SinkIdentifier - INFO - [libcommon.so] Loaded successfully with 8 items.
2025-06-17 03:17:10,247 - SinkIdentifier - INFO - [libCfm.so] Loaded successfully with 0 items.
2025-06-17 03:17:10,247 - SinkIdentifier - INFO - [libpthread.so.0] Loaded successfully with 0 items.
2025-06-17 03:17:10,247 - SinkIdentifier - INFO - [libm.so.0] Loaded successfully with 0 items.
2025-06-17 03:17:10,247 - SinkIdentifier - INFO - [libucapi.so] Loaded successfully with 0 items.
2025-06-17 03:17:10,247 - SinkIdentifier - INFO - [libtpi.so] Loaded successfully with 0 items.
2025-06-17 03:17:10,247 - SinkIdentifier - INFO - [libgcc_s.so.1] Loaded successfully with 0 items.
2025-06-17 03:17:28,136 - SinkIdentifier - INFO - libvos_util.so: 0 items loaded.
2025-06-17 03:17:28,136 - SinkIdentifier - INFO - libChipApi.so: 1 items loaded.
2025-06-17 03:17:28,137 - SinkIdentifier - INFO - libcommon.so: 8 items loaded.
2025-06-17 03:17:28,137 - SinkIdentifier - INFO - libCfm.so: 0 items loaded.
2025-06-17 03:17:28,137 - SinkIdentifier - INFO - libpthread.so.0: 0 items loaded.
2025-06-17 03:17:28,137 - SinkIdentifier - INFO - libm.so.0: 0 items loaded.
2025-06-17 03:17:28,137 - SinkIdentifier - INFO - libucapi.so: 0 items loaded.
2025-06-17 03:17:28,137 - SinkIdentifier - INFO - libtpi.so: 0 items loaded.
2025-06-17 03:17:28,137 - SinkIdentifier - INFO - libgcc_s.so.1: 0 items loaded.
2025-06-17 03:20:52,957 - SinkIdentifier - INFO - Skipping libCfm.so: already exists in database.
2025-06-17 03:20:52,958 - SinkIdentifier - INFO - Skipping libcommon.so: already exists in database.
2025-06-17 03:20:52,958 - SinkIdentifier - INFO - Skipping libChipApi.so: already exists in database.
2025-06-17 03:20:52,958 - SinkIdentifier - INFO - Skipping libvos_util.so: already exists in database.
2025-06-17 03:20:52,958 - SinkIdentifier - INFO - Skipping libpthread.so.0: already exists in database.
2025-06-17 03:20:52,958 - SinkIdentifier - INFO - Skipping libtpi.so: already exists in database.
2025-06-17 03:20:52,958 - SinkIdentifier - INFO - Skipping libm.so.0: already exists in database.
2025-06-17 03:20:52,958 - SinkIdentifier - INFO - Skipping libucapi.so: already exists in database.
2025-06-17 03:20:52,958 - SinkIdentifier - INFO - Skipping libgcc_s.so.1: already exists in database.
2025-06-17 03:20:52,960 - SinkIdentifier - INFO - [libvos_util.so] Loaded successfully with 0 items.
2025-06-17 03:20:52,960 - SinkIdentifier - INFO - [libChipApi.so] Loaded successfully with 1 items.
2025-06-17 03:20:52,960 - SinkIdentifier - INFO - [libcommon.so] Loaded successfully with 8 items.
2025-06-17 03:20:52,960 - SinkIdentifier - INFO - [libCfm.so] Loaded successfully with 0 items.
2025-06-17 03:20:52,960 - SinkIdentifier - INFO - [libpthread.so.0] Loaded successfully with 0 items.
2025-06-17 03:20:52,960 - SinkIdentifier - INFO - [libm.so.0] Loaded successfully with 0 items.
2025-06-17 03:20:52,961 - SinkIdentifier - INFO - [libucapi.so] Loaded successfully with 0 items.
2025-06-17 03:20:52,961 - SinkIdentifier - INFO - [libtpi.so] Loaded successfully with 0 items.
2025-06-17 03:20:52,961 - SinkIdentifier - INFO - [libgcc_s.so.1] Loaded successfully with 0 items.
2025-06-17 03:21:06,642 - SinkIdentifier - INFO - libvos_util.so: 0 items loaded.
2025-06-17 03:21:06,643 - SinkIdentifier - INFO - libChipApi.so: 1 items loaded.
2025-06-17 03:21:06,643 - SinkIdentifier - INFO - libcommon.so: 8 items loaded.
2025-06-17 03:21:06,643 - SinkIdentifier - INFO - libCfm.so: 0 items loaded.
2025-06-17 03:21:06,643 - SinkIdentifier - INFO - libpthread.so.0: 0 items loaded.
2025-06-17 03:21:06,643 - SinkIdentifier - INFO - libm.so.0: 0 items loaded.
2025-06-17 03:21:06,643 - SinkIdentifier - INFO - libucapi.so: 0 items loaded.
2025-06-17 03:21:06,643 - SinkIdentifier - INFO - libtpi.so: 0 items loaded.
2025-06-17 03:21:06,644 - SinkIdentifier - INFO - libgcc_s.so.1: 0 items loaded.
2025-06-17 08:23:23,341 - SinkIdentifier - INFO - [libvos_util.so] Loaded successfully with 0 items.
2025-06-17 08:23:23,342 - SinkIdentifier - INFO - [libChipApi.so] Loaded successfully with 1 items.
2025-06-17 08:23:23,342 - SinkIdentifier - INFO - [libcommon.so] Loaded successfully with 8 items.
2025-06-17 08:23:23,342 - SinkIdentifier - INFO - [libCfm.so] Loaded successfully with 0 items.
2025-06-17 08:23:23,342 - SinkIdentifier - INFO - [libpthread.so.0] Loaded successfully with 0 items.
2025-06-17 08:23:23,342 - SinkIdentifier - INFO - [libm.so.0] Loaded successfully with 0 items.
2025-06-17 08:23:23,343 - SinkIdentifier - INFO - [libtpi.so] Loaded successfully with 0 items.
2025-06-17 08:23:23,343 - SinkIdentifier - INFO - [libucapi.so] Loaded successfully with 0 items.
2025-06-17 08:23:23,343 - SinkIdentifier - INFO - [libgcc_s.so.1] Loaded successfully with 0 items.
2025-06-17 08:23:40,944 - SinkIdentifier - INFO - libvos_util.so: 0 items loaded.
2025-06-17 08:23:40,944 - SinkIdentifier - INFO - libChipApi.so: 1 items loaded.
2025-06-17 08:23:40,944 - SinkIdentifier - INFO - libcommon.so: 8 items loaded.
2025-06-17 08:23:40,944 - SinkIdentifier - INFO - libCfm.so: 0 items loaded.
2025-06-17 08:23:40,944 - SinkIdentifier - INFO - libpthread.so.0: 0 items loaded.
2025-06-17 08:23:40,945 - SinkIdentifier - INFO - libm.so.0: 0 items loaded.
2025-06-17 08:23:40,945 - SinkIdentifier - INFO - libtpi.so: 0 items loaded.
2025-06-17 08:23:40,945 - SinkIdentifier - INFO - libucapi.so: 0 items loaded.
2025-06-17 08:23:40,945 - SinkIdentifier - INFO - libgcc_s.so.1: 0 items loaded.
2025-06-17 08:45:31,112 - SinkIdentifier - INFO - [libvos_util.so] Loaded successfully with 0 items.
2025-06-17 08:45:31,112 - SinkIdentifier - INFO - [libChipApi.so] Loaded successfully with 1 items.
2025-06-17 08:45:31,112 - SinkIdentifier - INFO - [libcommon.so] Loaded successfully with 8 items.
2025-06-17 08:45:31,112 - SinkIdentifier - INFO - [libCfm.so] Loaded successfully with 0 items.
2025-06-17 08:45:31,112 - SinkIdentifier - INFO - [libpthread.so.0] Loaded successfully with 0 items.
2025-06-17 08:45:31,112 - SinkIdentifier - INFO - [libm.so.0] Loaded successfully with 0 items.
2025-06-17 08:45:31,113 - SinkIdentifier - INFO - [libucapi.so] Loaded successfully with 0 items.
2025-06-17 08:45:31,113 - SinkIdentifier - INFO - [libtpi.so] Loaded successfully with 0 items.
2025-06-17 08:45:31,113 - SinkIdentifier - INFO - [libgcc_s.so.1] Loaded successfully with 0 items.
2025-06-17 08:45:49,449 - SinkIdentifier - INFO - libvos_util.so: 0 items loaded.
2025-06-17 08:45:49,449 - SinkIdentifier - INFO - libChipApi.so: 1 items loaded.
2025-06-17 08:45:49,450 - SinkIdentifier - INFO - libcommon.so: 8 items loaded.
2025-06-17 08:45:49,450 - SinkIdentifier - INFO - libCfm.so: 0 items loaded.
2025-06-17 08:45:49,450 - SinkIdentifier - INFO - libpthread.so.0: 0 items loaded.
2025-06-17 08:45:49,450 - SinkIdentifier - INFO - libm.so.0: 0 items loaded.
2025-06-17 08:45:49,450 - SinkIdentifier - INFO - libucapi.so: 0 items loaded.
2025-06-17 08:45:49,450 - SinkIdentifier - INFO - libtpi.so: 0 items loaded.
2025-06-17 08:45:49,451 - SinkIdentifier - INFO - libgcc_s.so.1: 0 items loaded.
2025-06-17 08:50:43,378 - SinkIdentifier - INFO - [libvos_util.so] Loaded successfully with 0 items.
2025-06-17 08:50:43,378 - SinkIdentifier - INFO - [libChipApi.so] Loaded successfully with 1 items.
2025-06-17 08:50:43,378 - SinkIdentifier - INFO - [libcommon.so] Loaded successfully with 8 items.
2025-06-17 08:50:43,378 - SinkIdentifier - INFO - [libCfm.so] Loaded successfully with 0 items.
2025-06-17 08:50:43,378 - SinkIdentifier - INFO - [libpthread.so.0] Loaded successfully with 0 items.
2025-06-17 08:50:43,378 - SinkIdentifier - INFO - [libm.so.0] Loaded successfully with 0 items.
2025-06-17 08:50:43,379 - SinkIdentifier - INFO - [libucapi.so] Loaded successfully with 0 items.
2025-06-17 08:50:43,379 - SinkIdentifier - INFO - [libtpi.so] Loaded successfully with 0 items.
2025-06-17 08:50:43,379 - SinkIdentifier - INFO - [libgcc_s.so.1] Loaded successfully with 0 items.
2025-06-17 08:51:01,541 - SinkIdentifier - INFO - libvos_util.so: 0 items loaded.
2025-06-17 08:51:01,542 - SinkIdentifier - INFO - libChipApi.so: 1 items loaded.
2025-06-17 08:51:01,542 - SinkIdentifier - INFO - libcommon.so: 8 items loaded.
2025-06-17 08:51:01,542 - SinkIdentifier - INFO - libCfm.so: 0 items loaded.
2025-06-17 08:51:01,542 - SinkIdentifier - INFO - libpthread.so.0: 0 items loaded.
2025-06-17 08:51:01,542 - SinkIdentifier - INFO - libm.so.0: 0 items loaded.
2025-06-17 08:51:01,542 - SinkIdentifier - INFO - libucapi.so: 0 items loaded.
2025-06-17 08:51:01,542 - SinkIdentifier - INFO - libtpi.so: 0 items loaded.
2025-06-17 08:51:01,543 - SinkIdentifier - INFO - libgcc_s.so.1: 0 items loaded.
2025-06-17 09:00:43,318 - SinkIdentifier - INFO - [libvos_util.so] Loaded successfully with 0 items.
2025-06-17 09:00:43,318 - SinkIdentifier - INFO - [libChipApi.so] Loaded successfully with 1 items.
2025-06-17 09:00:43,318 - SinkIdentifier - INFO - [libCfm.so] Loaded successfully with 0 items.
2025-06-17 09:00:43,318 - SinkIdentifier - INFO - [libcommon.so] Loaded successfully with 8 items.
2025-06-17 09:00:43,318 - SinkIdentifier - INFO - [libpthread.so.0] Loaded successfully with 0 items.
2025-06-17 09:00:43,319 - SinkIdentifier - INFO - [libm.so.0] Loaded successfully with 0 items.
2025-06-17 09:00:43,319 - SinkIdentifier - INFO - [libtpi.so] Loaded successfully with 0 items.
2025-06-17 09:00:43,319 - SinkIdentifier - INFO - [libucapi.so] Loaded successfully with 0 items.
2025-06-17 09:00:43,319 - SinkIdentifier - INFO - [libgcc_s.so.1] Loaded successfully with 0 items.
2025-06-17 09:01:01,605 - SinkIdentifier - INFO - libvos_util.so: 0 items loaded.
2025-06-17 09:01:01,605 - SinkIdentifier - INFO - libChipApi.so: 1 items loaded.
2025-06-17 09:01:01,605 - SinkIdentifier - INFO - libCfm.so: 0 items loaded.
2025-06-17 09:01:01,606 - SinkIdentifier - INFO - libcommon.so: 8 items loaded.
2025-06-17 09:01:01,606 - SinkIdentifier - INFO - libpthread.so.0: 0 items loaded.
2025-06-17 09:01:01,606 - SinkIdentifier - INFO - libm.so.0: 0 items loaded.
2025-06-17 09:01:01,606 - SinkIdentifier - INFO - libtpi.so: 0 items loaded.
2025-06-17 09:01:01,606 - SinkIdentifier - INFO - libucapi.so: 0 items loaded.
2025-06-17 09:01:01,606 - SinkIdentifier - INFO - libgcc_s.so.1: 0 items loaded.
2025-06-17 09:06:56,175 - SinkIdentifier - INFO - [libvos_util.so] Loaded successfully with 0 items.
2025-06-17 09:06:56,175 - SinkIdentifier - INFO - [libChipApi.so] Loaded successfully with 1 items.
2025-06-17 09:06:56,175 - SinkIdentifier - INFO - [libCfm.so] Loaded successfully with 0 items.
2025-06-17 09:06:56,176 - SinkIdentifier - INFO - [libcommon.so] Loaded successfully with 8 items.
2025-06-17 09:06:56,176 - SinkIdentifier - INFO - [libpthread.so.0] Loaded successfully with 0 items.
2025-06-17 09:06:56,176 - SinkIdentifier - INFO - [libm.so.0] Loaded successfully with 0 items.
2025-06-17 09:06:56,176 - SinkIdentifier - INFO - [libucapi.so] Loaded successfully with 0 items.
2025-06-17 09:06:56,176 - SinkIdentifier - INFO - [libtpi.so] Loaded successfully with 0 items.
2025-06-17 09:06:56,176 - SinkIdentifier - INFO - [libgcc_s.so.1] Loaded successfully with 0 items.
2025-06-17 09:07:14,190 - SinkIdentifier - INFO - libvos_util.so: 0 items loaded.
2025-06-17 09:07:14,191 - SinkIdentifier - INFO - libChipApi.so: 1 items loaded.
2025-06-17 09:07:14,191 - SinkIdentifier - INFO - libCfm.so: 0 items loaded.
2025-06-17 09:07:14,191 - SinkIdentifier - INFO - libcommon.so: 8 items loaded.
2025-06-17 09:07:14,191 - SinkIdentifier - INFO - libpthread.so.0: 0 items loaded.
2025-06-17 09:07:14,191 - SinkIdentifier - INFO - libm.so.0: 0 items loaded.
2025-06-17 09:07:14,191 - SinkIdentifier - INFO - libucapi.so: 0 items loaded.
2025-06-17 09:07:14,191 - SinkIdentifier - INFO - libtpi.so: 0 items loaded.
2025-06-17 09:07:14,191 - SinkIdentifier - INFO - libgcc_s.so.1: 0 items loaded.
2025-06-18 08:46:58,030 - SinkIdentifier - INFO - [libvos_util.so] Loaded successfully with 0 items.
2025-06-18 08:46:58,030 - SinkIdentifier - INFO - [libChipApi.so] Loaded successfully with 1 items.
2025-06-18 08:46:58,030 - SinkIdentifier - INFO - [libcommon.so] Loaded successfully with 8 items.
2025-06-18 08:46:58,030 - SinkIdentifier - INFO - [libCfm.so] Loaded successfully with 0 items.
2025-06-18 08:46:58,030 - SinkIdentifier - INFO - [libpthread.so.0] Loaded successfully with 0 items.
2025-06-18 08:46:58,030 - SinkIdentifier - INFO - [libm.so.0] Loaded successfully with 0 items.
2025-06-18 08:46:58,031 - SinkIdentifier - INFO - [libucapi.so] Loaded successfully with 0 items.
2025-06-18 08:46:58,031 - SinkIdentifier - INFO - [libtpi.so] Loaded successfully with 0 items.
2025-06-18 08:46:58,031 - SinkIdentifier - INFO - [libgcc_s.so.1] Loaded successfully with 0 items.
2025-06-18 08:47:17,450 - SinkIdentifier - INFO - libvos_util.so: 0 items loaded.
2025-06-18 08:47:17,450 - SinkIdentifier - INFO - libChipApi.so: 1 items loaded.
2025-06-18 08:47:17,451 - SinkIdentifier - INFO - libcommon.so: 8 items loaded.
2025-06-18 08:47:17,451 - SinkIdentifier - INFO - libCfm.so: 0 items loaded.
2025-06-18 08:47:17,451 - SinkIdentifier - INFO - libpthread.so.0: 0 items loaded.
2025-06-18 08:47:17,451 - SinkIdentifier - INFO - libm.so.0: 0 items loaded.
2025-06-18 08:47:17,451 - SinkIdentifier - INFO - libucapi.so: 0 items loaded.
2025-06-18 08:47:17,451 - SinkIdentifier - INFO - libtpi.so: 0 items loaded.
2025-06-18 08:47:17,451 - SinkIdentifier - INFO - libgcc_s.so.1: 0 items loaded.
2025-06-18 20:26:04,328 - SinkIdentifier - INFO - Skipping libCfm.so: already exists in database.
2025-06-18 20:26:04,328 - SinkIdentifier - INFO - Skipping libcommon.so: already exists in database.
2025-06-18 20:26:04,328 - SinkIdentifier - INFO - Skipping libChipApi.so: already exists in database.
2025-06-18 20:26:04,328 - SinkIdentifier - INFO - Skipping libvos_util.so: already exists in database.
2025-06-18 20:26:04,328 - SinkIdentifier - INFO - Skipping libpthread.so.0: already exists in database.
2025-06-18 20:26:04,328 - SinkIdentifier - INFO - Skipping libtpi.so: already exists in database.
2025-06-18 20:26:04,328 - SinkIdentifier - INFO - Skipping libm.so.0: already exists in database.
2025-06-18 20:26:04,328 - SinkIdentifier - INFO - Skipping libucapi.so: already exists in database.
2025-06-18 20:26:04,328 - SinkIdentifier - INFO - Skipping libgcc_s.so.1: already exists in database.
2025-06-18 20:26:04,334 - SinkIdentifier - INFO - [libvos_util.so] Loaded successfully with 0 items.
2025-06-18 20:26:04,334 - SinkIdentifier - INFO - [libChipApi.so] Loaded successfully with 1 items.
2025-06-18 20:26:04,334 - SinkIdentifier - INFO - [libcommon.so] Loaded successfully with 8 items.
2025-06-18 20:26:04,334 - SinkIdentifier - INFO - [libCfm.so] Loaded successfully with 0 items.
2025-06-18 20:26:04,334 - SinkIdentifier - INFO - [libpthread.so.0] Loaded successfully with 0 items.
2025-06-18 20:26:04,334 - SinkIdentifier - INFO - [libm.so.0] Loaded successfully with 0 items.
2025-06-18 20:26:04,334 - SinkIdentifier - INFO - [libucapi.so] Loaded successfully with 0 items.
2025-06-18 20:26:04,335 - SinkIdentifier - INFO - [libtpi.so] Loaded successfully with 0 items.
2025-06-18 20:26:04,335 - SinkIdentifier - INFO - [libgcc_s.so.1] Loaded successfully with 0 items.
2025-06-18 20:29:32,023 - SinkIdentifier - INFO - libvos_util.so: 0 items loaded.
2025-06-18 20:29:32,023 - SinkIdentifier - INFO - libChipApi.so: 1 items loaded.
2025-06-18 20:29:32,023 - SinkIdentifier - INFO - libcommon.so: 8 items loaded.
2025-06-18 20:29:32,023 - SinkIdentifier - INFO - libCfm.so: 0 items loaded.
2025-06-18 20:29:32,023 - SinkIdentifier - INFO - libpthread.so.0: 0 items loaded.
2025-06-18 20:29:32,023 - SinkIdentifier - INFO - libm.so.0: 0 items loaded.
2025-06-18 20:29:32,023 - SinkIdentifier - INFO - libucapi.so: 0 items loaded.
2025-06-18 20:29:32,024 - SinkIdentifier - INFO - libtpi.so: 0 items loaded.
2025-06-18 20:29:32,024 - SinkIdentifier - INFO - libgcc_s.so.1: 0 items loaded.
2025-06-18 20:42:42,642 - SinkIdentifier - INFO - [libCfm.so] Loaded successfully with 0 items.
2025-06-18 20:42:42,642 - SinkIdentifier - INFO - [libChipApi.so] Loaded successfully with 1 items.
2025-06-18 20:42:42,642 - SinkIdentifier - INFO - [libvos_util.so] Loaded successfully with 0 items.
2025-06-18 20:42:42,643 - SinkIdentifier - INFO - [libcommon.so] Loaded successfully with 8 items.
2025-06-18 20:42:42,643 - SinkIdentifier - INFO - [libpthread.so.0] Loaded successfully with 0 items.
2025-06-18 20:42:42,643 - SinkIdentifier - INFO - [libm.so.0] Loaded successfully with 0 items.
2025-06-18 20:42:42,643 - SinkIdentifier - INFO - [libucapi.so] Loaded successfully with 0 items.
2025-06-18 20:42:42,643 - SinkIdentifier - INFO - [libtpi.so] Loaded successfully with 0 items.
2025-06-18 20:42:42,644 - SinkIdentifier - INFO - [libgcc_s.so.1] Loaded successfully with 0 items.
2025-06-18 20:43:03,592 - SinkIdentifier - INFO - libCfm.so: 0 items loaded.
2025-06-18 20:43:03,592 - SinkIdentifier - INFO - libChipApi.so: 1 items loaded.
2025-06-18 20:43:03,592 - SinkIdentifier - INFO - libvos_util.so: 0 items loaded.
2025-06-18 20:43:03,592 - SinkIdentifier - INFO - libcommon.so: 8 items loaded.
2025-06-18 20:43:03,592 - SinkIdentifier - INFO - libpthread.so.0: 0 items loaded.
2025-06-18 20:43:03,592 - SinkIdentifier - INFO - libm.so.0: 0 items loaded.
2025-06-18 20:43:03,592 - SinkIdentifier - INFO - libucapi.so: 0 items loaded.
2025-06-18 20:43:03,592 - SinkIdentifier - INFO - libtpi.so: 0 items loaded.
2025-06-18 20:43:03,593 - SinkIdentifier - INFO - libgcc_s.so.1: 0 items loaded.
2025-06-23 02:41:42,919 - SinkIdentifier - INFO - [libftp.so] Loaded successfully with 5 items.
2025-06-23 02:41:42,934 - SinkIdentifier - INFO - [libshare.so] Loaded successfully with 35 items.
2025-06-23 02:41:42,934 - SinkIdentifier - INFO - [libcgic.so] Loaded successfully with 1 items.
2025-06-23 02:41:42,934 - SinkIdentifier - INFO - [libxmldbc.so] Loaded successfully with 0 items.
2025-06-23 02:41:42,934 - SinkIdentifier - INFO - [libmail.so] Loaded successfully with 0 items.
2025-06-23 02:41:42,935 - SinkIdentifier - INFO - [libapkg2.so] Loaded successfully with 0 items.
2025-06-23 02:41:42,935 - SinkIdentifier - INFO - [libaccount.so] Loaded successfully with 0 items.
2025-06-23 02:41:42,935 - SinkIdentifier - INFO - [libsmbif.so] Loaded successfully with 39 items.
2025-06-23 02:41:42,935 - SinkIdentifier - INFO - [libquota.so] Loaded successfully with 15 items.
2025-06-23 02:41:42,935 - SinkIdentifier - INFO - [libmycloud.so] Loaded successfully with 0 items.
2025-06-23 02:41:42,935 - SinkIdentifier - INFO - [libafpif.so] Loaded successfully with 1 items.
2025-06-23 02:41:42,936 - SinkIdentifier - INFO - [libwto.so] Loaded successfully with 1 items.
2025-06-23 02:41:42,936 - SinkIdentifier - INFO - [libsafe_system.so] Loaded successfully with 0 items.
2025-06-23 02:42:44,638 - SinkIdentifier - INFO - libftp.so: 5 items loaded.
2025-06-23 02:42:44,638 - SinkIdentifier - INFO - libshare.so: 35 items loaded.
2025-06-23 02:42:44,638 - SinkIdentifier - INFO - libcgic.so: 1 items loaded.
2025-06-23 02:42:44,639 - SinkIdentifier - INFO - libxmldbc.so: 0 items loaded.
2025-06-23 02:42:44,639 - SinkIdentifier - INFO - libmail.so: 0 items loaded.
2025-06-23 02:42:44,639 - SinkIdentifier - INFO - libapkg2.so: 0 items loaded.
2025-06-23 02:42:44,639 - SinkIdentifier - INFO - libaccount.so: 0 items loaded.
2025-06-23 02:42:44,639 - SinkIdentifier - INFO - libsmbif.so: 39 items loaded.
2025-06-23 02:42:44,639 - SinkIdentifier - INFO - libquota.so: 15 items loaded.
2025-06-23 02:42:44,639 - SinkIdentifier - INFO - libmycloud.so: 0 items loaded.
2025-06-23 02:42:44,639 - SinkIdentifier - INFO - libafpif.so: 1 items loaded.
2025-06-23 02:42:44,639 - SinkIdentifier - INFO - libwto.so: 1 items loaded.
2025-06-23 02:42:44,640 - SinkIdentifier - INFO - libsafe_system.so: 0 items loaded.
2025-06-23 06:34:05,766 - SinkIdentifier - INFO - [libftp.so] Loaded successfully with 5 items.
2025-06-23 06:34:05,766 - SinkIdentifier - INFO - [libshare.so] Loaded successfully with 35 items.
2025-06-23 06:34:05,766 - SinkIdentifier - INFO - [libcgic.so] Loaded successfully with 1 items.
2025-06-23 06:34:05,766 - SinkIdentifier - INFO - [libxmldbc.so] Loaded successfully with 0 items.
2025-06-23 06:34:05,767 - SinkIdentifier - INFO - [libmail.so] Loaded successfully with 0 items.
2025-06-23 06:34:05,767 - SinkIdentifier - INFO - [libapkg2.so] Loaded successfully with 0 items.
2025-06-23 06:34:05,767 - SinkIdentifier - INFO - [libaccount.so] Loaded successfully with 0 items.
2025-06-23 06:34:05,767 - SinkIdentifier - INFO - [libsmbif.so] Loaded successfully with 39 items.
2025-06-23 06:34:05,767 - SinkIdentifier - INFO - [libquota.so] Loaded successfully with 15 items.
2025-06-23 06:34:05,767 - SinkIdentifier - INFO - [libmycloud.so] Loaded successfully with 0 items.
2025-06-23 06:34:05,767 - SinkIdentifier - INFO - [libafpif.so] Loaded successfully with 1 items.
2025-06-23 06:34:05,768 - SinkIdentifier - INFO - [libwto.so] Loaded successfully with 1 items.
2025-06-23 06:34:05,768 - SinkIdentifier - INFO - [libsafe_system.so] Loaded successfully with 0 items.
2025-06-23 06:34:05,768 - SinkIdentifier - INFO - [libvos_util.so] Loaded successfully with 0 items.
2025-06-23 06:34:05,768 - SinkIdentifier - INFO - [libChipApi.so] Loaded successfully with 1 items.
2025-06-23 06:34:05,768 - SinkIdentifier - INFO - [libcommon.so] Loaded successfully with 8 items.
2025-06-23 06:34:05,768 - SinkIdentifier - INFO - [libCfm.so] Loaded successfully with 0 items.
2025-06-23 06:34:05,768 - SinkIdentifier - INFO - [libpthread.so.0] Loaded successfully with 0 items.
2025-06-23 06:34:05,768 - SinkIdentifier - INFO - [libm.so.0] Loaded successfully with 0 items.
2025-06-23 06:34:05,769 - SinkIdentifier - INFO - [libtpi.so] Loaded successfully with 0 items.
2025-06-23 06:34:05,769 - SinkIdentifier - INFO - [libucapi.so] Loaded successfully with 0 items.
2025-06-23 06:34:05,769 - SinkIdentifier - INFO - [libgcc_s.so.1] Loaded successfully with 0 items.
2025-06-23 06:36:45,655 - SinkIdentifier - INFO - [libvos_util.so] Loaded successfully with 0 items.
2025-06-23 06:36:45,655 - SinkIdentifier - INFO - [libChipApi.so] Loaded successfully with 1 items.
2025-06-23 06:36:45,655 - SinkIdentifier - INFO - [libcommon.so] Loaded successfully with 8 items.
2025-06-23 06:36:45,656 - SinkIdentifier - INFO - [libCfm.so] Loaded successfully with 0 items.
2025-06-23 06:36:45,656 - SinkIdentifier - INFO - [libpthread.so.0] Loaded successfully with 0 items.
2025-06-23 06:36:45,656 - SinkIdentifier - INFO - [libm.so.0] Loaded successfully with 0 items.
2025-06-23 06:36:45,656 - SinkIdentifier - INFO - [libtpi.so] Loaded successfully with 0 items.
2025-06-23 06:36:45,656 - SinkIdentifier - INFO - [libucapi.so] Loaded successfully with 0 items.
2025-06-23 06:36:45,656 - SinkIdentifier - INFO - [libgcc_s.so.1] Loaded successfully with 0 items.
2025-06-23 06:37:03,231 - SinkIdentifier - INFO - libvos_util.so: 0 items loaded.
2025-06-23 06:37:03,232 - SinkIdentifier - INFO - libChipApi.so: 1 items loaded.
2025-06-23 06:37:03,232 - SinkIdentifier - INFO - libcommon.so: 8 items loaded.
2025-06-23 06:37:03,232 - SinkIdentifier - INFO - libCfm.so: 0 items loaded.
2025-06-23 06:37:03,232 - SinkIdentifier - INFO - libpthread.so.0: 0 items loaded.
2025-06-23 06:37:03,232 - SinkIdentifier - INFO - libm.so.0: 0 items loaded.
2025-06-23 06:37:03,233 - SinkIdentifier - INFO - libtpi.so: 0 items loaded.
2025-06-23 06:37:03,233 - SinkIdentifier - INFO - libucapi.so: 0 items loaded.
2025-06-23 06:37:03,233 - SinkIdentifier - INFO - libgcc_s.so.1: 0 items loaded.
2025-06-23 06:43:26,293 - SinkIdentifier - INFO - [libxmldbc.so] Loaded successfully with 0 items.
2025-06-23 06:43:26,294 - SinkIdentifier - INFO - [libcgic.so] Loaded successfully with 1 items.
2025-06-23 06:43:26,294 - SinkIdentifier - INFO - [libftp.so] Loaded successfully with 5 items.
2025-06-23 06:43:26,294 - SinkIdentifier - INFO - [libshare.so] Loaded successfully with 35 items.
2025-06-23 06:43:26,294 - SinkIdentifier - INFO - [libmail.so] Loaded successfully with 0 items.
2025-06-23 06:43:26,294 - SinkIdentifier - INFO - [libapkg2.so] Loaded successfully with 0 items.
2025-06-23 06:43:26,294 - SinkIdentifier - INFO - [libaccount.so] Loaded successfully with 0 items.
2025-06-23 06:43:26,295 - SinkIdentifier - INFO - [libsmbif.so] Loaded successfully with 39 items.
2025-06-23 06:43:26,295 - SinkIdentifier - INFO - [libquota.so] Loaded successfully with 15 items.
2025-06-23 06:43:26,295 - SinkIdentifier - INFO - [libafpif.so] Loaded successfully with 1 items.
2025-06-23 06:43:26,295 - SinkIdentifier - INFO - [libmycloud.so] Loaded successfully with 0 items.
2025-06-23 06:43:26,295 - SinkIdentifier - INFO - [libwto.so] Loaded successfully with 1 items.
2025-06-23 06:43:26,295 - SinkIdentifier - INFO - [libsafe_system.so] Loaded successfully with 0 items.
2025-06-23 06:44:09,540 - SinkIdentifier - INFO - libxmldbc.so: 0 items loaded.
2025-06-23 06:44:09,540 - SinkIdentifier - INFO - libcgic.so: 1 items loaded.
2025-06-23 06:44:09,540 - SinkIdentifier - INFO - libftp.so: 5 items loaded.
2025-06-23 06:44:09,540 - SinkIdentifier - INFO - libshare.so: 35 items loaded.
2025-06-23 06:44:09,540 - SinkIdentifier - INFO - libmail.so: 0 items loaded.
2025-06-23 06:44:09,541 - SinkIdentifier - INFO - libapkg2.so: 0 items loaded.
2025-06-23 06:44:09,541 - SinkIdentifier - INFO - libaccount.so: 0 items loaded.
2025-06-23 06:44:09,541 - SinkIdentifier - INFO - libsmbif.so: 39 items loaded.
2025-06-23 06:44:09,541 - SinkIdentifier - INFO - libquota.so: 15 items loaded.
2025-06-23 06:44:09,541 - SinkIdentifier - INFO - libafpif.so: 1 items loaded.
2025-06-23 06:44:09,541 - SinkIdentifier - INFO - libmycloud.so: 0 items loaded.
2025-06-23 06:44:09,541 - SinkIdentifier - INFO - libwto.so: 1 items loaded.
2025-06-23 06:44:09,541 - SinkIdentifier - INFO - libsafe_system.so: 0 items loaded.
2025-06-23 06:50:23,550 - SinkIdentifier - INFO - [libxmldbc.so] Loaded successfully with 0 items.
2025-06-23 06:50:23,551 - SinkIdentifier - INFO - [libshare.so] Loaded successfully with 35 items.
2025-06-23 06:50:23,551 - SinkIdentifier - INFO - [libftp.so] Loaded successfully with 5 items.
2025-06-23 06:50:23,551 - SinkIdentifier - INFO - [libcgic.so] Loaded successfully with 1 items.
2025-06-23 06:50:23,551 - SinkIdentifier - INFO - [libmail.so] Loaded successfully with 0 items.
2025-06-23 06:50:23,551 - SinkIdentifier - INFO - [libapkg2.so] Loaded successfully with 0 items.
2025-06-23 06:50:23,551 - SinkIdentifier - INFO - [libaccount.so] Loaded successfully with 0 items.
2025-06-23 06:50:23,552 - SinkIdentifier - INFO - [libsmbif.so] Loaded successfully with 39 items.
2025-06-23 06:50:23,552 - SinkIdentifier - INFO - [libquota.so] Loaded successfully with 15 items.
2025-06-23 06:50:23,552 - SinkIdentifier - INFO - [libafpif.so] Loaded successfully with 1 items.
2025-06-23 06:50:23,553 - SinkIdentifier - INFO - [libmycloud.so] Loaded successfully with 0 items.
2025-06-23 06:50:23,553 - SinkIdentifier - INFO - [libwto.so] Loaded successfully with 1 items.
2025-06-23 06:50:23,553 - SinkIdentifier - INFO - [libsafe_system.so] Loaded successfully with 0 items.
2025-06-23 06:51:05,292 - SinkIdentifier - INFO - libxmldbc.so: 0 items loaded.
2025-06-23 06:51:05,292 - SinkIdentifier - INFO - libshare.so: 35 items loaded.
2025-06-23 06:51:05,293 - SinkIdentifier - INFO - libftp.so: 5 items loaded.
2025-06-23 06:51:05,293 - SinkIdentifier - INFO - libcgic.so: 1 items loaded.
2025-06-23 06:51:05,293 - SinkIdentifier - INFO - libmail.so: 0 items loaded.
2025-06-23 06:51:05,293 - SinkIdentifier - INFO - libapkg2.so: 0 items loaded.
2025-06-23 06:51:05,293 - SinkIdentifier - INFO - libaccount.so: 0 items loaded.
2025-06-23 06:51:05,294 - SinkIdentifier - INFO - libsmbif.so: 39 items loaded.
2025-06-23 06:51:05,294 - SinkIdentifier - INFO - libquota.so: 15 items loaded.
2025-06-23 06:51:05,294 - SinkIdentifier - INFO - libafpif.so: 1 items loaded.
2025-06-23 06:51:05,294 - SinkIdentifier - INFO - libmycloud.so: 0 items loaded.
2025-06-23 06:51:05,294 - SinkIdentifier - INFO - libwto.so: 1 items loaded.
2025-06-23 06:51:05,294 - SinkIdentifier - INFO - libsafe_system.so: 0 items loaded.
2025-06-23 06:54:33,242 - SinkIdentifier - INFO - [libxmldbc.so] Loaded successfully with 0 items.
2025-06-23 06:54:33,242 - SinkIdentifier - INFO - [libcgic.so] Loaded successfully with 1 items.
2025-06-23 06:54:33,242 - SinkIdentifier - INFO - [libshare.so] Loaded successfully with 35 items.
2025-06-23 06:54:33,242 - SinkIdentifier - INFO - [libftp.so] Loaded successfully with 5 items.
2025-06-23 06:54:33,242 - SinkIdentifier - INFO - [libmail.so] Loaded successfully with 0 items.
2025-06-23 06:54:33,242 - SinkIdentifier - INFO - [libapkg2.so] Loaded successfully with 0 items.
2025-06-23 06:54:33,242 - SinkIdentifier - INFO - [libaccount.so] Loaded successfully with 0 items.
2025-06-23 06:54:33,243 - SinkIdentifier - INFO - [libsmbif.so] Loaded successfully with 39 items.
2025-06-23 06:54:33,243 - SinkIdentifier - INFO - [libquota.so] Loaded successfully with 15 items.
2025-06-23 06:54:33,243 - SinkIdentifier - INFO - [libmycloud.so] Loaded successfully with 0 items.
2025-06-23 06:54:33,243 - SinkIdentifier - INFO - [libafpif.so] Loaded successfully with 1 items.
2025-06-23 06:54:33,243 - SinkIdentifier - INFO - [libwto.so] Loaded successfully with 1 items.
2025-06-23 06:54:33,243 - SinkIdentifier - INFO - [libsafe_system.so] Loaded successfully with 0 items.
2025-06-23 06:55:08,990 - SinkIdentifier - INFO - libxmldbc.so: 0 items loaded.
2025-06-23 06:55:08,990 - SinkIdentifier - INFO - libcgic.so: 1 items loaded.
2025-06-23 06:55:08,990 - SinkIdentifier - INFO - libshare.so: 35 items loaded.
2025-06-23 06:55:08,990 - SinkIdentifier - INFO - libftp.so: 5 items loaded.
2025-06-23 06:55:08,990 - SinkIdentifier - INFO - libmail.so: 0 items loaded.
2025-06-23 06:55:08,990 - SinkIdentifier - INFO - libapkg2.so: 0 items loaded.
2025-06-23 06:55:08,991 - SinkIdentifier - INFO - libaccount.so: 0 items loaded.
2025-06-23 06:55:08,991 - SinkIdentifier - INFO - libsmbif.so: 39 items loaded.
2025-06-23 06:55:08,991 - SinkIdentifier - INFO - libquota.so: 15 items loaded.
2025-06-23 06:55:08,991 - SinkIdentifier - INFO - libmycloud.so: 0 items loaded.
2025-06-23 06:55:08,991 - SinkIdentifier - INFO - libafpif.so: 1 items loaded.
2025-06-23 06:55:08,991 - SinkIdentifier - INFO - libwto.so: 1 items loaded.
2025-06-23 06:55:08,991 - SinkIdentifier - INFO - libsafe_system.so: 0 items loaded.
2025-06-23 07:03:30,248 - SinkIdentifier - INFO - [libxmldbc.so] Loaded successfully with 0 items.
2025-06-23 07:03:30,248 - SinkIdentifier - INFO - [libftp.so] Loaded successfully with 5 items.
2025-06-23 07:03:30,249 - SinkIdentifier - INFO - [libcgic.so] Loaded successfully with 1 items.
2025-06-23 07:03:30,249 - SinkIdentifier - INFO - [libshare.so] Loaded successfully with 35 items.
2025-06-23 07:03:30,249 - SinkIdentifier - INFO - [libmail.so] Loaded successfully with 0 items.
2025-06-23 07:03:30,249 - SinkIdentifier - INFO - [libapkg2.so] Loaded successfully with 0 items.
2025-06-23 07:03:30,249 - SinkIdentifier - INFO - [libaccount.so] Loaded successfully with 0 items.
2025-06-23 07:03:30,250 - SinkIdentifier - INFO - [libsmbif.so] Loaded successfully with 39 items.
2025-06-23 07:03:30,250 - SinkIdentifier - INFO - [libquota.so] Loaded successfully with 15 items.
2025-06-23 07:03:30,250 - SinkIdentifier - INFO - [libafpif.so] Loaded successfully with 1 items.
2025-06-23 07:03:30,250 - SinkIdentifier - INFO - [libmycloud.so] Loaded successfully with 0 items.
2025-06-23 07:03:30,250 - SinkIdentifier - INFO - [libwto.so] Loaded successfully with 1 items.
2025-06-23 07:03:30,250 - SinkIdentifier - INFO - [libsafe_system.so] Loaded successfully with 0 items.
2025-06-23 07:04:10,966 - SinkIdentifier - INFO - libxmldbc.so: 0 items loaded.
2025-06-23 07:04:10,967 - SinkIdentifier - INFO - libftp.so: 5 items loaded.
2025-06-23 07:04:10,967 - SinkIdentifier - INFO - libcgic.so: 1 items loaded.
2025-06-23 07:04:10,967 - SinkIdentifier - INFO - libshare.so: 35 items loaded.
2025-06-23 07:04:10,967 - SinkIdentifier - INFO - libmail.so: 0 items loaded.
2025-06-23 07:04:10,967 - SinkIdentifier - INFO - libapkg2.so: 0 items loaded.
2025-06-23 07:04:10,967 - SinkIdentifier - INFO - libaccount.so: 0 items loaded.
2025-06-23 07:04:10,967 - SinkIdentifier - INFO - libsmbif.so: 39 items loaded.
2025-06-23 07:04:10,968 - SinkIdentifier - INFO - libquota.so: 15 items loaded.
2025-06-23 07:04:10,968 - SinkIdentifier - INFO - libafpif.so: 1 items loaded.
2025-06-23 07:04:10,969 - SinkIdentifier - INFO - libmycloud.so: 0 items loaded.
2025-06-23 07:04:10,969 - SinkIdentifier - INFO - libwto.so: 1 items loaded.
2025-06-23 07:04:10,969 - SinkIdentifier - INFO - libsafe_system.so: 0 items loaded.
2025-06-23 07:17:31,696 - SinkIdentifier - INFO - [libxmldbc.so] Loaded successfully with 0 items.
2025-06-23 07:17:31,697 - SinkIdentifier - INFO - [libcgic.so] Loaded successfully with 1 items.
2025-06-23 07:17:31,697 - SinkIdentifier - INFO - [libshare.so] Loaded successfully with 35 items.
2025-06-23 07:17:31,697 - SinkIdentifier - INFO - [libftp.so] Loaded successfully with 5 items.
2025-06-23 07:17:31,697 - SinkIdentifier - INFO - [libmail.so] Loaded successfully with 0 items.
2025-06-23 07:17:31,697 - SinkIdentifier - INFO - [libapkg2.so] Loaded successfully with 0 items.
2025-06-23 07:17:31,698 - SinkIdentifier - INFO - [libaccount.so] Loaded successfully with 0 items.
2025-06-23 07:17:31,698 - SinkIdentifier - INFO - [libsmbif.so] Loaded successfully with 39 items.
2025-06-23 07:17:31,698 - SinkIdentifier - INFO - [libquota.so] Loaded successfully with 15 items.
2025-06-23 07:17:31,698 - SinkIdentifier - INFO - [libmycloud.so] Loaded successfully with 0 items.
2025-06-23 07:17:31,698 - SinkIdentifier - INFO - [libafpif.so] Loaded successfully with 1 items.
2025-06-23 07:17:31,698 - SinkIdentifier - INFO - [libwto.so] Loaded successfully with 1 items.
2025-06-23 07:17:31,699 - SinkIdentifier - INFO - [libsafe_system.so] Loaded successfully with 0 items.
2025-06-23 07:18:06,460 - SinkIdentifier - INFO - libxmldbc.so: 0 items loaded.
2025-06-23 07:18:06,460 - SinkIdentifier - INFO - libcgic.so: 1 items loaded.
2025-06-23 07:18:06,461 - SinkIdentifier - INFO - libshare.so: 35 items loaded.
2025-06-23 07:18:06,461 - SinkIdentifier - INFO - libftp.so: 5 items loaded.
2025-06-23 07:18:06,461 - SinkIdentifier - INFO - libmail.so: 0 items loaded.
2025-06-23 07:18:06,461 - SinkIdentifier - INFO - libapkg2.so: 0 items loaded.
2025-06-23 07:18:06,461 - SinkIdentifier - INFO - libaccount.so: 0 items loaded.
2025-06-23 07:18:06,461 - SinkIdentifier - INFO - libsmbif.so: 39 items loaded.
2025-06-23 07:18:06,461 - SinkIdentifier - INFO - libquota.so: 15 items loaded.
2025-06-23 07:18:06,461 - SinkIdentifier - INFO - libmycloud.so: 0 items loaded.
2025-06-23 07:18:06,462 - SinkIdentifier - INFO - libafpif.so: 1 items loaded.
2025-06-23 07:18:06,462 - SinkIdentifier - INFO - libwto.so: 1 items loaded.
2025-06-23 07:18:06,462 - SinkIdentifier - INFO - libsafe_system.so: 0 items loaded.
2025-06-23 07:23:22,758 - SinkIdentifier - INFO - [libxmldbc.so] Loaded successfully with 0 items.
2025-06-23 07:23:22,759 - SinkIdentifier - INFO - [libshare.so] Loaded successfully with 35 items.
2025-06-23 07:23:22,759 - SinkIdentifier - INFO - [libcgic.so] Loaded successfully with 1 items.
2025-06-23 07:23:22,759 - SinkIdentifier - INFO - [libftp.so] Loaded successfully with 5 items.
2025-06-23 07:23:22,759 - SinkIdentifier - INFO - [libmail.so] Loaded successfully with 0 items.
2025-06-23 07:23:22,760 - SinkIdentifier - INFO - [libapkg2.so] Loaded successfully with 0 items.
2025-06-23 07:23:22,760 - SinkIdentifier - INFO - [libaccount.so] Loaded successfully with 0 items.
2025-06-23 07:23:22,760 - SinkIdentifier - INFO - [libsmbif.so] Loaded successfully with 39 items.
2025-06-23 07:23:22,760 - SinkIdentifier - INFO - [libquota.so] Loaded successfully with 15 items.
2025-06-23 07:23:22,760 - SinkIdentifier - INFO - [libmycloud.so] Loaded successfully with 0 items.
2025-06-23 07:23:22,761 - SinkIdentifier - INFO - [libafpif.so] Loaded successfully with 1 items.
2025-06-23 07:23:22,761 - SinkIdentifier - INFO - [libwto.so] Loaded successfully with 1 items.
2025-06-23 07:23:22,761 - SinkIdentifier - INFO - [libsafe_system.so] Loaded successfully with 0 items.
2025-06-23 07:24:03,801 - SinkIdentifier - INFO - libxmldbc.so: 0 items loaded.
2025-06-23 07:24:03,801 - SinkIdentifier - INFO - libshare.so: 35 items loaded.
2025-06-23 07:24:03,801 - SinkIdentifier - INFO - libcgic.so: 1 items loaded.
2025-06-23 07:24:03,801 - SinkIdentifier - INFO - libftp.so: 5 items loaded.
2025-06-23 07:24:03,801 - SinkIdentifier - INFO - libmail.so: 0 items loaded.
2025-06-23 07:24:03,801 - SinkIdentifier - INFO - libapkg2.so: 0 items loaded.
2025-06-23 07:24:03,801 - SinkIdentifier - INFO - libaccount.so: 0 items loaded.
2025-06-23 07:24:03,801 - SinkIdentifier - INFO - libsmbif.so: 39 items loaded.
2025-06-23 07:24:03,802 - SinkIdentifier - INFO - libquota.so: 15 items loaded.
2025-06-23 07:24:03,802 - SinkIdentifier - INFO - libmycloud.so: 0 items loaded.
2025-06-23 07:24:03,802 - SinkIdentifier - INFO - libafpif.so: 1 items loaded.
2025-06-23 07:24:03,802 - SinkIdentifier - INFO - libwto.so: 1 items loaded.
2025-06-23 07:24:03,802 - SinkIdentifier - INFO - libsafe_system.so: 0 items loaded.
2025-06-23 07:29:38,465 - SinkIdentifier - INFO - [libxmldbc.so] Loaded successfully with 0 items.
2025-06-23 07:29:38,465 - SinkIdentifier - INFO - [libftp.so] Loaded successfully with 5 items.
2025-06-23 07:29:38,465 - SinkIdentifier - INFO - [libcgic.so] Loaded successfully with 1 items.
2025-06-23 07:29:38,465 - SinkIdentifier - INFO - [libshare.so] Loaded successfully with 35 items.
2025-06-23 07:29:38,466 - SinkIdentifier - INFO - [libmail.so] Loaded successfully with 0 items.
2025-06-23 07:29:38,466 - SinkIdentifier - INFO - [libapkg2.so] Loaded successfully with 0 items.
2025-06-23 07:29:38,466 - SinkIdentifier - INFO - [libaccount.so] Loaded successfully with 0 items.
2025-06-23 07:29:38,466 - SinkIdentifier - INFO - [libsmbif.so] Loaded successfully with 39 items.
2025-06-23 07:29:38,466 - SinkIdentifier - INFO - [libquota.so] Loaded successfully with 15 items.
2025-06-23 07:29:38,466 - SinkIdentifier - INFO - [libmycloud.so] Loaded successfully with 0 items.
2025-06-23 07:29:38,467 - SinkIdentifier - INFO - [libafpif.so] Loaded successfully with 1 items.
2025-06-23 07:29:38,467 - SinkIdentifier - INFO - [libwto.so] Loaded successfully with 1 items.
2025-06-23 07:29:38,467 - SinkIdentifier - INFO - [libsafe_system.so] Loaded successfully with 0 items.
2025-06-23 07:30:17,488 - SinkIdentifier - INFO - libxmldbc.so: 0 items loaded.
2025-06-23 07:30:17,488 - SinkIdentifier - INFO - libftp.so: 5 items loaded.
2025-06-23 07:30:17,489 - SinkIdentifier - INFO - libcgic.so: 1 items loaded.
2025-06-23 07:30:17,489 - SinkIdentifier - INFO - libshare.so: 35 items loaded.
2025-06-23 07:30:17,489 - SinkIdentifier - INFO - libmail.so: 0 items loaded.
2025-06-23 07:30:17,489 - SinkIdentifier - INFO - libapkg2.so: 0 items loaded.
2025-06-23 07:30:17,489 - SinkIdentifier - INFO - libaccount.so: 0 items loaded.
2025-06-23 07:30:17,489 - SinkIdentifier - INFO - libsmbif.so: 39 items loaded.
2025-06-23 07:30:17,489 - SinkIdentifier - INFO - libquota.so: 15 items loaded.
2025-06-23 07:30:17,489 - SinkIdentifier - INFO - libmycloud.so: 0 items loaded.
2025-06-23 07:30:17,489 - SinkIdentifier - INFO - libafpif.so: 1 items loaded.
2025-06-23 07:30:17,489 - SinkIdentifier - INFO - libwto.so: 1 items loaded.
2025-06-23 07:30:17,489 - SinkIdentifier - INFO - libsafe_system.so: 0 items loaded.
2025-06-23 07:32:56,513 - SinkIdentifier - INFO - [libxmldbc.so] Loaded successfully with 0 items.
2025-06-23 07:32:56,513 - SinkIdentifier - INFO - [libftp.so] Loaded successfully with 5 items.
2025-06-23 07:32:56,514 - SinkIdentifier - INFO - [libshare.so] Loaded successfully with 35 items.
2025-06-23 07:32:56,514 - SinkIdentifier - INFO - [libcgic.so] Loaded successfully with 1 items.
2025-06-23 07:32:56,514 - SinkIdentifier - INFO - [libmail.so] Loaded successfully with 0 items.
2025-06-23 07:32:56,514 - SinkIdentifier - INFO - [libapkg2.so] Loaded successfully with 0 items.
2025-06-23 07:32:56,514 - SinkIdentifier - INFO - [libaccount.so] Loaded successfully with 0 items.
2025-06-23 07:32:56,514 - SinkIdentifier - INFO - [libsmbif.so] Loaded successfully with 39 items.
2025-06-23 07:32:56,515 - SinkIdentifier - INFO - [libquota.so] Loaded successfully with 15 items.
2025-06-23 07:32:56,515 - SinkIdentifier - INFO - [libmycloud.so] Loaded successfully with 0 items.
2025-06-23 07:32:56,515 - SinkIdentifier - INFO - [libafpif.so] Loaded successfully with 1 items.
2025-06-23 07:32:56,515 - SinkIdentifier - INFO - [libwto.so] Loaded successfully with 1 items.
2025-06-23 07:32:56,515 - SinkIdentifier - INFO - [libsafe_system.so] Loaded successfully with 0 items.
2025-06-23 07:33:36,490 - SinkIdentifier - INFO - libxmldbc.so: 0 items loaded.
2025-06-23 07:33:36,491 - SinkIdentifier - INFO - libftp.so: 5 items loaded.
2025-06-23 07:33:36,491 - SinkIdentifier - INFO - libshare.so: 35 items loaded.
2025-06-23 07:33:36,491 - SinkIdentifier - INFO - libcgic.so: 1 items loaded.
2025-06-23 07:33:36,491 - SinkIdentifier - INFO - libmail.so: 0 items loaded.
2025-06-23 07:33:36,491 - SinkIdentifier - INFO - libapkg2.so: 0 items loaded.
2025-06-23 07:33:36,491 - SinkIdentifier - INFO - libaccount.so: 0 items loaded.
2025-06-23 07:33:36,491 - SinkIdentifier - INFO - libsmbif.so: 39 items loaded.
2025-06-23 07:33:36,492 - SinkIdentifier - INFO - libquota.so: 15 items loaded.
2025-06-23 07:33:36,492 - SinkIdentifier - INFO - libmycloud.so: 0 items loaded.
2025-06-23 07:33:36,492 - SinkIdentifier - INFO - libafpif.so: 1 items loaded.
2025-06-23 07:33:36,492 - SinkIdentifier - INFO - libwto.so: 1 items loaded.
2025-06-23 07:33:36,492 - SinkIdentifier - INFO - libsafe_system.so: 0 items loaded.
2025-06-23 07:43:25,713 - SinkIdentifier - INFO - [libxmldbc.so] Loaded successfully with 0 items.
2025-06-23 07:43:25,713 - SinkIdentifier - INFO - [libcgic.so] Loaded successfully with 1 items.
2025-06-23 07:43:25,713 - SinkIdentifier - INFO - [libftp.so] Loaded successfully with 5 items.
2025-06-23 07:43:25,714 - SinkIdentifier - INFO - [libshare.so] Loaded successfully with 35 items.
2025-06-23 07:43:25,714 - SinkIdentifier - INFO - [libmail.so] Loaded successfully with 0 items.
2025-06-23 07:43:25,714 - SinkIdentifier - INFO - [libaccount.so] Loaded successfully with 0 items.
2025-06-23 07:43:25,714 - SinkIdentifier - INFO - [libapkg2.so] Loaded successfully with 0 items.
2025-06-23 07:43:25,715 - SinkIdentifier - INFO - [libsmbif.so] Loaded successfully with 39 items.
2025-06-23 07:43:25,715 - SinkIdentifier - INFO - [libquota.so] Loaded successfully with 15 items.
2025-06-23 07:43:25,715 - SinkIdentifier - INFO - [libafpif.so] Loaded successfully with 1 items.
2025-06-23 07:43:25,715 - SinkIdentifier - INFO - [libmycloud.so] Loaded successfully with 0 items.
2025-06-23 07:43:25,715 - SinkIdentifier - INFO - [libwto.so] Loaded successfully with 1 items.
2025-06-23 07:43:25,715 - SinkIdentifier - INFO - [libsafe_system.so] Loaded successfully with 0 items.
2025-06-23 07:44:07,022 - SinkIdentifier - INFO - libxmldbc.so: 0 items loaded.
2025-06-23 07:44:07,023 - SinkIdentifier - INFO - libcgic.so: 1 items loaded.
2025-06-23 07:44:07,023 - SinkIdentifier - INFO - libftp.so: 5 items loaded.
2025-06-23 07:44:07,023 - SinkIdentifier - INFO - libshare.so: 35 items loaded.
2025-06-23 07:44:07,023 - SinkIdentifier - INFO - libmail.so: 0 items loaded.
2025-06-23 07:44:07,023 - SinkIdentifier - INFO - libaccount.so: 0 items loaded.
2025-06-23 07:44:07,023 - SinkIdentifier - INFO - libapkg2.so: 0 items loaded.
2025-06-23 07:44:07,023 - SinkIdentifier - INFO - libsmbif.so: 39 items loaded.
2025-06-23 07:44:07,023 - SinkIdentifier - INFO - libquota.so: 15 items loaded.
2025-06-23 07:44:07,023 - SinkIdentifier - INFO - libafpif.so: 1 items loaded.
2025-06-23 07:44:07,024 - SinkIdentifier - INFO - libmycloud.so: 0 items loaded.
2025-06-23 07:44:07,024 - SinkIdentifier - INFO - libwto.so: 1 items loaded.
2025-06-23 07:44:07,024 - SinkIdentifier - INFO - libsafe_system.so: 0 items loaded.
2025-06-23 07:51:25,971 - SinkIdentifier - INFO - [libxmldbc.so] Loaded successfully with 0 items.
2025-06-23 07:51:25,971 - SinkIdentifier - INFO - [libshare.so] Loaded successfully with 35 items.
2025-06-23 07:51:25,971 - SinkIdentifier - INFO - [libcgic.so] Loaded successfully with 1 items.
2025-06-23 07:51:25,971 - SinkIdentifier - INFO - [libftp.so] Loaded successfully with 5 items.
2025-06-23 07:51:25,971 - SinkIdentifier - INFO - [libmail.so] Loaded successfully with 0 items.
2025-06-23 07:51:25,972 - SinkIdentifier - INFO - [libapkg2.so] Loaded successfully with 0 items.
2025-06-23 07:51:25,972 - SinkIdentifier - INFO - [libaccount.so] Loaded successfully with 0 items.
2025-06-23 07:51:25,972 - SinkIdentifier - INFO - [libsmbif.so] Loaded successfully with 39 items.
2025-06-23 07:51:25,972 - SinkIdentifier - INFO - [libquota.so] Loaded successfully with 15 items.
2025-06-23 07:51:25,972 - SinkIdentifier - INFO - [libafpif.so] Loaded successfully with 1 items.
2025-06-23 07:51:25,972 - SinkIdentifier - INFO - [libmycloud.so] Loaded successfully with 0 items.
2025-06-23 07:51:25,973 - SinkIdentifier - INFO - [libwto.so] Loaded successfully with 1 items.
2025-06-23 07:51:25,973 - SinkIdentifier - INFO - [libsafe_system.so] Loaded successfully with 0 items.
2025-06-23 07:52:00,984 - SinkIdentifier - INFO - libxmldbc.so: 0 items loaded.
2025-06-23 07:52:00,984 - SinkIdentifier - INFO - libshare.so: 35 items loaded.
2025-06-23 07:52:00,985 - SinkIdentifier - INFO - libcgic.so: 1 items loaded.
2025-06-23 07:52:00,985 - SinkIdentifier - INFO - libftp.so: 5 items loaded.
2025-06-23 07:52:00,985 - SinkIdentifier - INFO - libmail.so: 0 items loaded.
2025-06-23 07:52:00,985 - SinkIdentifier - INFO - libapkg2.so: 0 items loaded.
2025-06-23 07:52:00,985 - SinkIdentifier - INFO - libaccount.so: 0 items loaded.
2025-06-23 07:52:00,985 - SinkIdentifier - INFO - libsmbif.so: 39 items loaded.
2025-06-23 07:52:00,985 - SinkIdentifier - INFO - libquota.so: 15 items loaded.
2025-06-23 07:52:00,986 - SinkIdentifier - INFO - libafpif.so: 1 items loaded.
2025-06-23 07:52:00,986 - SinkIdentifier - INFO - libmycloud.so: 0 items loaded.
2025-06-23 07:52:00,986 - SinkIdentifier - INFO - libwto.so: 1 items loaded.
2025-06-23 07:52:00,986 - SinkIdentifier - INFO - libsafe_system.so: 0 items loaded.
2025-06-23 07:55:44,672 - SinkIdentifier - INFO - [libxmldbc.so] Loaded successfully with 0 items.
2025-06-23 07:55:44,672 - SinkIdentifier - INFO - [libftp.so] Loaded successfully with 5 items.
2025-06-23 07:55:44,673 - SinkIdentifier - INFO - [libshare.so] Loaded successfully with 35 items.
2025-06-23 07:55:44,673 - SinkIdentifier - INFO - [libcgic.so] Loaded successfully with 1 items.
2025-06-23 07:55:44,673 - SinkIdentifier - INFO - [libmail.so] Loaded successfully with 0 items.
2025-06-23 07:55:44,673 - SinkIdentifier - INFO - [libapkg2.so] Loaded successfully with 0 items.
2025-06-23 07:55:44,673 - SinkIdentifier - INFO - [libaccount.so] Loaded successfully with 0 items.
2025-06-23 07:55:44,673 - SinkIdentifier - INFO - [libsmbif.so] Loaded successfully with 39 items.
2025-06-23 07:55:44,674 - SinkIdentifier - INFO - [libquota.so] Loaded successfully with 15 items.
2025-06-23 07:55:44,674 - SinkIdentifier - INFO - [libafpif.so] Loaded successfully with 1 items.
2025-06-23 07:55:44,674 - SinkIdentifier - INFO - [libmycloud.so] Loaded successfully with 0 items.
2025-06-23 07:55:44,674 - SinkIdentifier - INFO - [libwto.so] Loaded successfully with 1 items.
2025-06-23 07:55:44,674 - SinkIdentifier - INFO - [libsafe_system.so] Loaded successfully with 0 items.
2025-06-23 07:56:24,476 - SinkIdentifier - INFO - libxmldbc.so: 0 items loaded.
2025-06-23 07:56:24,477 - SinkIdentifier - INFO - libftp.so: 5 items loaded.
2025-06-23 07:56:24,477 - SinkIdentifier - INFO - libshare.so: 35 items loaded.
2025-06-23 07:56:24,477 - SinkIdentifier - INFO - libcgic.so: 1 items loaded.
2025-06-23 07:56:24,477 - SinkIdentifier - INFO - libmail.so: 0 items loaded.
2025-06-23 07:56:24,477 - SinkIdentifier - INFO - libapkg2.so: 0 items loaded.
2025-06-23 07:56:24,477 - SinkIdentifier - INFO - libaccount.so: 0 items loaded.
2025-06-23 07:56:24,477 - SinkIdentifier - INFO - libsmbif.so: 39 items loaded.
2025-06-23 07:56:24,477 - SinkIdentifier - INFO - libquota.so: 15 items loaded.
2025-06-23 07:56:24,478 - SinkIdentifier - INFO - libafpif.so: 1 items loaded.
2025-06-23 07:56:24,478 - SinkIdentifier - INFO - libmycloud.so: 0 items loaded.
2025-06-23 07:56:24,478 - SinkIdentifier - INFO - libwto.so: 1 items loaded.
2025-06-23 07:56:24,478 - SinkIdentifier - INFO - libsafe_system.so: 0 items loaded.
2025-06-23 08:00:40,004 - SinkIdentifier - INFO - [libxmldbc.so] Loaded successfully with 0 items.
2025-06-23 08:00:40,004 - SinkIdentifier - INFO - [libcgic.so] Loaded successfully with 1 items.
2025-06-23 08:00:40,004 - SinkIdentifier - INFO - [libshare.so] Loaded successfully with 35 items.
2025-06-23 08:00:40,005 - SinkIdentifier - INFO - [libftp.so] Loaded successfully with 5 items.
2025-06-23 08:00:40,005 - SinkIdentifier - INFO - [libmail.so] Loaded successfully with 0 items.
2025-06-23 08:00:40,005 - SinkIdentifier - INFO - [libapkg2.so] Loaded successfully with 0 items.
2025-06-23 08:00:40,005 - SinkIdentifier - INFO - [libaccount.so] Loaded successfully with 0 items.
2025-06-23 08:00:40,005 - SinkIdentifier - INFO - [libsmbif.so] Loaded successfully with 39 items.
2025-06-23 08:00:40,005 - SinkIdentifier - INFO - [libquota.so] Loaded successfully with 15 items.
2025-06-23 08:00:40,005 - SinkIdentifier - INFO - [libmycloud.so] Loaded successfully with 0 items.
2025-06-23 08:00:40,005 - SinkIdentifier - INFO - [libafpif.so] Loaded successfully with 1 items.
2025-06-23 08:00:40,005 - SinkIdentifier - INFO - [libwto.so] Loaded successfully with 1 items.
2025-06-23 08:00:40,006 - SinkIdentifier - INFO - [libsafe_system.so] Loaded successfully with 0 items.
2025-06-23 08:01:15,247 - SinkIdentifier - INFO - libxmldbc.so: 0 items loaded.
2025-06-23 08:01:15,247 - SinkIdentifier - INFO - libcgic.so: 1 items loaded.
2025-06-23 08:01:15,248 - SinkIdentifier - INFO - libshare.so: 35 items loaded.
2025-06-23 08:01:15,248 - SinkIdentifier - INFO - libftp.so: 5 items loaded.
2025-06-23 08:01:15,248 - SinkIdentifier - INFO - libmail.so: 0 items loaded.
2025-06-23 08:01:15,248 - SinkIdentifier - INFO - libapkg2.so: 0 items loaded.
2025-06-23 08:01:15,248 - SinkIdentifier - INFO - libaccount.so: 0 items loaded.
2025-06-23 08:01:15,248 - SinkIdentifier - INFO - libsmbif.so: 39 items loaded.
2025-06-23 08:01:15,248 - SinkIdentifier - INFO - libquota.so: 15 items loaded.
2025-06-23 08:01:15,248 - SinkIdentifier - INFO - libmycloud.so: 0 items loaded.
2025-06-23 08:01:15,248 - SinkIdentifier - INFO - libafpif.so: 1 items loaded.
2025-06-23 08:01:15,248 - SinkIdentifier - INFO - libwto.so: 1 items loaded.
2025-06-23 08:01:15,249 - SinkIdentifier - INFO - libsafe_system.so: 0 items loaded.
2025-06-23 08:09:22,248 - SinkIdentifier - INFO - [libxmldbc.so] Loaded successfully with 0 items.
2025-06-23 08:09:22,248 - SinkIdentifier - INFO - [libcgic.so] Loaded successfully with 1 items.
2025-06-23 08:09:22,248 - SinkIdentifier - INFO - [libftp.so] Loaded successfully with 5 items.
2025-06-23 08:09:22,248 - SinkIdentifier - INFO - [libshare.so] Loaded successfully with 35 items.
2025-06-23 08:09:22,248 - SinkIdentifier - INFO - [libmail.so] Loaded successfully with 0 items.
2025-06-23 08:09:22,248 - SinkIdentifier - INFO - [libapkg2.so] Loaded successfully with 0 items.
2025-06-23 08:09:22,249 - SinkIdentifier - INFO - [libaccount.so] Loaded successfully with 0 items.
2025-06-23 08:09:22,249 - SinkIdentifier - INFO - [libsmbif.so] Loaded successfully with 39 items.
2025-06-23 08:09:22,249 - SinkIdentifier - INFO - [libquota.so] Loaded successfully with 15 items.
2025-06-23 08:09:22,249 - SinkIdentifier - INFO - [libmycloud.so] Loaded successfully with 0 items.
2025-06-23 08:09:22,249 - SinkIdentifier - INFO - [libafpif.so] Loaded successfully with 1 items.
2025-06-23 08:09:22,249 - SinkIdentifier - INFO - [libwto.so] Loaded successfully with 1 items.
2025-06-23 08:09:22,249 - SinkIdentifier - INFO - [libsafe_system.so] Loaded successfully with 0 items.
2025-06-23 08:10:03,493 - SinkIdentifier - INFO - libxmldbc.so: 0 items loaded.
2025-06-23 08:10:03,493 - SinkIdentifier - INFO - libcgic.so: 1 items loaded.
2025-06-23 08:10:03,493 - SinkIdentifier - INFO - libftp.so: 5 items loaded.
2025-06-23 08:10:03,493 - SinkIdentifier - INFO - libshare.so: 35 items loaded.
2025-06-23 08:10:03,493 - SinkIdentifier - INFO - libmail.so: 0 items loaded.
2025-06-23 08:10:03,493 - SinkIdentifier - INFO - libapkg2.so: 0 items loaded.
2025-06-23 08:10:03,493 - SinkIdentifier - INFO - libaccount.so: 0 items loaded.
2025-06-23 08:10:03,494 - SinkIdentifier - INFO - libsmbif.so: 39 items loaded.
2025-06-23 08:10:03,494 - SinkIdentifier - INFO - libquota.so: 15 items loaded.
2025-06-23 08:10:03,494 - SinkIdentifier - INFO - libmycloud.so: 0 items loaded.
2025-06-23 08:10:03,494 - SinkIdentifier - INFO - libafpif.so: 1 items loaded.
2025-06-23 08:10:03,494 - SinkIdentifier - INFO - libwto.so: 1 items loaded.
2025-06-23 08:10:03,494 - SinkIdentifier - INFO - libsafe_system.so: 0 items loaded.
2025-06-23 08:52:06,223 - SinkIdentifier - INFO - [libxmldbc.so] Loaded successfully with 0 items.
2025-06-23 08:52:06,223 - SinkIdentifier - INFO - [libftp.so] Loaded successfully with 5 items.
2025-06-23 08:52:06,223 - SinkIdentifier - INFO - [libshare.so] Loaded successfully with 35 items.
2025-06-23 08:52:06,224 - SinkIdentifier - INFO - [libcgic.so] Loaded successfully with 1 items.
2025-06-23 08:52:06,224 - SinkIdentifier - INFO - [libmail.so] Loaded successfully with 0 items.
2025-06-23 08:52:06,224 - SinkIdentifier - INFO - [libapkg2.so] Loaded successfully with 0 items.
2025-06-23 08:52:06,224 - SinkIdentifier - INFO - [libaccount.so] Loaded successfully with 0 items.
2025-06-23 08:52:06,224 - SinkIdentifier - INFO - [libsmbif.so] Loaded successfully with 39 items.
2025-06-23 08:52:06,224 - SinkIdentifier - INFO - [libquota.so] Loaded successfully with 15 items.
2025-06-23 08:52:06,224 - SinkIdentifier - INFO - [libafpif.so] Loaded successfully with 1 items.
2025-06-23 08:52:06,224 - SinkIdentifier - INFO - [libmycloud.so] Loaded successfully with 0 items.
2025-06-23 08:52:06,225 - SinkIdentifier - INFO - [libwto.so] Loaded successfully with 1 items.
2025-06-23 08:52:06,225 - SinkIdentifier - INFO - [libsafe_system.so] Loaded successfully with 0 items.
2025-06-23 08:52:46,932 - SinkIdentifier - INFO - libxmldbc.so: 0 items loaded.
2025-06-23 08:52:46,932 - SinkIdentifier - INFO - libftp.so: 5 items loaded.
2025-06-23 08:52:46,932 - SinkIdentifier - INFO - libshare.so: 35 items loaded.
2025-06-23 08:52:46,933 - SinkIdentifier - INFO - libcgic.so: 1 items loaded.
2025-06-23 08:52:46,933 - SinkIdentifier - INFO - libmail.so: 0 items loaded.
2025-06-23 08:52:46,933 - SinkIdentifier - INFO - libapkg2.so: 0 items loaded.
2025-06-23 08:52:46,933 - SinkIdentifier - INFO - libaccount.so: 0 items loaded.
2025-06-23 08:52:46,933 - SinkIdentifier - INFO - libsmbif.so: 39 items loaded.
2025-06-23 08:52:46,933 - SinkIdentifier - INFO - libquota.so: 15 items loaded.
2025-06-23 08:52:46,933 - SinkIdentifier - INFO - libafpif.so: 1 items loaded.
2025-06-23 08:52:46,933 - SinkIdentifier - INFO - libmycloud.so: 0 items loaded.
2025-06-23 08:52:46,933 - SinkIdentifier - INFO - libwto.so: 1 items loaded.
2025-06-23 08:52:46,934 - SinkIdentifier - INFO - libsafe_system.so: 0 items loaded.
2025-06-23 19:56:55,522 - SinkIdentifier - INFO - [libxmldbc.so] Loaded successfully with 0 items.
2025-06-23 19:56:55,523 - SinkIdentifier - INFO - [libcgic.so] Loaded successfully with 1 items.
2025-06-23 19:56:55,523 - SinkIdentifier - INFO - [libftp.so] Loaded successfully with 5 items.
2025-06-23 19:56:55,523 - SinkIdentifier - INFO - [libshare.so] Loaded successfully with 35 items.
2025-06-23 19:56:55,523 - SinkIdentifier - INFO - [libmail.so] Loaded successfully with 0 items.
2025-06-23 19:56:55,523 - SinkIdentifier - INFO - [libapkg2.so] Loaded successfully with 0 items.
2025-06-23 19:56:55,523 - SinkIdentifier - INFO - [libaccount.so] Loaded successfully with 0 items.
2025-06-23 19:56:55,524 - SinkIdentifier - INFO - [libsmbif.so] Loaded successfully with 39 items.
2025-06-23 19:56:55,524 - SinkIdentifier - INFO - [libquota.so] Loaded successfully with 15 items.
2025-06-23 19:56:55,524 - SinkIdentifier - INFO - [libafpif.so] Loaded successfully with 1 items.
2025-06-23 19:56:55,524 - SinkIdentifier - INFO - [libmycloud.so] Loaded successfully with 0 items.
2025-06-23 19:56:55,525 - SinkIdentifier - INFO - [libwto.so] Loaded successfully with 1 items.
2025-06-23 19:56:55,525 - SinkIdentifier - INFO - [libsafe_system.so] Loaded successfully with 0 items.
2025-06-23 19:57:56,256 - SinkIdentifier - INFO - libxmldbc.so: 0 items loaded.
2025-06-23 19:57:56,256 - SinkIdentifier - INFO - libcgic.so: 1 items loaded.
2025-06-23 19:57:56,256 - SinkIdentifier - INFO - libftp.so: 5 items loaded.
2025-06-23 19:57:56,256 - SinkIdentifier - INFO - libshare.so: 35 items loaded.
2025-06-23 19:57:56,256 - SinkIdentifier - INFO - libmail.so: 0 items loaded.
2025-06-23 19:57:56,257 - SinkIdentifier - INFO - libapkg2.so: 0 items loaded.
2025-06-23 19:57:56,257 - SinkIdentifier - INFO - libaccount.so: 0 items loaded.
2025-06-23 19:57:56,257 - SinkIdentifier - INFO - libsmbif.so: 39 items loaded.
2025-06-23 19:57:56,257 - SinkIdentifier - INFO - libquota.so: 15 items loaded.
2025-06-23 19:57:56,257 - SinkIdentifier - INFO - libafpif.so: 1 items loaded.
2025-06-23 19:57:56,257 - SinkIdentifier - INFO - libmycloud.so: 0 items loaded.
2025-06-23 19:57:56,257 - SinkIdentifier - INFO - libwto.so: 1 items loaded.
2025-06-23 19:57:56,257 - SinkIdentifier - INFO - libsafe_system.so: 0 items loaded.
2025-06-23 20:05:55,977 - SinkIdentifier - INFO - [libftp.so] Loaded successfully with 5 items.
2025-06-23 20:05:55,977 - SinkIdentifier - INFO - [libxmldbc.so] Loaded successfully with 0 items.
2025-06-23 20:05:55,977 - SinkIdentifier - INFO - [libshare.so] Loaded successfully with 35 items.
2025-06-23 20:05:55,978 - SinkIdentifier - INFO - [libcgic.so] Loaded successfully with 1 items.
2025-06-23 20:05:55,978 - SinkIdentifier - INFO - [libmail.so] Loaded successfully with 0 items.
2025-06-23 20:05:55,978 - SinkIdentifier - INFO - [libapkg2.so] Loaded successfully with 0 items.
2025-06-23 20:05:55,978 - SinkIdentifier - INFO - [libaccount.so] Loaded successfully with 0 items.
2025-06-23 20:05:55,978 - SinkIdentifier - INFO - [libsmbif.so] Loaded successfully with 39 items.
2025-06-23 20:05:55,978 - SinkIdentifier - INFO - [libquota.so] Loaded successfully with 15 items.
2025-06-23 20:05:55,978 - SinkIdentifier - INFO - [libmycloud.so] Loaded successfully with 0 items.
2025-06-23 20:05:55,979 - SinkIdentifier - INFO - [libafpif.so] Loaded successfully with 1 items.
2025-06-23 20:05:55,979 - SinkIdentifier - INFO - [libwto.so] Loaded successfully with 1 items.
2025-06-23 20:05:55,979 - SinkIdentifier - INFO - [libsafe_system.so] Loaded successfully with 0 items.
2025-06-23 20:06:54,357 - SinkIdentifier - INFO - libftp.so: 5 items loaded.
2025-06-23 20:06:54,357 - SinkIdentifier - INFO - libxmldbc.so: 0 items loaded.
2025-06-23 20:06:54,357 - SinkIdentifier - INFO - libshare.so: 35 items loaded.
2025-06-23 20:06:54,357 - SinkIdentifier - INFO - libcgic.so: 1 items loaded.
2025-06-23 20:06:54,357 - SinkIdentifier - INFO - libmail.so: 0 items loaded.
2025-06-23 20:06:54,358 - SinkIdentifier - INFO - libapkg2.so: 0 items loaded.
2025-06-23 20:06:54,358 - SinkIdentifier - INFO - libaccount.so: 0 items loaded.
2025-06-23 20:06:54,358 - SinkIdentifier - INFO - libsmbif.so: 39 items loaded.
2025-06-23 20:06:54,358 - SinkIdentifier - INFO - libquota.so: 15 items loaded.
2025-06-23 20:06:54,358 - SinkIdentifier - INFO - libmycloud.so: 0 items loaded.
2025-06-23 20:06:54,358 - SinkIdentifier - INFO - libafpif.so: 1 items loaded.
2025-06-23 20:06:54,358 - SinkIdentifier - INFO - libwto.so: 1 items loaded.
2025-06-23 20:06:54,358 - SinkIdentifier - INFO - libsafe_system.so: 0 items loaded.
2025-06-23 20:12:17,322 - SinkIdentifier - INFO - [libcgic.so] Loaded successfully with 1 items.
2025-06-23 20:12:17,322 - SinkIdentifier - INFO - [libshare.so] Loaded successfully with 35 items.
2025-06-23 20:12:17,322 - SinkIdentifier - INFO - [libxmldbc.so] Loaded successfully with 0 items.
2025-06-23 20:12:17,323 - SinkIdentifier - INFO - [libftp.so] Loaded successfully with 5 items.
2025-06-23 20:12:17,323 - SinkIdentifier - INFO - [libmail.so] Loaded successfully with 0 items.
2025-06-23 20:12:17,323 - SinkIdentifier - INFO - [libapkg2.so] Loaded successfully with 0 items.
2025-06-23 20:12:17,323 - SinkIdentifier - INFO - [libaccount.so] Loaded successfully with 0 items.
2025-06-23 20:12:17,323 - SinkIdentifier - INFO - [libsmbif.so] Loaded successfully with 39 items.
2025-06-23 20:12:17,324 - SinkIdentifier - INFO - [libquota.so] Loaded successfully with 15 items.
2025-06-23 20:12:17,324 - SinkIdentifier - INFO - [libmycloud.so] Loaded successfully with 0 items.
2025-06-23 20:12:17,324 - SinkIdentifier - INFO - [libafpif.so] Loaded successfully with 1 items.
2025-06-23 20:12:17,324 - SinkIdentifier - INFO - [libwto.so] Loaded successfully with 1 items.
2025-06-23 20:12:17,325 - SinkIdentifier - INFO - [libsafe_system.so] Loaded successfully with 0 items.
2025-06-23 20:13:15,975 - SinkIdentifier - INFO - libcgic.so: 1 items loaded.
2025-06-23 20:13:15,976 - SinkIdentifier - INFO - libshare.so: 35 items loaded.
2025-06-23 20:13:15,976 - SinkIdentifier - INFO - libxmldbc.so: 0 items loaded.
2025-06-23 20:13:15,976 - SinkIdentifier - INFO - libftp.so: 5 items loaded.
2025-06-23 20:13:15,976 - SinkIdentifier - INFO - libmail.so: 0 items loaded.
2025-06-23 20:13:15,976 - SinkIdentifier - INFO - libapkg2.so: 0 items loaded.
2025-06-23 20:13:15,976 - SinkIdentifier - INFO - libaccount.so: 0 items loaded.
2025-06-23 20:13:15,976 - SinkIdentifier - INFO - libsmbif.so: 39 items loaded.
2025-06-23 20:13:15,977 - SinkIdentifier - INFO - libquota.so: 15 items loaded.
2025-06-23 20:13:15,977 - SinkIdentifier - INFO - libmycloud.so: 0 items loaded.
2025-06-23 20:13:15,977 - SinkIdentifier - INFO - libafpif.so: 1 items loaded.
2025-06-23 20:13:15,977 - SinkIdentifier - INFO - libwto.so: 1 items loaded.
2025-06-23 20:13:15,977 - SinkIdentifier - INFO - libsafe_system.so: 0 items loaded.
2025-06-23 21:06:26,995 - SinkIdentifier - INFO - Skipping libcgic.so: already exists in database.
2025-06-23 21:06:26,996 - SinkIdentifier - INFO - Skipping libftp.so: already exists in database.
2025-06-23 21:06:26,996 - SinkIdentifier - INFO - Skipping libxmldbc.so: already exists in database.
2025-06-23 21:06:26,996 - SinkIdentifier - INFO - Skipping libshare.so: already exists in database.
2025-06-23 21:06:26,997 - SinkIdentifier - INFO - Skipping libmail.so: already exists in database.
2025-06-23 21:06:26,997 - SinkIdentifier - INFO - Skipping libsmbif.so: already exists in database.
2025-06-23 21:06:26,997 - SinkIdentifier - INFO - Skipping libapkg2.so: already exists in database.
2025-06-23 21:06:26,998 - SinkIdentifier - INFO - Skipping libaccount.so: already exists in database.
2025-06-23 21:06:26,998 - SinkIdentifier - INFO - Skipping libquota.so: already exists in database.
2025-06-23 21:06:26,998 - SinkIdentifier - INFO - Skipping libmycloud.so: already exists in database.
2025-06-23 21:06:26,998 - SinkIdentifier - INFO - Skipping libafpif.so: already exists in database.
2025-06-23 21:06:26,998 - SinkIdentifier - INFO - Skipping libwto.so: already exists in database.
2025-06-23 21:06:26,999 - SinkIdentifier - INFO - Skipping libsafe_system.so: already exists in database.
2025-06-23 21:06:27,001 - SinkIdentifier - INFO - [libcgic.so] Loaded successfully with 1 items.
2025-06-23 21:06:27,001 - SinkIdentifier - INFO - [libshare.so] Loaded successfully with 35 items.
2025-06-23 21:06:27,001 - SinkIdentifier - INFO - [libxmldbc.so] Loaded successfully with 0 items.
2025-06-23 21:06:27,001 - SinkIdentifier - INFO - [libftp.so] Loaded successfully with 5 items.
2025-06-23 21:06:27,001 - SinkIdentifier - INFO - [libmail.so] Loaded successfully with 0 items.
2025-06-23 21:06:27,001 - SinkIdentifier - INFO - [libapkg2.so] Loaded successfully with 0 items.
2025-06-23 21:06:27,002 - SinkIdentifier - INFO - [libaccount.so] Loaded successfully with 0 items.
2025-06-23 21:06:27,002 - SinkIdentifier - INFO - [libsmbif.so] Loaded successfully with 39 items.
2025-06-23 21:06:27,002 - SinkIdentifier - INFO - [libquota.so] Loaded successfully with 15 items.
2025-06-23 21:06:27,002 - SinkIdentifier - INFO - [libmycloud.so] Loaded successfully with 0 items.
2025-06-23 21:06:27,003 - SinkIdentifier - INFO - [libafpif.so] Loaded successfully with 1 items.
2025-06-23 21:06:27,003 - SinkIdentifier - INFO - [libwto.so] Loaded successfully with 1 items.
2025-06-23 21:06:27,003 - SinkIdentifier - INFO - [libsafe_system.so] Loaded successfully with 0 items.
2025-06-23 21:07:19,764 - SinkIdentifier - INFO - libcgic.so: 1 items loaded.
2025-06-23 21:07:19,765 - SinkIdentifier - INFO - libshare.so: 35 items loaded.
2025-06-23 21:07:19,765 - SinkIdentifier - INFO - libxmldbc.so: 0 items loaded.
2025-06-23 21:07:19,765 - SinkIdentifier - INFO - libftp.so: 5 items loaded.
2025-06-23 21:07:19,765 - SinkIdentifier - INFO - libmail.so: 0 items loaded.
2025-06-23 21:07:19,765 - SinkIdentifier - INFO - libapkg2.so: 0 items loaded.
2025-06-23 21:07:19,765 - SinkIdentifier - INFO - libaccount.so: 0 items loaded.
2025-06-23 21:07:19,766 - SinkIdentifier - INFO - libsmbif.so: 39 items loaded.
2025-06-23 21:07:19,766 - SinkIdentifier - INFO - libquota.so: 15 items loaded.
2025-06-23 21:07:19,766 - SinkIdentifier - INFO - libmycloud.so: 0 items loaded.
2025-06-23 21:07:19,766 - SinkIdentifier - INFO - libafpif.so: 1 items loaded.
2025-06-23 21:07:19,766 - SinkIdentifier - INFO - libwto.so: 1 items loaded.
2025-06-23 21:07:19,766 - SinkIdentifier - INFO - libsafe_system.so: 0 items loaded.
2025-06-23 21:11:56,538 - SinkIdentifier - INFO - [libxmldbc.so] Loaded successfully with 0 items.
2025-06-23 21:11:56,538 - SinkIdentifier - INFO - [libftp.so] Loaded successfully with 5 items.
2025-06-23 21:11:56,538 - SinkIdentifier - INFO - [libcgic.so] Loaded successfully with 1 items.
2025-06-23 21:11:56,538 - SinkIdentifier - INFO - [libshare.so] Loaded successfully with 35 items.
2025-06-23 21:11:56,538 - SinkIdentifier - INFO - [libapkg2.so] Loaded successfully with 0 items.
2025-06-23 21:11:56,538 - SinkIdentifier - INFO - [libmail.so] Loaded successfully with 0 items.
2025-06-23 21:11:56,538 - SinkIdentifier - INFO - [libaccount.so] Loaded successfully with 0 items.
2025-06-23 21:11:56,539 - SinkIdentifier - INFO - [libsmbif.so] Loaded successfully with 39 items.
2025-06-23 21:11:56,539 - SinkIdentifier - INFO - [libquota.so] Loaded successfully with 15 items.
2025-06-23 21:11:56,539 - SinkIdentifier - INFO - [libmycloud.so] Loaded successfully with 0 items.
2025-06-23 21:11:56,539 - SinkIdentifier - INFO - [libafpif.so] Loaded successfully with 1 items.
2025-06-23 21:11:56,539 - SinkIdentifier - INFO - [libwto.so] Loaded successfully with 1 items.
2025-06-23 21:11:56,539 - SinkIdentifier - INFO - [libsafe_system.so] Loaded successfully with 0 items.
2025-06-23 21:12:47,694 - SinkIdentifier - INFO - libxmldbc.so: 0 items loaded.
2025-06-23 21:12:47,695 - SinkIdentifier - INFO - libftp.so: 5 items loaded.
2025-06-23 21:12:47,695 - SinkIdentifier - INFO - libcgic.so: 1 items loaded.
2025-06-23 21:12:47,695 - SinkIdentifier - INFO - libshare.so: 35 items loaded.
2025-06-23 21:12:47,695 - SinkIdentifier - INFO - libapkg2.so: 0 items loaded.
2025-06-23 21:12:47,696 - SinkIdentifier - INFO - libmail.so: 0 items loaded.
2025-06-23 21:12:47,696 - SinkIdentifier - INFO - libaccount.so: 0 items loaded.
2025-06-23 21:12:47,697 - SinkIdentifier - INFO - libsmbif.so: 39 items loaded.
2025-06-23 21:12:47,697 - SinkIdentifier - INFO - libquota.so: 15 items loaded.
2025-06-23 21:12:47,697 - SinkIdentifier - INFO - libmycloud.so: 0 items loaded.
2025-06-23 21:12:47,697 - SinkIdentifier - INFO - libafpif.so: 1 items loaded.
2025-06-23 21:12:47,698 - SinkIdentifier - INFO - libwto.so: 1 items loaded.
2025-06-23 21:12:47,698 - SinkIdentifier - INFO - libsafe_system.so: 0 items loaded.
2025-06-23 21:34:15,052 - SinkIdentifier - INFO - [libxmldbc.so] Loaded successfully with 0 items.
2025-06-23 21:34:15,053 - SinkIdentifier - INFO - [libftp.so] Loaded successfully with 5 items.
2025-06-23 21:34:15,053 - SinkIdentifier - INFO - [libshare.so] Loaded successfully with 35 items.
2025-06-23 21:34:15,053 - SinkIdentifier - INFO - [libcgic.so] Loaded successfully with 1 items.
2025-06-23 21:34:15,053 - SinkIdentifier - INFO - [libmail.so] Loaded successfully with 0 items.
2025-06-23 21:34:15,053 - SinkIdentifier - INFO - [libapkg2.so] Loaded successfully with 0 items.
2025-06-23 21:34:15,053 - SinkIdentifier - INFO - [libaccount.so] Loaded successfully with 0 items.
2025-06-23 21:34:15,054 - SinkIdentifier - INFO - [libsmbif.so] Loaded successfully with 39 items.
2025-06-23 21:34:15,054 - SinkIdentifier - INFO - [libquota.so] Loaded successfully with 15 items.
2025-06-23 21:34:15,054 - SinkIdentifier - INFO - [libmycloud.so] Loaded successfully with 0 items.
2025-06-23 21:34:15,054 - SinkIdentifier - INFO - [libafpif.so] Loaded successfully with 1 items.
2025-06-23 21:34:15,054 - SinkIdentifier - INFO - [libwto.so] Loaded successfully with 1 items.
2025-06-23 21:34:15,054 - SinkIdentifier - INFO - [libsafe_system.so] Loaded successfully with 0 items.
2025-06-23 21:35:05,238 - SinkIdentifier - INFO - libxmldbc.so: 0 items loaded.
2025-06-23 21:35:05,238 - SinkIdentifier - INFO - libftp.so: 5 items loaded.
2025-06-23 21:35:05,238 - SinkIdentifier - INFO - libshare.so: 35 items loaded.
2025-06-23 21:35:05,238 - SinkIdentifier - INFO - libcgic.so: 1 items loaded.
2025-06-23 21:35:05,238 - SinkIdentifier - INFO - libmail.so: 0 items loaded.
2025-06-23 21:35:05,239 - SinkIdentifier - INFO - libapkg2.so: 0 items loaded.
2025-06-23 21:35:05,239 - SinkIdentifier - INFO - libaccount.so: 0 items loaded.
2025-06-23 21:35:05,239 - SinkIdentifier - INFO - libsmbif.so: 39 items loaded.
2025-06-23 21:35:05,239 - SinkIdentifier - INFO - libquota.so: 15 items loaded.
2025-06-23 21:35:05,240 - SinkIdentifier - INFO - libmycloud.so: 0 items loaded.
2025-06-23 21:35:05,240 - SinkIdentifier - INFO - libafpif.so: 1 items loaded.
2025-06-23 21:35:05,240 - SinkIdentifier - INFO - libwto.so: 1 items loaded.
2025-06-23 21:35:05,240 - SinkIdentifier - INFO - libsafe_system.so: 0 items loaded.
2025-06-23 21:57:33,424 - SinkIdentifier - INFO - [libxmldbc.so] Loaded successfully with 0 items.
2025-06-23 21:57:33,424 - SinkIdentifier - INFO - [libftp.so] Loaded successfully with 5 items.
2025-06-23 21:57:33,424 - SinkIdentifier - INFO - [libshare.so] Loaded successfully with 35 items.
2025-06-23 21:57:33,424 - SinkIdentifier - INFO - [libcgic.so] Loaded successfully with 1 items.
2025-06-23 21:57:33,425 - SinkIdentifier - INFO - [libmail.so] Loaded successfully with 0 items.
2025-06-23 21:57:33,425 - SinkIdentifier - INFO - [libapkg2.so] Loaded successfully with 0 items.
2025-06-23 21:57:33,425 - SinkIdentifier - INFO - [libaccount.so] Loaded successfully with 0 items.
2025-06-23 21:57:33,425 - SinkIdentifier - INFO - [libsmbif.so] Loaded successfully with 39 items.
2025-06-23 21:57:33,425 - SinkIdentifier - INFO - [libafpif.so] Loaded successfully with 1 items.
2025-06-23 21:57:33,425 - SinkIdentifier - INFO - [libquota.so] Loaded successfully with 15 items.
2025-06-23 21:57:33,425 - SinkIdentifier - INFO - [libmycloud.so] Loaded successfully with 0 items.
2025-06-23 21:57:33,425 - SinkIdentifier - INFO - [libwto.so] Loaded successfully with 1 items.
2025-06-23 21:57:33,425 - SinkIdentifier - INFO - [libsafe_system.so] Loaded successfully with 0 items.
2025-06-23 21:58:31,593 - SinkIdentifier - INFO - libxmldbc.so: 0 items loaded.
2025-06-23 21:58:31,593 - SinkIdentifier - INFO - libftp.so: 5 items loaded.
2025-06-23 21:58:31,593 - SinkIdentifier - INFO - libshare.so: 35 items loaded.
2025-06-23 21:58:31,593 - SinkIdentifier - INFO - libcgic.so: 1 items loaded.
2025-06-23 21:58:31,593 - SinkIdentifier - INFO - libmail.so: 0 items loaded.
2025-06-23 21:58:31,593 - SinkIdentifier - INFO - libapkg2.so: 0 items loaded.
2025-06-23 21:58:31,594 - SinkIdentifier - INFO - libaccount.so: 0 items loaded.
2025-06-23 21:58:31,594 - SinkIdentifier - INFO - libsmbif.so: 39 items loaded.
2025-06-23 21:58:31,594 - SinkIdentifier - INFO - libafpif.so: 1 items loaded.
2025-06-23 21:58:31,594 - SinkIdentifier - INFO - libquota.so: 15 items loaded.
2025-06-23 21:58:31,594 - SinkIdentifier - INFO - libmycloud.so: 0 items loaded.
2025-06-23 21:58:31,594 - SinkIdentifier - INFO - libwto.so: 1 items loaded.
2025-06-23 21:58:31,594 - SinkIdentifier - INFO - libsafe_system.so: 0 items loaded.
2025-06-23 22:01:12,074 - SinkIdentifier - INFO - [libftp.so] Loaded successfully with 5 items.
2025-06-23 22:01:12,074 - SinkIdentifier - INFO - [libshare.so] Loaded successfully with 35 items.
2025-06-23 22:01:12,074 - SinkIdentifier - INFO - [libcgic.so] Loaded successfully with 1 items.
2025-06-23 22:01:12,075 - SinkIdentifier - INFO - [libxmldbc.so] Loaded successfully with 0 items.
2025-06-23 22:01:12,075 - SinkIdentifier - INFO - [libmail.so] Loaded successfully with 0 items.
2025-06-23 22:01:12,075 - SinkIdentifier - INFO - [libaccount.so] Loaded successfully with 0 items.
2025-06-23 22:01:12,075 - SinkIdentifier - INFO - [libapkg2.so] Loaded successfully with 0 items.
2025-06-23 22:01:12,076 - SinkIdentifier - INFO - [libsmbif.so] Loaded successfully with 39 items.
2025-06-23 22:01:12,076 - SinkIdentifier - INFO - [libquota.so] Loaded successfully with 15 items.
2025-06-23 22:01:12,076 - SinkIdentifier - INFO - [libmycloud.so] Loaded successfully with 0 items.
2025-06-23 22:01:12,076 - SinkIdentifier - INFO - [libafpif.so] Loaded successfully with 1 items.
2025-06-23 22:01:12,076 - SinkIdentifier - INFO - [libwto.so] Loaded successfully with 1 items.
2025-06-23 22:01:12,076 - SinkIdentifier - INFO - [libsafe_system.so] Loaded successfully with 0 items.
2025-06-23 22:02:03,687 - SinkIdentifier - INFO - libftp.so: 5 items loaded.
2025-06-23 22:02:03,687 - SinkIdentifier - INFO - libshare.so: 35 items loaded.
2025-06-23 22:02:03,687 - SinkIdentifier - INFO - libcgic.so: 1 items loaded.
2025-06-23 22:02:03,687 - SinkIdentifier - INFO - libxmldbc.so: 0 items loaded.
2025-06-23 22:02:03,688 - SinkIdentifier - INFO - libmail.so: 0 items loaded.
2025-06-23 22:02:03,688 - SinkIdentifier - INFO - libaccount.so: 0 items loaded.
2025-06-23 22:02:03,688 - SinkIdentifier - INFO - libapkg2.so: 0 items loaded.
2025-06-23 22:02:03,688 - SinkIdentifier - INFO - libsmbif.so: 39 items loaded.
2025-06-23 22:02:03,688 - SinkIdentifier - INFO - libquota.so: 15 items loaded.
2025-06-23 22:02:03,688 - SinkIdentifier - INFO - libmycloud.so: 0 items loaded.
2025-06-23 22:02:03,688 - SinkIdentifier - INFO - libafpif.so: 1 items loaded.
2025-06-23 22:02:03,689 - SinkIdentifier - INFO - libwto.so: 1 items loaded.
2025-06-23 22:02:03,689 - SinkIdentifier - INFO - libsafe_system.so: 0 items loaded.
2025-06-23 23:58:04,748 - SinkIdentifier - INFO - Skipping libcgic.so: already exists in database.
2025-06-23 23:58:04,748 - SinkIdentifier - INFO - Skipping libshare.so: already exists in database.
2025-06-23 23:58:04,748 - SinkIdentifier - INFO - Skipping libxmldbc.so: already exists in database.
2025-06-23 23:58:04,748 - SinkIdentifier - INFO - Skipping libwto.so: already exists in database.
2025-06-23 23:58:04,748 - SinkIdentifier - INFO - Skipping libsafe_system.so: already exists in database.
2025-06-23 23:58:24,596 - SinkIdentifier - INFO - [libftp.so] Loaded successfully with 5 items.
2025-06-23 23:58:24,596 - SinkIdentifier - INFO - [libshare.so] Loaded successfully with 35 items.
2025-06-23 23:58:24,596 - SinkIdentifier - INFO - [libcgic.so] Loaded successfully with 1 items.
2025-06-23 23:58:24,597 - SinkIdentifier - INFO - [libxmldbc.so] Loaded successfully with 0 items.
2025-06-23 23:58:24,597 - SinkIdentifier - INFO - [libmail.so] Loaded successfully with 0 items.
2025-06-23 23:58:24,597 - SinkIdentifier - INFO - [libaccount.so] Loaded successfully with 0 items.
2025-06-23 23:58:24,597 - SinkIdentifier - INFO - [libapkg2.so] Loaded successfully with 0 items.
2025-06-23 23:58:24,597 - SinkIdentifier - INFO - [libsmbif.so] Loaded successfully with 39 items.
2025-06-23 23:58:24,597 - SinkIdentifier - INFO - [libquota.so] Loaded successfully with 15 items.
2025-06-23 23:58:24,597 - SinkIdentifier - INFO - [libmycloud.so] Loaded successfully with 0 items.
2025-06-23 23:58:24,597 - SinkIdentifier - INFO - [libafpif.so] Loaded successfully with 1 items.
2025-06-23 23:58:24,598 - SinkIdentifier - INFO - [libwto.so] Loaded successfully with 1 items.
2025-06-23 23:58:24,598 - SinkIdentifier - INFO - [libsafe_system.so] Loaded successfully with 0 items.
2025-06-23 23:58:24,598 - SinkIdentifier - INFO - [libsecdownload.so] Loaded successfully with 0 items.
2025-06-23 23:58:24,598 - SinkIdentifier - INFO - [libmmf.so] Loaded successfully with 1 items.
2025-06-24 00:00:23,944 - SinkIdentifier - INFO - Skipping libcgic.so: already exists in database.
2025-06-24 00:00:23,944 - SinkIdentifier - INFO - Skipping libshare.so: already exists in database.
2025-06-24 00:00:23,944 - SinkIdentifier - INFO - Skipping libxmldbc.so: already exists in database.
2025-06-24 00:00:23,945 - SinkIdentifier - INFO - Skipping libmmf.so: already exists in database.
2025-06-24 00:00:23,945 - SinkIdentifier - INFO - Skipping libwto.so: already exists in database.
2025-06-24 00:00:23,945 - SinkIdentifier - INFO - Skipping libsecdownload.so: already exists in database.
2025-06-24 00:00:23,945 - SinkIdentifier - INFO - Skipping libsafe_system.so: already exists in database.
2025-06-24 00:00:23,947 - SinkIdentifier - INFO - [libftp.so] Loaded successfully with 5 items.
2025-06-24 00:00:23,948 - SinkIdentifier - INFO - [libshare.so] Loaded successfully with 35 items.
2025-06-24 00:00:23,948 - SinkIdentifier - INFO - [libcgic.so] Loaded successfully with 1 items.
2025-06-24 00:00:23,948 - SinkIdentifier - INFO - [libxmldbc.so] Loaded successfully with 0 items.
2025-06-24 00:00:23,948 - SinkIdentifier - INFO - [libmail.so] Loaded successfully with 0 items.
2025-06-24 00:00:23,948 - SinkIdentifier - INFO - [libaccount.so] Loaded successfully with 0 items.
2025-06-24 00:00:23,949 - SinkIdentifier - INFO - [libapkg2.so] Loaded successfully with 0 items.
2025-06-24 00:00:23,949 - SinkIdentifier - INFO - [libsmbif.so] Loaded successfully with 39 items.
2025-06-24 00:00:23,950 - SinkIdentifier - INFO - [libquota.so] Loaded successfully with 15 items.
2025-06-24 00:00:23,950 - SinkIdentifier - INFO - [libmycloud.so] Loaded successfully with 0 items.
2025-06-24 00:00:23,950 - SinkIdentifier - INFO - [libafpif.so] Loaded successfully with 1 items.
2025-06-24 00:00:23,951 - SinkIdentifier - INFO - [libwto.so] Loaded successfully with 1 items.
2025-06-24 00:00:23,951 - SinkIdentifier - INFO - [libsafe_system.so] Loaded successfully with 0 items.
2025-06-24 00:00:23,951 - SinkIdentifier - INFO - [libsecdownload.so] Loaded successfully with 0 items.
2025-06-24 00:00:23,951 - SinkIdentifier - INFO - [libmmf.so] Loaded successfully with 1 items.
2025-06-24 00:01:39,609 - SinkIdentifier - INFO - Skipping libcgic.so: already exists in database.
2025-06-24 00:01:39,609 - SinkIdentifier - INFO - Skipping libshare.so: already exists in database.
2025-06-24 00:01:39,609 - SinkIdentifier - INFO - Skipping libxmldbc.so: already exists in database.
2025-06-24 00:01:39,609 - SinkIdentifier - INFO - Skipping libmmf.so: already exists in database.
2025-06-24 00:01:39,609 - SinkIdentifier - INFO - Skipping libwto.so: already exists in database.
2025-06-24 00:01:39,609 - SinkIdentifier - INFO - Skipping libsecdownload.so: already exists in database.
2025-06-24 00:01:39,609 - SinkIdentifier - INFO - Skipping libsafe_system.so: already exists in database.
2025-06-24 00:01:39,611 - SinkIdentifier - INFO - [libftp.so] Loaded successfully with 5 items.
2025-06-24 00:01:39,611 - SinkIdentifier - INFO - [libshare.so] Loaded successfully with 35 items.
2025-06-24 00:01:39,611 - SinkIdentifier - INFO - [libcgic.so] Loaded successfully with 1 items.
2025-06-24 00:01:39,611 - SinkIdentifier - INFO - [libxmldbc.so] Loaded successfully with 0 items.
2025-06-24 00:01:39,611 - SinkIdentifier - INFO - [libmail.so] Loaded successfully with 0 items.
2025-06-24 00:01:39,611 - SinkIdentifier - INFO - [libaccount.so] Loaded successfully with 0 items.
2025-06-24 00:01:39,612 - SinkIdentifier - INFO - [libapkg2.so] Loaded successfully with 0 items.
2025-06-24 00:01:39,612 - SinkIdentifier - INFO - [libsmbif.so] Loaded successfully with 39 items.
2025-06-24 00:01:39,612 - SinkIdentifier - INFO - [libquota.so] Loaded successfully with 15 items.
2025-06-24 00:01:39,612 - SinkIdentifier - INFO - [libmycloud.so] Loaded successfully with 0 items.
2025-06-24 00:01:39,612 - SinkIdentifier - INFO - [libafpif.so] Loaded successfully with 1 items.
2025-06-24 00:01:39,612 - SinkIdentifier - INFO - [libwto.so] Loaded successfully with 1 items.
2025-06-24 00:01:39,612 - SinkIdentifier - INFO - [libsafe_system.so] Loaded successfully with 0 items.
2025-06-24 00:01:39,613 - SinkIdentifier - INFO - [libsecdownload.so] Loaded successfully with 0 items.
2025-06-24 00:01:39,613 - SinkIdentifier - INFO - [libmmf.so] Loaded successfully with 1 items.
2025-06-24 00:06:03,546 - SinkIdentifier - INFO - Skipping libcgic.so: already exists in database.
2025-06-24 00:06:03,547 - SinkIdentifier - INFO - Skipping libshare.so: already exists in database.
2025-06-24 00:06:03,547 - SinkIdentifier - INFO - Skipping libxmldbc.so: already exists in database.
2025-06-24 00:06:03,547 - SinkIdentifier - INFO - Skipping libmmf.so: already exists in database.
2025-06-24 00:06:03,547 - SinkIdentifier - INFO - Skipping libwto.so: already exists in database.
2025-06-24 00:06:03,547 - SinkIdentifier - INFO - Skipping libsecdownload.so: already exists in database.
2025-06-24 00:06:03,547 - SinkIdentifier - INFO - Skipping libsafe_system.so: already exists in database.
2025-06-24 00:06:03,548 - SinkIdentifier - INFO - [libftp.so] Loaded successfully with 5 items.
2025-06-24 00:06:03,549 - SinkIdentifier - INFO - [libshare.so] Loaded successfully with 35 items.
2025-06-24 00:06:03,549 - SinkIdentifier - INFO - [libcgic.so] Loaded successfully with 1 items.
2025-06-24 00:06:03,549 - SinkIdentifier - INFO - [libxmldbc.so] Loaded successfully with 0 items.
2025-06-24 00:06:03,549 - SinkIdentifier - INFO - [libmail.so] Loaded successfully with 0 items.
2025-06-24 00:06:03,549 - SinkIdentifier - INFO - [libaccount.so] Loaded successfully with 0 items.
2025-06-24 00:06:03,549 - SinkIdentifier - INFO - [libapkg2.so] Loaded successfully with 0 items.
2025-06-24 00:06:03,550 - SinkIdentifier - INFO - [libsmbif.so] Loaded successfully with 39 items.
2025-06-24 00:06:03,550 - SinkIdentifier - INFO - [libquota.so] Loaded successfully with 15 items.
2025-06-24 00:06:03,550 - SinkIdentifier - INFO - [libmycloud.so] Loaded successfully with 0 items.
2025-06-24 00:06:03,550 - SinkIdentifier - INFO - [libafpif.so] Loaded successfully with 1 items.
2025-06-24 00:06:03,550 - SinkIdentifier - INFO - [libwto.so] Loaded successfully with 1 items.
2025-06-24 00:06:03,550 - SinkIdentifier - INFO - [libsafe_system.so] Loaded successfully with 0 items.
2025-06-24 00:06:03,550 - SinkIdentifier - INFO - [libsecdownload.so] Loaded successfully with 0 items.
2025-06-24 00:06:03,550 - SinkIdentifier - INFO - [libmmf.so] Loaded successfully with 1 items.
2025-06-24 00:10:50,723 - SinkIdentifier - INFO - Skipping libcgic.so: already exists in database.
2025-06-24 00:10:50,723 - SinkIdentifier - INFO - Skipping libftp.so: already exists in database.
2025-06-24 00:10:50,724 - SinkIdentifier - INFO - Skipping libxmldbc.so: already exists in database.
2025-06-24 00:10:50,724 - SinkIdentifier - INFO - Skipping libshare.so: already exists in database.
2025-06-24 00:10:50,724 - SinkIdentifier - INFO - Skipping libmail.so: already exists in database.
2025-06-24 00:10:50,724 - SinkIdentifier - INFO - Skipping libsmbif.so: already exists in database.
2025-06-24 00:10:50,724 - SinkIdentifier - INFO - Skipping libapkg2.so: already exists in database.
2025-06-24 00:10:50,724 - SinkIdentifier - INFO - Skipping libaccount.so: already exists in database.
2025-06-24 00:10:50,724 - SinkIdentifier - INFO - Skipping libquota.so: already exists in database.
2025-06-24 00:10:50,724 - SinkIdentifier - INFO - Skipping libmycloud.so: already exists in database.
2025-06-24 00:10:50,724 - SinkIdentifier - INFO - Skipping libafpif.so: already exists in database.
2025-06-24 00:10:50,724 - SinkIdentifier - INFO - Skipping libwto.so: already exists in database.
2025-06-24 00:10:50,725 - SinkIdentifier - INFO - Skipping libsafe_system.so: already exists in database.
2025-06-24 00:10:50,726 - SinkIdentifier - INFO - [libftp.so] Loaded successfully with 5 items.
2025-06-24 00:10:50,726 - SinkIdentifier - INFO - [libshare.so] Loaded successfully with 35 items.
2025-06-24 00:10:50,726 - SinkIdentifier - INFO - [libcgic.so] Loaded successfully with 1 items.
2025-06-24 00:10:50,726 - SinkIdentifier - INFO - [libxmldbc.so] Loaded successfully with 0 items.
2025-06-24 00:10:50,726 - SinkIdentifier - INFO - [libmail.so] Loaded successfully with 0 items.
2025-06-24 00:10:50,727 - SinkIdentifier - INFO - [libaccount.so] Loaded successfully with 0 items.
2025-06-24 00:10:50,727 - SinkIdentifier - INFO - [libapkg2.so] Loaded successfully with 0 items.
2025-06-24 00:10:50,727 - SinkIdentifier - INFO - [libsmbif.so] Loaded successfully with 39 items.
2025-06-24 00:10:50,727 - SinkIdentifier - INFO - [libquota.so] Loaded successfully with 15 items.
2025-06-24 00:10:50,727 - SinkIdentifier - INFO - [libmycloud.so] Loaded successfully with 0 items.
2025-06-24 00:10:50,727 - SinkIdentifier - INFO - [libafpif.so] Loaded successfully with 1 items.
2025-06-24 00:10:50,727 - SinkIdentifier - INFO - [libwto.so] Loaded successfully with 1 items.
2025-06-24 00:10:50,728 - SinkIdentifier - INFO - [libsafe_system.so] Loaded successfully with 0 items.
2025-06-24 00:10:50,728 - SinkIdentifier - INFO - [libsecdownload.so] Loaded successfully with 0 items.
2025-06-24 00:10:50,728 - SinkIdentifier - INFO - [libmmf.so] Loaded successfully with 1 items.
2025-06-24 00:14:43,334 - SinkIdentifier - INFO - [libxmldbc.so] Loaded successfully with 0 items.
2025-06-24 00:14:43,334 - SinkIdentifier - INFO - [libcgic.so] Loaded successfully with 1 items.
2025-06-24 00:14:43,334 - SinkIdentifier - INFO - [libftp.so] Loaded successfully with 5 items.
2025-06-24 00:14:43,335 - SinkIdentifier - INFO - [libshare.so] Loaded successfully with 35 items.
2025-06-24 00:14:43,335 - SinkIdentifier - INFO - [libmail.so] Loaded successfully with 0 items.
2025-06-24 00:14:43,335 - SinkIdentifier - INFO - [libapkg2.so] Loaded successfully with 0 items.
2025-06-24 00:14:43,335 - SinkIdentifier - INFO - [libaccount.so] Loaded successfully with 0 items.
2025-06-24 00:14:43,335 - SinkIdentifier - INFO - [libsmbif.so] Loaded successfully with 39 items.
2025-06-24 00:14:43,336 - SinkIdentifier - INFO - [libquota.so] Loaded successfully with 15 items.
2025-06-24 00:14:43,336 - SinkIdentifier - INFO - [libafpif.so] Loaded successfully with 1 items.
2025-06-24 00:14:43,336 - SinkIdentifier - INFO - [libmycloud.so] Loaded successfully with 0 items.
2025-06-24 00:14:43,336 - SinkIdentifier - INFO - [libwto.so] Loaded successfully with 1 items.
2025-06-24 00:14:43,336 - SinkIdentifier - INFO - [libsafe_system.so] Loaded successfully with 0 items.
2025-06-24 00:15:38,205 - SinkIdentifier - INFO - libxmldbc.so: 0 items loaded.
2025-06-24 00:15:38,205 - SinkIdentifier - INFO - libcgic.so: 1 items loaded.
2025-06-24 00:15:38,205 - SinkIdentifier - INFO - libftp.so: 5 items loaded.
2025-06-24 00:15:38,205 - SinkIdentifier - INFO - libshare.so: 35 items loaded.
2025-06-24 00:15:38,205 - SinkIdentifier - INFO - libmail.so: 0 items loaded.
2025-06-24 00:15:38,205 - SinkIdentifier - INFO - libapkg2.so: 0 items loaded.
2025-06-24 00:15:38,205 - SinkIdentifier - INFO - libaccount.so: 0 items loaded.
2025-06-24 00:15:38,205 - SinkIdentifier - INFO - libsmbif.so: 39 items loaded.
2025-06-24 00:15:38,205 - SinkIdentifier - INFO - libquota.so: 15 items loaded.
2025-06-24 00:15:38,205 - SinkIdentifier - INFO - libafpif.so: 1 items loaded.
2025-06-24 00:15:38,205 - SinkIdentifier - INFO - libmycloud.so: 0 items loaded.
2025-06-24 00:15:38,205 - SinkIdentifier - INFO - libwto.so: 1 items loaded.
2025-06-24 00:15:38,205 - SinkIdentifier - INFO - libsafe_system.so: 0 items loaded.
2025-06-24 00:20:58,594 - SinkIdentifier - INFO - [libcgic.so] Loaded successfully with 1 items.
2025-06-24 00:20:58,595 - SinkIdentifier - INFO - [libshare.so] Loaded successfully with 35 items.
2025-06-24 00:20:58,595 - SinkIdentifier - INFO - [libftp.so] Loaded successfully with 5 items.
2025-06-24 00:20:58,595 - SinkIdentifier - INFO - [libxmldbc.so] Loaded successfully with 0 items.
2025-06-24 00:20:58,595 - SinkIdentifier - INFO - [libmail.so] Loaded successfully with 0 items.
2025-06-24 00:20:58,595 - SinkIdentifier - INFO - [libapkg2.so] Loaded successfully with 0 items.
2025-06-24 00:20:58,595 - SinkIdentifier - INFO - [libaccount.so] Loaded successfully with 0 items.
2025-06-24 00:20:58,595 - SinkIdentifier - INFO - [libsmbif.so] Loaded successfully with 39 items.
2025-06-24 00:20:58,596 - SinkIdentifier - INFO - [libquota.so] Loaded successfully with 15 items.
2025-06-24 00:20:58,596 - SinkIdentifier - INFO - [libmycloud.so] Loaded successfully with 0 items.
2025-06-24 00:20:58,596 - SinkIdentifier - INFO - [libafpif.so] Loaded successfully with 1 items.
2025-06-24 00:20:58,596 - SinkIdentifier - INFO - [libwto.so] Loaded successfully with 1 items.
2025-06-24 00:20:58,596 - SinkIdentifier - INFO - [libsafe_system.so] Loaded successfully with 0 items.
2025-06-24 00:21:53,793 - SinkIdentifier - INFO - libcgic.so: 1 items loaded.
2025-06-24 00:21:53,793 - SinkIdentifier - INFO - libshare.so: 35 items loaded.
2025-06-24 00:21:53,794 - SinkIdentifier - INFO - libftp.so: 5 items loaded.
2025-06-24 00:21:53,794 - SinkIdentifier - INFO - libxmldbc.so: 0 items loaded.
2025-06-24 00:21:53,794 - SinkIdentifier - INFO - libmail.so: 0 items loaded.
2025-06-24 00:21:53,794 - SinkIdentifier - INFO - libapkg2.so: 0 items loaded.
2025-06-24 00:21:53,794 - SinkIdentifier - INFO - libaccount.so: 0 items loaded.
2025-06-24 00:21:53,794 - SinkIdentifier - INFO - libsmbif.so: 39 items loaded.
2025-06-24 00:21:53,794 - SinkIdentifier - INFO - libquota.so: 15 items loaded.
2025-06-24 00:21:53,794 - SinkIdentifier - INFO - libmycloud.so: 0 items loaded.
2025-06-24 00:21:53,794 - SinkIdentifier - INFO - libafpif.so: 1 items loaded.
2025-06-24 00:21:53,794 - SinkIdentifier - INFO - libwto.so: 1 items loaded.
2025-06-24 00:21:53,795 - SinkIdentifier - INFO - libsafe_system.so: 0 items loaded.
2025-06-24 00:31:23,695 - SinkIdentifier - INFO - [libxmldbc.so] Loaded successfully with 0 items.
2025-06-24 00:31:23,695 - SinkIdentifier - INFO - [libcgic.so] Loaded successfully with 1 items.
2025-06-24 00:31:23,695 - SinkIdentifier - INFO - [libftp.so] Loaded successfully with 5 items.
2025-06-24 00:31:23,695 - SinkIdentifier - INFO - [libshare.so] Loaded successfully with 35 items.
2025-06-24 00:31:23,695 - SinkIdentifier - INFO - [libmail.so] Loaded successfully with 0 items.
2025-06-24 00:31:23,696 - SinkIdentifier - INFO - [libapkg2.so] Loaded successfully with 0 items.
2025-06-24 00:31:23,696 - SinkIdentifier - INFO - [libaccount.so] Loaded successfully with 0 items.
2025-06-24 00:31:23,696 - SinkIdentifier - INFO - [libsmbif.so] Loaded successfully with 39 items.
2025-06-24 00:31:23,696 - SinkIdentifier - INFO - [libquota.so] Loaded successfully with 15 items.
2025-06-24 00:31:23,696 - SinkIdentifier - INFO - [libmycloud.so] Loaded successfully with 0 items.
2025-06-24 00:31:23,697 - SinkIdentifier - INFO - [libafpif.so] Loaded successfully with 1 items.
2025-06-24 00:31:23,697 - SinkIdentifier - INFO - [libwto.so] Loaded successfully with 1 items.
2025-06-24 00:31:23,697 - SinkIdentifier - INFO - [libsafe_system.so] Loaded successfully with 0 items.
2025-06-24 00:32:16,951 - SinkIdentifier - INFO - libxmldbc.so: 0 items loaded.
2025-06-24 00:32:16,951 - SinkIdentifier - INFO - libcgic.so: 1 items loaded.
2025-06-24 00:32:16,951 - SinkIdentifier - INFO - libftp.so: 5 items loaded.
2025-06-24 00:32:16,951 - SinkIdentifier - INFO - libshare.so: 35 items loaded.
2025-06-24 00:32:16,951 - SinkIdentifier - INFO - libmail.so: 0 items loaded.
2025-06-24 00:32:16,952 - SinkIdentifier - INFO - libapkg2.so: 0 items loaded.
2025-06-24 00:32:16,952 - SinkIdentifier - INFO - libaccount.so: 0 items loaded.
2025-06-24 00:32:16,952 - SinkIdentifier - INFO - libsmbif.so: 39 items loaded.
2025-06-24 00:32:16,952 - SinkIdentifier - INFO - libquota.so: 15 items loaded.
2025-06-24 00:32:16,952 - SinkIdentifier - INFO - libmycloud.so: 0 items loaded.
2025-06-24 00:32:16,952 - SinkIdentifier - INFO - libafpif.so: 1 items loaded.
2025-06-24 00:32:16,952 - SinkIdentifier - INFO - libwto.so: 1 items loaded.
2025-06-24 00:32:16,952 - SinkIdentifier - INFO - libsafe_system.so: 0 items loaded.
2025-06-24 00:35:32,182 - SinkIdentifier - INFO - [libxmldbc.so] Loaded successfully with 0 items.
2025-06-24 00:35:32,183 - SinkIdentifier - INFO - [libshare.so] Loaded successfully with 0 items.
2025-06-24 00:35:32,183 - SinkIdentifier - INFO - [libcgic.so] Loaded successfully with 0 items.
2025-06-24 00:35:32,183 - SinkIdentifier - INFO - [libmmf.so] Loaded successfully with 1 items.
2025-06-24 00:35:32,184 - SinkIdentifier - INFO - [libsecdownload.so] Loaded successfully with 0 items.
2025-06-24 00:35:32,184 - SinkIdentifier - INFO - [libwto.so] Loaded successfully with 2 items.
2025-06-24 00:35:32,185 - SinkIdentifier - INFO - [libsafe_system.so] Loaded successfully with 0 items.
2025-06-24 00:35:45,575 - SinkIdentifier - INFO - libxmldbc.so: 0 items loaded.
2025-06-24 00:35:45,575 - SinkIdentifier - INFO - libshare.so: 0 items loaded.
2025-06-24 00:35:45,576 - SinkIdentifier - INFO - libcgic.so: 0 items loaded.
2025-06-24 00:35:45,576 - SinkIdentifier - INFO - libmmf.so: 1 items loaded.
2025-06-24 00:35:45,576 - SinkIdentifier - INFO - libsecdownload.so: 0 items loaded.
2025-06-24 00:35:45,576 - SinkIdentifier - INFO - libwto.so: 2 items loaded.
2025-06-24 00:35:45,576 - SinkIdentifier - INFO - libsafe_system.so: 0 items loaded.
2025-06-24 02:08:22,311 - SinkIdentifier - INFO - Skipping libcgic.so: already exists in database.
2025-06-24 02:08:22,311 - SinkIdentifier - INFO - Skipping libxmldbc.so: already exists in database.
2025-06-24 02:08:22,311 - SinkIdentifier - INFO - Skipping libshare.so: already exists in database.
2025-06-24 02:08:22,311 - SinkIdentifier - INFO - Skipping libsafe_system.so: already exists in database.
2025-06-24 02:08:22,311 - SinkIdentifier - INFO - Skipping libwto.so: already exists in database.
2025-06-24 02:08:36,461 - SinkIdentifier - INFO - [libxmldbc.so] Loaded successfully with 0 items.
2025-06-24 02:08:36,461 - SinkIdentifier - INFO - [libshare.so] Loaded successfully with 0 items.
2025-06-24 02:08:36,461 - SinkIdentifier - INFO - [libcgic.so] Loaded successfully with 0 items.
2025-06-24 02:08:36,461 - SinkIdentifier - INFO - [libmmf.so] Loaded successfully with 1 items.
2025-06-24 02:08:36,462 - SinkIdentifier - INFO - [libsecdownload.so] Loaded successfully with 0 items.
2025-06-24 02:08:36,462 - SinkIdentifier - INFO - [libwto.so] Loaded successfully with 2 items.
2025-06-24 02:08:36,462 - SinkIdentifier - INFO - [libsafe_system.so] Loaded successfully with 0 items.
2025-06-24 02:08:36,462 - SinkIdentifier - INFO - [libctc.so] Loaded successfully with 2 items.
2025-06-24 02:32:51,808 - SinkIdentifier - INFO - Skipping libcgic.so: already exists in database.
2025-06-24 02:32:51,808 - SinkIdentifier - INFO - Skipping libxmldbc.so: already exists in database.
2025-06-24 02:32:51,809 - SinkIdentifier - INFO - Skipping libshare.so: already exists in database.
2025-06-24 02:32:51,809 - SinkIdentifier - INFO - Skipping libctc.so: already exists in database.
2025-06-24 02:32:51,809 - SinkIdentifier - INFO - Skipping libsafe_system.so: already exists in database.
2025-06-24 02:32:51,809 - SinkIdentifier - INFO - Skipping libwto.so: already exists in database.
2025-06-24 02:32:51,810 - SinkIdentifier - INFO - [libxmldbc.so] Loaded successfully with 0 items.
2025-06-24 02:32:51,810 - SinkIdentifier - INFO - [libshare.so] Loaded successfully with 0 items.
2025-06-24 02:32:51,810 - SinkIdentifier - INFO - [libcgic.so] Loaded successfully with 0 items.
2025-06-24 02:32:51,811 - SinkIdentifier - INFO - [libmmf.so] Loaded successfully with 1 items.
2025-06-24 02:32:51,811 - SinkIdentifier - INFO - [libsecdownload.so] Loaded successfully with 0 items.
2025-06-24 02:32:51,811 - SinkIdentifier - INFO - [libwto.so] Loaded successfully with 2 items.
2025-06-24 02:32:51,811 - SinkIdentifier - INFO - [libsafe_system.so] Loaded successfully with 0 items.
2025-06-24 02:32:51,811 - SinkIdentifier - INFO - [libctc.so] Loaded successfully with 2 items.
2025-06-24 02:35:46,972 - SinkIdentifier - INFO - Skipping libcgic.so: already exists in database.
2025-06-24 02:35:46,972 - SinkIdentifier - INFO - Skipping libxmldbc.so: already exists in database.
2025-06-24 02:35:46,972 - SinkIdentifier - INFO - Skipping libshare.so: already exists in database.
2025-06-24 02:35:46,972 - SinkIdentifier - INFO - Skipping libctc.so: already exists in database.
2025-06-24 02:35:46,972 - SinkIdentifier - INFO - Skipping libsafe_system.so: already exists in database.
2025-06-24 02:35:46,973 - SinkIdentifier - INFO - Skipping libwto.so: already exists in database.
2025-06-24 02:35:46,974 - SinkIdentifier - INFO - [libxmldbc.so] Loaded successfully with 0 items.
2025-06-24 02:35:46,974 - SinkIdentifier - INFO - [libshare.so] Loaded successfully with 0 items.
2025-06-24 02:35:46,974 - SinkIdentifier - INFO - [libcgic.so] Loaded successfully with 0 items.
2025-06-24 02:35:46,974 - SinkIdentifier - INFO - [libmmf.so] Loaded successfully with 1 items.
2025-06-24 02:35:46,974 - SinkIdentifier - INFO - [libsecdownload.so] Loaded successfully with 0 items.
2025-06-24 02:35:46,974 - SinkIdentifier - INFO - [libwto.so] Loaded successfully with 2 items.
2025-06-24 02:35:46,974 - SinkIdentifier - INFO - [libsafe_system.so] Loaded successfully with 0 items.
2025-06-24 02:35:46,974 - SinkIdentifier - INFO - [libctc.so] Loaded successfully with 2 items.
2025-06-24 02:37:55,280 - SinkIdentifier - INFO - [libxmldbc.so] Loaded successfully with 0 items.
2025-06-24 02:37:55,281 - SinkIdentifier - INFO - [libctc.so] Loaded successfully with 2 items.
2025-06-24 02:37:55,281 - SinkIdentifier - INFO - [libshare.so] Loaded successfully with 29 items.
2025-06-24 02:37:55,281 - SinkIdentifier - INFO - [libcgic.so] Loaded successfully with 0 items.
2025-06-24 02:37:55,281 - SinkIdentifier - INFO - [libsafe_system.so] Loaded successfully with 0 items.
2025-06-24 02:37:55,281 - SinkIdentifier - INFO - [libwto.so] Loaded successfully with 1 items.
2025-06-24 02:38:15,074 - SinkIdentifier - INFO - libxmldbc.so: 0 items loaded.
2025-06-24 02:38:15,075 - SinkIdentifier - INFO - libctc.so: 2 items loaded.
2025-06-24 02:38:15,075 - SinkIdentifier - INFO - libshare.so: 29 items loaded.
2025-06-24 02:38:15,075 - SinkIdentifier - INFO - libcgic.so: 0 items loaded.
2025-06-24 02:38:15,075 - SinkIdentifier - INFO - libsafe_system.so: 0 items loaded.
2025-06-24 02:38:15,075 - SinkIdentifier - INFO - libwto.so: 1 items loaded.
2025-06-24 02:41:21,226 - SinkIdentifier - INFO - [libctc.so] Loaded successfully with 2 items.
2025-06-24 02:41:21,227 - SinkIdentifier - INFO - [libxmldbc.so] Loaded successfully with 0 items.
2025-06-24 02:41:21,227 - SinkIdentifier - INFO - [libcgic.so] Loaded successfully with 0 items.
2025-06-24 02:41:21,227 - SinkIdentifier - INFO - [libshare.so] Loaded successfully with 29 items.
2025-06-24 02:41:21,227 - SinkIdentifier - INFO - [libsafe_system.so] Loaded successfully with 0 items.
2025-06-24 02:41:21,227 - SinkIdentifier - INFO - [libwto.so] Loaded successfully with 1 items.
2025-06-24 02:41:40,328 - SinkIdentifier - INFO - libctc.so: 2 items loaded.
2025-06-24 02:41:40,329 - SinkIdentifier - INFO - libxmldbc.so: 0 items loaded.
2025-06-24 02:41:40,329 - SinkIdentifier - INFO - libcgic.so: 0 items loaded.
2025-06-24 02:41:40,330 - SinkIdentifier - INFO - libshare.so: 29 items loaded.
2025-06-24 02:41:40,331 - SinkIdentifier - INFO - libsafe_system.so: 0 items loaded.
2025-06-24 02:41:40,331 - SinkIdentifier - INFO - libwto.so: 1 items loaded.
2025-06-25 00:46:26,706 - SinkIdentifier - INFO - Skipping libcgic.so: already exists in database.
2025-06-25 00:46:26,706 - SinkIdentifier - INFO - Skipping libxmldbc.so: already exists in database.
2025-06-25 00:46:26,707 - SinkIdentifier - INFO - Skipping libshare.so: already exists in database.
2025-06-25 00:46:26,707 - SinkIdentifier - INFO - Skipping libctc.so: already exists in database.
2025-06-25 00:46:26,707 - SinkIdentifier - INFO - Skipping libsafe_system.so: already exists in database.
2025-06-25 00:46:26,707 - SinkIdentifier - INFO - Skipping libwto.so: already exists in database.
2025-06-25 00:46:26,709 - SinkIdentifier - INFO - [libctc.so] Loaded successfully with 2 items.
2025-06-25 00:46:26,710 - SinkIdentifier - INFO - [libxmldbc.so] Loaded successfully with 0 items.
2025-06-25 00:46:26,710 - SinkIdentifier - INFO - [libcgic.so] Loaded successfully with 0 items.
2025-06-25 00:46:26,710 - SinkIdentifier - INFO - [libshare.so] Loaded successfully with 29 items.
2025-06-25 00:46:26,710 - SinkIdentifier - INFO - [libsafe_system.so] Loaded successfully with 0 items.
2025-06-25 00:46:26,710 - SinkIdentifier - INFO - [libwto.so] Loaded successfully with 1 items.
2025-06-25 00:46:46,144 - SinkIdentifier - INFO - libctc.so: 2 items loaded.
2025-06-25 00:46:46,144 - SinkIdentifier - INFO - libxmldbc.so: 0 items loaded.
2025-06-25 00:46:46,144 - SinkIdentifier - INFO - libcgic.so: 0 items loaded.
2025-06-25 00:46:46,144 - SinkIdentifier - INFO - libshare.so: 29 items loaded.
2025-06-25 00:46:46,145 - SinkIdentifier - INFO - libsafe_system.so: 0 items loaded.
2025-06-25 00:46:46,145 - SinkIdentifier - INFO - libwto.so: 1 items loaded.
2025-06-25 00:59:36,898 - SinkIdentifier - INFO - [libxmldbc.so] Loaded successfully with 0 items.
2025-06-25 00:59:36,899 - SinkIdentifier - INFO - [libctc.so] Loaded successfully with 2 items.
2025-06-25 00:59:36,899 - SinkIdentifier - INFO - [libshare.so] Loaded successfully with 29 items.
2025-06-25 00:59:36,899 - SinkIdentifier - INFO - [libcgic.so] Loaded successfully with 0 items.
2025-06-25 00:59:36,899 - SinkIdentifier - INFO - [libsafe_system.so] Loaded successfully with 0 items.
2025-06-25 00:59:36,899 - SinkIdentifier - INFO - [libwto.so] Loaded successfully with 1 items.
2025-06-25 00:59:54,856 - SinkIdentifier - INFO - libxmldbc.so: 0 items loaded.
2025-06-25 00:59:54,856 - SinkIdentifier - INFO - libctc.so: 2 items loaded.
2025-06-25 00:59:54,856 - SinkIdentifier - INFO - libshare.so: 29 items loaded.
2025-06-25 00:59:54,857 - SinkIdentifier - INFO - libcgic.so: 0 items loaded.
2025-06-25 00:59:54,857 - SinkIdentifier - INFO - libsafe_system.so: 0 items loaded.
2025-06-25 00:59:54,857 - SinkIdentifier - INFO - libwto.so: 1 items loaded.
2025-06-25 06:48:12,477 - SinkIdentifier - INFO - [libctc.so] Loaded successfully with 2 items.
2025-06-25 06:48:12,478 - SinkIdentifier - INFO - [libxmldbc.so] Loaded successfully with 0 items.
2025-06-25 06:48:12,478 - SinkIdentifier - INFO - [libshare.so] Loaded successfully with 29 items.
2025-06-25 06:48:12,478 - SinkIdentifier - INFO - [libcgic.so] Loaded successfully with 0 items.
2025-06-25 06:48:12,478 - SinkIdentifier - INFO - [libsafe_system.so] Loaded successfully with 0 items.
2025-06-25 06:48:12,479 - SinkIdentifier - INFO - [libwto.so] Loaded successfully with 1 items.
2025-06-25 06:48:25,703 - SinkIdentifier - INFO - libctc.so: 2 items loaded.
2025-06-25 06:48:25,703 - SinkIdentifier - INFO - libxmldbc.so: 0 items loaded.
2025-06-25 06:48:25,703 - SinkIdentifier - INFO - libshare.so: 29 items loaded.
2025-06-25 06:48:25,703 - SinkIdentifier - INFO - libcgic.so: 0 items loaded.
2025-06-25 06:48:25,703 - SinkIdentifier - INFO - libsafe_system.so: 0 items loaded.
2025-06-25 06:48:25,703 - SinkIdentifier - INFO - libwto.so: 1 items loaded.
2025-06-25 08:11:54,532 - SinkIdentifier - INFO - [libdxmlapi.so] Loaded successfully with 0 items.
2025-06-25 08:11:54,532 - SinkIdentifier - INFO - [libstarter.so] Loaded successfully with 52 items.
2025-06-25 08:12:16,674 - SinkIdentifier - INFO - libdxmlapi.so: 0 items loaded.
2025-06-25 08:12:16,674 - SinkIdentifier - INFO - libstarter.so: 52 items loaded.
2025-06-25 08:14:56,670 - SinkIdentifier - INFO - Skipping libstarter.so: already exists in database.
2025-06-25 08:14:56,671 - SinkIdentifier - INFO - Skipping libdxmlapi.so: already exists in database.
2025-06-25 08:14:56,672 - SinkIdentifier - INFO - [libdxmlapi.so] Loaded successfully with 0 items.
2025-06-25 08:14:56,673 - SinkIdentifier - INFO - [libstarter.so] Loaded successfully with 52 items.
2025-06-25 08:15:15,155 - SinkIdentifier - INFO - libdxmlapi.so: 0 items loaded.
2025-06-25 08:15:15,155 - SinkIdentifier - INFO - libstarter.so: 52 items loaded.
2025-06-25 08:20:34,343 - SinkIdentifier - INFO - [libnvram.so.0] Loaded successfully with 0 items.
2025-06-25 08:20:34,343 - SinkIdentifier - INFO - [libm.so.0] Loaded successfully with 0 items.
2025-06-25 08:20:34,343 - SinkIdentifier - INFO - libnvram.so.0: 0 items loaded.
2025-06-25 08:20:34,343 - SinkIdentifier - INFO - libm.so.0: 0 items loaded.
2025-06-25 08:43:57,031 - SinkIdentifier - INFO - [libnvram.so.0] Loaded successfully with 0 items.
2025-06-25 08:43:57,032 - SinkIdentifier - INFO - [libm.so.0] Loaded successfully with 0 items.
2025-06-25 08:43:57,032 - SinkIdentifier - INFO - libnvram.so.0: 0 items loaded.
2025-06-25 08:43:57,032 - SinkIdentifier - INFO - libm.so.0: 0 items loaded.
2025-06-25 08:53:32,126 - SinkIdentifier - INFO - [libnvram.so.0] Loaded successfully with 0 items.
2025-06-25 08:53:32,126 - SinkIdentifier - INFO - [libm.so.0] Loaded successfully with 0 items.
2025-06-25 08:53:32,126 - SinkIdentifier - INFO - libnvram.so.0: 0 items loaded.
2025-06-25 08:53:32,126 - SinkIdentifier - INFO - libm.so.0: 0 items loaded.
2025-06-25 08:57:24,846 - SinkIdentifier - INFO - [libnvram.so.0] Loaded successfully with 0 items.
2025-06-25 08:57:24,846 - SinkIdentifier - INFO - [libm.so.0] Loaded successfully with 0 items.
2025-06-25 08:57:24,847 - SinkIdentifier - INFO - libnvram.so.0: 0 items loaded.
2025-06-25 08:57:24,847 - SinkIdentifier - INFO - libm.so.0: 0 items loaded.
2025-06-25 08:58:32,530 - SinkIdentifier - INFO - Skipping libnvram.so.0: already exists in database.
2025-06-25 08:58:32,531 - SinkIdentifier - INFO - Skipping libm.so.0: already exists in database.
2025-06-25 08:58:32,532 - SinkIdentifier - INFO - [libnvram.so.0] Loaded successfully with 0 items.
2025-06-25 08:58:32,532 - SinkIdentifier - INFO - [libm.so.0] Loaded successfully with 0 items.
2025-06-25 08:58:32,532 - SinkIdentifier - INFO - libnvram.so.0: 0 items loaded.
2025-06-25 08:58:32,532 - SinkIdentifier - INFO - libm.so.0: 0 items loaded.
2025-06-25 09:02:23,810 - SinkIdentifier - INFO - [libnvram.so.0] Loaded successfully with 0 items.
2025-06-25 09:02:23,811 - SinkIdentifier - INFO - [libm.so.0] Loaded successfully with 0 items.
2025-06-25 09:02:23,811 - SinkIdentifier - INFO - libnvram.so.0: 0 items loaded.
2025-06-25 09:02:23,811 - SinkIdentifier - INFO - libm.so.0: 0 items loaded.
2025-06-25 09:05:39,958 - SinkIdentifier - INFO - [libnvram.so.0] Loaded successfully with 0 items.
2025-06-25 09:05:39,958 - SinkIdentifier - INFO - [libm.so.0] Loaded successfully with 0 items.
2025-06-25 09:05:39,958 - SinkIdentifier - INFO - libnvram.so.0: 0 items loaded.
2025-06-25 09:05:39,958 - SinkIdentifier - INFO - libm.so.0: 0 items loaded.
2025-06-25 09:12:58,154 - SinkIdentifier - INFO - [libnvram.so.0] Loaded successfully with 0 items.
2025-06-25 09:12:58,155 - SinkIdentifier - INFO - [libm.so.0] Loaded successfully with 0 items.
2025-06-25 09:12:58,155 - SinkIdentifier - INFO - libnvram.so.0: 0 items loaded.
2025-06-25 09:12:58,155 - SinkIdentifier - INFO - libm.so.0: 0 items loaded.
2025-06-25 09:14:21,004 - SinkIdentifier - INFO - Skipping libnvram.so.0: already exists in database.
2025-06-25 09:14:21,004 - SinkIdentifier - INFO - Skipping libm.so.0: already exists in database.
2025-06-25 09:14:21,005 - SinkIdentifier - INFO - [libnvram.so.0] Loaded successfully with 0 items.
2025-06-25 09:14:21,006 - SinkIdentifier - INFO - [libm.so.0] Loaded successfully with 0 items.
2025-06-25 09:14:21,006 - SinkIdentifier - INFO - libnvram.so.0: 0 items loaded.
2025-06-25 09:14:21,006 - SinkIdentifier - INFO - libm.so.0: 0 items loaded.
2025-06-25 09:16:02,833 - SinkIdentifier - INFO - Skipping libnvram.so.0: already exists in database.
2025-06-25 09:16:02,833 - SinkIdentifier - INFO - Skipping libm.so.0: already exists in database.
2025-06-25 09:16:02,834 - SinkIdentifier - INFO - [libnvram.so.0] Loaded successfully with 0 items.
2025-06-25 09:16:02,834 - SinkIdentifier - INFO - [libm.so.0] Loaded successfully with 0 items.
2025-06-25 09:16:02,834 - SinkIdentifier - INFO - libnvram.so.0: 0 items loaded.
2025-06-25 09:16:02,834 - SinkIdentifier - INFO - libm.so.0: 0 items loaded.
2025-06-25 09:29:43,537 - SinkIdentifier - INFO - [libnvram.so.0] Loaded successfully with 0 items.
2025-06-25 09:29:43,537 - SinkIdentifier - INFO - [libm.so.0] Loaded successfully with 0 items.
2025-06-25 09:29:43,538 - SinkIdentifier - INFO - libnvram.so.0: 0 items loaded.
2025-06-25 09:29:43,538 - SinkIdentifier - INFO - libm.so.0: 0 items loaded.
2025-06-25 19:40:43,507 - SinkIdentifier - INFO - Skipping libnvram.so.0: already exists in database.
2025-06-25 19:40:43,706 - SinkIdentifier - INFO - Skipping libm.so.0: already exists in database.
2025-06-25 19:40:43,710 - SinkIdentifier - INFO - [libnvram.so.0] Loaded successfully with 0 items.
2025-06-25 19:40:43,711 - SinkIdentifier - INFO - [libm.so.0] Loaded successfully with 0 items.
2025-06-25 19:40:43,712 - SinkIdentifier - INFO - libnvram.so.0: 0 items loaded.
2025-06-25 19:40:43,712 - SinkIdentifier - INFO - libm.so.0: 0 items loaded.
2025-06-25 19:45:02,244 - SinkIdentifier - INFO - [libnvram.so.0] Loaded successfully with 0 items.
2025-06-25 19:45:02,245 - SinkIdentifier - INFO - [libm.so.0] Loaded successfully with 0 items.
2025-06-25 19:45:02,245 - SinkIdentifier - INFO - libnvram.so.0: 0 items loaded.
2025-06-25 19:45:02,245 - SinkIdentifier - INFO - libm.so.0: 0 items loaded.
2025-06-25 19:48:02,435 - SinkIdentifier - INFO - Skipping libnvram.so.0: already exists in database.
2025-06-25 19:48:02,436 - SinkIdentifier - INFO - Skipping libm.so.0: already exists in database.
2025-06-25 19:48:02,437 - SinkIdentifier - INFO - [libnvram.so.0] Loaded successfully with 0 items.
2025-06-25 19:48:02,437 - SinkIdentifier - INFO - [libm.so.0] Loaded successfully with 0 items.
2025-06-25 19:48:02,437 - SinkIdentifier - INFO - libnvram.so.0: 0 items loaded.
2025-06-25 19:48:02,438 - SinkIdentifier - INFO - libm.so.0: 0 items loaded.
2025-06-25 20:31:26,948 - SinkIdentifier - INFO - Skipping libnvram.so.0: already exists in database.
2025-06-25 20:31:26,948 - SinkIdentifier - INFO - Skipping libm.so.0: already exists in database.
2025-06-25 20:31:26,949 - SinkIdentifier - INFO - [libnvram.so.0] Loaded successfully with 0 items.
2025-06-25 20:31:26,949 - SinkIdentifier - INFO - [libm.so.0] Loaded successfully with 0 items.
2025-06-25 20:31:26,950 - SinkIdentifier - INFO - libnvram.so.0: 0 items loaded.
2025-06-25 20:31:26,950 - SinkIdentifier - INFO - libm.so.0: 0 items loaded.
2025-07-08 06:57:33,323 - SinkIdentifier - INFO - Skipping libnvram.so.0: already exists in database.
2025-07-08 06:57:33,344 - SinkIdentifier - INFO - Skipping libm.so.0: already exists in database.
2025-07-08 06:57:35,237 - SinkIdentifier - INFO - [libnvram.so.0] Loaded successfully with 0 items.
2025-07-08 06:57:35,237 - SinkIdentifier - INFO - [libm.so.0] Loaded successfully with 0 items.
2025-07-08 06:57:35,237 - SinkIdentifier - INFO - libnvram.so.0: 0 items loaded.
2025-07-08 06:57:35,238 - SinkIdentifier - INFO - libm.so.0: 0 items loaded.
2025-07-08 06:59:37,367 - SinkIdentifier - INFO - Skipping libnvram.so.0: already exists in database.
2025-07-08 06:59:37,367 - SinkIdentifier - INFO - Skipping libm.so.0: already exists in database.
2025-07-08 06:59:38,380 - SinkIdentifier - INFO - [libnvram.so.0] Loaded successfully with 0 items.
2025-07-08 06:59:38,381 - SinkIdentifier - INFO - [libm.so.0] Loaded successfully with 0 items.
2025-07-08 06:59:38,381 - SinkIdentifier - INFO - libnvram.so.0: 0 items loaded.
2025-07-08 06:59:38,381 - SinkIdentifier - INFO - libm.so.0: 0 items loaded.
2025-07-08 07:01:20,634 - SinkIdentifier - INFO - Skipping libnvram.so.0: already exists in database.
2025-07-08 07:01:20,635 - SinkIdentifier - INFO - Skipping libm.so.0: already exists in database.
2025-07-08 07:01:21,745 - SinkIdentifier - INFO - [libnvram.so.0] Loaded successfully with 0 items.
2025-07-08 07:01:21,745 - SinkIdentifier - INFO - [libm.so.0] Loaded successfully with 0 items.
2025-07-08 07:01:21,745 - SinkIdentifier - INFO - libnvram.so.0: 0 items loaded.
2025-07-08 07:01:21,746 - SinkIdentifier - INFO - libm.so.0: 0 items loaded.
2025-07-08 07:03:00,531 - SinkIdentifier - INFO - Skipping libnvram.so.0: already exists in database.
2025-07-08 07:03:00,532 - SinkIdentifier - INFO - Skipping libm.so.0: already exists in database.
2025-07-08 07:03:02,027 - SinkIdentifier - INFO - [libnvram.so.0] Loaded successfully with 0 items.
2025-07-08 07:03:02,027 - SinkIdentifier - INFO - [libm.so.0] Loaded successfully with 0 items.
2025-07-08 07:03:02,028 - SinkIdentifier - INFO - libnvram.so.0: 0 items loaded.
2025-07-08 07:03:02,028 - SinkIdentifier - INFO - libm.so.0: 0 items loaded.
2025-07-08 07:04:05,223 - SinkIdentifier - INFO - Skipping libnvram.so.0: already exists in database.
2025-07-08 07:04:05,223 - SinkIdentifier - INFO - Skipping libm.so.0: already exists in database.
2025-07-08 07:04:09,015 - SinkIdentifier - INFO - [libnvram.so.0] Loaded successfully with 0 items.
2025-07-08 07:04:09,015 - SinkIdentifier - INFO - [libm.so.0] Loaded successfully with 0 items.
2025-07-08 07:04:09,016 - SinkIdentifier - INFO - libnvram.so.0: 0 items loaded.
2025-07-08 07:04:09,016 - SinkIdentifier - INFO - libm.so.0: 0 items loaded.
2025-07-08 07:06:13,953 - SinkIdentifier - INFO - Skipping libnvram.so.0: already exists in database.
2025-07-08 07:06:13,954 - SinkIdentifier - INFO - Skipping libm.so.0: already exists in database.
2025-07-08 07:06:16,466 - SinkIdentifier - INFO - [libnvram.so.0] Loaded successfully with 0 items.
2025-07-08 07:06:16,467 - SinkIdentifier - INFO - [libm.so.0] Loaded successfully with 0 items.
2025-07-08 07:06:16,467 - SinkIdentifier - INFO - libnvram.so.0: 0 items loaded.
2025-07-08 07:06:16,467 - SinkIdentifier - INFO - libm.so.0: 0 items loaded.
2025-07-08 07:07:42,659 - SinkIdentifier - INFO - [libnvram.so.0] Loaded successfully with 0 items.
2025-07-08 07:07:42,660 - SinkIdentifier - INFO - [libm.so.0] Loaded successfully with 0 items.
2025-07-08 07:07:42,661 - SinkIdentifier - INFO - libnvram.so.0: 0 items loaded.
2025-07-08 07:07:42,661 - SinkIdentifier - INFO - libm.so.0: 0 items loaded.
2025-07-19 22:55:29,311 - SinkIdentifier - INFO - [libvos_util.so] Loaded successfully with 3 items.
2025-07-19 22:55:29,335 - SinkIdentifier - INFO - [libCfm.so] Loaded successfully with 29 items.
2025-07-19 22:55:29,335 - SinkIdentifier - INFO - [libcommon.so] Loaded successfully with 47 items.
2025-07-19 22:55:29,336 - SinkIdentifier - INFO - [libChipApi.so] Loaded successfully with 13 items.
2025-07-19 22:55:29,336 - SinkIdentifier - INFO - [libpthread.so.0] Loaded successfully with 0 items.
2025-07-19 22:55:29,336 - SinkIdentifier - INFO - [libm.so.0] Loaded successfully with 0 items.
2025-07-19 22:55:29,336 - SinkIdentifier - INFO - [libucapi.so] Loaded successfully with 6 items.
2025-07-19 22:55:29,337 - SinkIdentifier - INFO - [libtpi.so] Loaded successfully with 164 items.
2025-07-19 22:55:29,337 - SinkIdentifier - INFO - [libgcc_s.so.1] Loaded successfully with 0 items.
2025-07-19 22:56:21,488 - SinkIdentifier - INFO - libvos_util.so: 3 items loaded.
2025-07-19 22:56:21,489 - SinkIdentifier - INFO - libCfm.so: 29 items loaded.
2025-07-19 22:56:21,490 - SinkIdentifier - INFO - libcommon.so: 47 items loaded.
2025-07-19 22:56:21,490 - SinkIdentifier - INFO - libChipApi.so: 13 items loaded.
2025-07-19 22:56:21,494 - SinkIdentifier - INFO - libpthread.so.0: 0 items loaded.
2025-07-19 22:56:21,494 - SinkIdentifier - INFO - libm.so.0: 0 items loaded.
2025-07-19 22:56:21,494 - SinkIdentifier - INFO - libucapi.so: 6 items loaded.
2025-07-19 22:56:21,495 - SinkIdentifier - INFO - libtpi.so: 164 items loaded.
2025-07-19 22:56:21,495 - SinkIdentifier - INFO - libgcc_s.so.1: 0 items loaded.
2025-07-19 23:11:04,973 - SinkIdentifier - INFO - Skipping libCfm.so: already exists in database.
2025-07-19 23:11:04,974 - SinkIdentifier - INFO - Skipping libcommon.so: already exists in database.
2025-07-19 23:11:04,975 - SinkIdentifier - INFO - Skipping libChipApi.so: already exists in database.
2025-07-19 23:11:04,975 - SinkIdentifier - INFO - Skipping libvos_util.so: already exists in database.
2025-07-19 23:11:04,975 - SinkIdentifier - INFO - Skipping libpthread.so.0: already exists in database.
2025-07-19 23:11:04,975 - SinkIdentifier - INFO - Skipping libtpi.so: already exists in database.
2025-07-19 23:11:04,976 - SinkIdentifier - INFO - Skipping libm.so.0: already exists in database.
2025-07-19 23:11:04,976 - SinkIdentifier - INFO - Skipping libucapi.so: already exists in database.
2025-07-19 23:11:04,976 - SinkIdentifier - INFO - Skipping libgcc_s.so.1: already exists in database.
2025-07-19 23:11:04,977 - SinkIdentifier - INFO - [libvos_util.so] Loaded successfully with 3 items.
2025-07-19 23:11:04,977 - SinkIdentifier - INFO - [libCfm.so] Loaded successfully with 29 items.
2025-07-19 23:11:04,978 - SinkIdentifier - INFO - [libcommon.so] Loaded successfully with 47 items.
2025-07-19 23:11:04,978 - SinkIdentifier - INFO - [libChipApi.so] Loaded successfully with 13 items.
2025-07-19 23:11:04,978 - SinkIdentifier - INFO - [libpthread.so.0] Loaded successfully with 0 items.
2025-07-19 23:11:04,978 - SinkIdentifier - INFO - [libm.so.0] Loaded successfully with 0 items.
2025-07-19 23:11:04,978 - SinkIdentifier - INFO - [libucapi.so] Loaded successfully with 6 items.
2025-07-19 23:11:04,979 - SinkIdentifier - INFO - [libtpi.so] Loaded successfully with 164 items.
2025-07-19 23:11:04,979 - SinkIdentifier - INFO - [libgcc_s.so.1] Loaded successfully with 0 items.
2025-07-19 23:11:46,947 - SinkIdentifier - INFO - libvos_util.so: 3 items loaded.
2025-07-19 23:11:46,947 - SinkIdentifier - INFO - libCfm.so: 29 items loaded.
2025-07-19 23:11:46,947 - SinkIdentifier - INFO - libcommon.so: 47 items loaded.
2025-07-19 23:11:46,947 - SinkIdentifier - INFO - libChipApi.so: 13 items loaded.
2025-07-19 23:11:46,947 - SinkIdentifier - INFO - libpthread.so.0: 0 items loaded.
2025-07-19 23:11:46,947 - SinkIdentifier - INFO - libm.so.0: 0 items loaded.
2025-07-19 23:11:46,947 - SinkIdentifier - INFO - libucapi.so: 6 items loaded.
2025-07-19 23:11:46,947 - SinkIdentifier - INFO - libtpi.so: 164 items loaded.
2025-07-19 23:11:46,947 - SinkIdentifier - INFO - libgcc_s.so.1: 0 items loaded.
2025-07-28 02:35:30,213 - SinkIdentifier - INFO - [libm.so.0] Loaded successfully with 0 items.
2025-07-28 02:35:30,213 - SinkIdentifier - INFO - [libpthread.so.0] Loaded successfully with 0 items.
2025-07-28 02:35:30,213 - SinkIdentifier - INFO - [libz.so] Loaded successfully with 0 items.
2025-07-28 02:35:30,214 - SinkIdentifier - INFO - [libcommon.so] Loaded successfully with 84 items.
2025-07-28 02:35:30,214 - SinkIdentifier - INFO - [libcommonprod.so] Loaded successfully with 0 items.
2025-07-28 02:35:30,214 - SinkIdentifier - INFO - [libucapi.so] Loaded successfully with 12 items.
2025-07-28 02:35:30,214 - SinkIdentifier - INFO - [libgcc_s.so.1] Loaded successfully with 0 items.
2025-07-28 02:36:00,793 - SinkIdentifier - INFO - libm.so.0: 0 items loaded.
2025-07-28 02:36:00,794 - SinkIdentifier - INFO - libpthread.so.0: 0 items loaded.
2025-07-28 02:36:00,794 - SinkIdentifier - INFO - libz.so: 0 items loaded.
2025-07-28 02:36:00,794 - SinkIdentifier - INFO - libcommon.so: 84 items loaded.
2025-07-28 02:36:00,794 - SinkIdentifier - INFO - libcommonprod.so: 0 items loaded.
2025-07-28 02:36:00,795 - SinkIdentifier - INFO - libucapi.so: 12 items loaded.
2025-07-28 02:36:00,795 - SinkIdentifier - INFO - libgcc_s.so.1: 0 items loaded.
2025-07-28 02:44:41,557 - SinkIdentifier - INFO - Skipping libcommon.so: already exists in database.
2025-07-28 02:44:41,557 - SinkIdentifier - INFO - Skipping libm.so.0: already exists in database.
2025-07-28 02:44:41,558 - SinkIdentifier - INFO - Skipping libz.so: already exists in database.
2025-07-28 02:44:41,558 - SinkIdentifier - INFO - Skipping libpthread.so.0: already exists in database.
2025-07-28 02:44:41,558 - SinkIdentifier - INFO - Skipping libgcc_s.so.1: already exists in database.
2025-07-28 02:44:41,558 - SinkIdentifier - INFO - Skipping libcommonprod.so: already exists in database.
2025-07-28 02:44:41,558 - SinkIdentifier - INFO - Skipping libucapi.so: already exists in database.
2025-07-28 02:44:41,560 - SinkIdentifier - INFO - [libm.so.0] Loaded successfully with 0 items.
2025-07-28 02:44:41,561 - SinkIdentifier - INFO - [libpthread.so.0] Loaded successfully with 0 items.
2025-07-28 02:44:41,561 - SinkIdentifier - INFO - [libz.so] Loaded successfully with 0 items.
2025-07-28 02:44:41,562 - SinkIdentifier - INFO - [libcommon.so] Loaded successfully with 84 items.
2025-07-28 02:44:41,563 - SinkIdentifier - INFO - [libcommonprod.so] Loaded successfully with 0 items.
2025-07-28 02:44:41,563 - SinkIdentifier - INFO - [libucapi.so] Loaded successfully with 12 items.
2025-07-28 02:44:41,563 - SinkIdentifier - INFO - [libgcc_s.so.1] Loaded successfully with 0 items.
2025-07-28 02:45:04,033 - SinkIdentifier - INFO - libm.so.0: 0 items loaded.
2025-07-28 02:45:04,034 - SinkIdentifier - INFO - libpthread.so.0: 0 items loaded.
2025-07-28 02:45:04,034 - SinkIdentifier - INFO - libz.so: 0 items loaded.
2025-07-28 02:45:04,034 - SinkIdentifier - INFO - libcommon.so: 84 items loaded.
2025-07-28 02:45:04,034 - SinkIdentifier - INFO - libcommonprod.so: 0 items loaded.
2025-07-28 02:45:04,034 - SinkIdentifier - INFO - libucapi.so: 12 items loaded.
2025-07-28 02:45:04,034 - SinkIdentifier - INFO - libgcc_s.so.1: 0 items loaded.
2025-08-01 00:27:41,990 - SinkIdentifier - INFO - [libvct.so] Loaded successfully with 4 items.
2025-08-01 00:27:41,990 - SinkIdentifier - INFO - [libipv6.so] Loaded successfully with 16 items.
2025-08-01 00:27:41,990 - SinkIdentifier - INFO - [libproject.so] Loaded successfully with 8 items.
2025-08-01 00:27:41,991 - SinkIdentifier - INFO - [libsutil.so] Loaded successfully with 23 items.
2025-08-01 00:27:41,991 - SinkIdentifier - INFO - [libxmo.so] Loaded successfully with 4 items.
2025-08-01 00:27:41,991 - SinkIdentifier - INFO - [libgcc_s.so.1] Loaded successfully with 5 items.
2025-08-01 00:27:41,991 - SinkIdentifier - INFO - [libm.so.0] Loaded successfully with 1 items.
2025-08-01 00:28:22,203 - SinkIdentifier - INFO - libvct.so: 4 items loaded.
2025-08-01 00:28:22,203 - SinkIdentifier - INFO - libipv6.so: 16 items loaded.
2025-08-01 00:28:22,204 - SinkIdentifier - INFO - libproject.so: 8 items loaded.
2025-08-01 00:28:22,204 - SinkIdentifier - INFO - libsutil.so: 23 items loaded.
2025-08-01 00:28:22,204 - SinkIdentifier - INFO - libxmo.so: 4 items loaded.
2025-08-01 00:28:22,204 - SinkIdentifier - INFO - libgcc_s.so.1: 5 items loaded.
2025-08-01 00:28:22,204 - SinkIdentifier - INFO - libm.so.0: 1 items loaded.
2025-08-01 00:31:54,746 - SinkIdentifier - INFO - Skipping libsutil.so: already exists in database.
2025-08-01 00:31:54,746 - SinkIdentifier - INFO - Skipping libproject.so: already exists in database.
2025-08-01 00:31:54,746 - SinkIdentifier - INFO - Skipping libipv6.so: already exists in database.
2025-08-01 00:31:54,746 - SinkIdentifier - INFO - Skipping libvct.so: already exists in database.
2025-08-01 00:31:54,746 - SinkIdentifier - INFO - Skipping libxmo.so: already exists in database.
2025-08-01 00:31:54,746 - SinkIdentifier - INFO - Skipping libm.so.0: already exists in database.
2025-08-01 00:31:54,746 - SinkIdentifier - INFO - Skipping libgcc_s.so.1: already exists in database.
2025-08-01 00:31:54,748 - SinkIdentifier - INFO - [libvct.so] Loaded successfully with 4 items.
2025-08-01 00:31:54,748 - SinkIdentifier - INFO - [libipv6.so] Loaded successfully with 16 items.
2025-08-01 00:31:54,748 - SinkIdentifier - INFO - [libproject.so] Loaded successfully with 8 items.
2025-08-01 00:31:54,748 - SinkIdentifier - INFO - [libsutil.so] Loaded successfully with 23 items.
2025-08-01 00:31:54,748 - SinkIdentifier - INFO - [libxmo.so] Loaded successfully with 4 items.
2025-08-01 00:31:54,748 - SinkIdentifier - INFO - [libgcc_s.so.1] Loaded successfully with 5 items.
2025-08-01 00:31:54,748 - SinkIdentifier - INFO - [libm.so.0] Loaded successfully with 1 items.
2025-08-01 00:32:31,123 - SinkIdentifier - INFO - libvct.so: 4 items loaded.
2025-08-01 00:32:31,124 - SinkIdentifier - INFO - libipv6.so: 16 items loaded.
2025-08-01 00:32:31,124 - SinkIdentifier - INFO - libproject.so: 8 items loaded.
2025-08-01 00:32:31,124 - SinkIdentifier - INFO - libsutil.so: 23 items loaded.
2025-08-01 00:32:31,124 - SinkIdentifier - INFO - libxmo.so: 4 items loaded.
2025-08-01 00:32:31,124 - SinkIdentifier - INFO - libgcc_s.so.1: 5 items loaded.
2025-08-01 00:32:31,124 - SinkIdentifier - INFO - libm.so.0: 1 items loaded.
2025-08-01 00:49:29,757 - SinkIdentifier - INFO - Skipping libsutil.so: already exists in database.
2025-08-01 00:49:29,758 - SinkIdentifier - INFO - Skipping libproject.so: already exists in database.
2025-08-01 00:49:29,758 - SinkIdentifier - INFO - Skipping libipv6.so: already exists in database.
2025-08-01 00:49:29,758 - SinkIdentifier - INFO - Skipping libvct.so: already exists in database.
2025-08-01 00:49:29,758 - SinkIdentifier - INFO - Skipping libxmo.so: already exists in database.
2025-08-01 00:49:29,758 - SinkIdentifier - INFO - Skipping libm.so.0: already exists in database.
2025-08-01 00:49:29,758 - SinkIdentifier - INFO - Skipping libgcc_s.so.1: already exists in database.
2025-08-01 00:49:29,759 - SinkIdentifier - INFO - [libvct.so] Loaded successfully with 4 items.
2025-08-01 00:49:29,760 - SinkIdentifier - INFO - [libipv6.so] Loaded successfully with 16 items.
2025-08-01 00:49:29,760 - SinkIdentifier - INFO - [libproject.so] Loaded successfully with 8 items.
2025-08-01 00:49:29,760 - SinkIdentifier - INFO - [libsutil.so] Loaded successfully with 23 items.
2025-08-01 00:49:29,760 - SinkIdentifier - INFO - [libxmo.so] Loaded successfully with 4 items.
2025-08-01 00:49:29,761 - SinkIdentifier - INFO - [libgcc_s.so.1] Loaded successfully with 5 items.
2025-08-01 00:49:29,761 - SinkIdentifier - INFO - [libm.so.0] Loaded successfully with 1 items.
2025-08-01 00:49:59,755 - SinkIdentifier - INFO - libvct.so: 4 items loaded.
2025-08-01 00:49:59,755 - SinkIdentifier - INFO - libipv6.so: 16 items loaded.
2025-08-01 00:49:59,755 - SinkIdentifier - INFO - libproject.so: 8 items loaded.
2025-08-01 00:49:59,755 - SinkIdentifier - INFO - libsutil.so: 23 items loaded.
2025-08-01 00:49:59,755 - SinkIdentifier - INFO - libxmo.so: 4 items loaded.
2025-08-01 00:49:59,755 - SinkIdentifier - INFO - libgcc_s.so.1: 5 items loaded.
2025-08-01 00:49:59,755 - SinkIdentifier - INFO - libm.so.0: 1 items loaded.
2025-08-01 01:09:41,165 - SinkIdentifier - INFO - Skipping libsutil.so: already exists in database.
2025-08-01 01:09:41,165 - SinkIdentifier - INFO - Skipping libproject.so: already exists in database.
2025-08-01 01:09:41,165 - SinkIdentifier - INFO - Skipping libipv6.so: already exists in database.
2025-08-01 01:09:41,165 - SinkIdentifier - INFO - Skipping libvct.so: already exists in database.
2025-08-01 01:09:41,165 - SinkIdentifier - INFO - Skipping libxmo.so: already exists in database.
2025-08-01 01:09:41,165 - SinkIdentifier - INFO - Skipping libm.so.0: already exists in database.
2025-08-01 01:09:41,165 - SinkIdentifier - INFO - Skipping libgcc_s.so.1: already exists in database.
2025-08-01 01:09:41,167 - SinkIdentifier - INFO - [libvct.so] Loaded successfully with 4 items.
2025-08-01 01:09:41,167 - SinkIdentifier - INFO - [libipv6.so] Loaded successfully with 16 items.
2025-08-01 01:09:41,167 - SinkIdentifier - INFO - [libproject.so] Loaded successfully with 8 items.
2025-08-01 01:09:41,167 - SinkIdentifier - INFO - [libsutil.so] Loaded successfully with 23 items.
2025-08-01 01:09:41,168 - SinkIdentifier - INFO - [libxmo.so] Loaded successfully with 4 items.
2025-08-01 01:09:41,168 - SinkIdentifier - INFO - [libgcc_s.so.1] Loaded successfully with 5 items.
2025-08-01 01:09:41,168 - SinkIdentifier - INFO - [libm.so.0] Loaded successfully with 1 items.
2025-08-01 01:10:16,771 - SinkIdentifier - INFO - libvct.so: 4 items loaded.
2025-08-01 01:10:16,772 - SinkIdentifier - INFO - libipv6.so: 16 items loaded.
2025-08-01 01:10:16,772 - SinkIdentifier - INFO - libproject.so: 8 items loaded.
2025-08-01 01:10:16,772 - SinkIdentifier - INFO - libsutil.so: 23 items loaded.
2025-08-01 01:10:16,772 - SinkIdentifier - INFO - libxmo.so: 4 items loaded.
2025-08-01 01:10:16,772 - SinkIdentifier - INFO - libgcc_s.so.1: 5 items loaded.
2025-08-01 01:10:16,772 - SinkIdentifier - INFO - libm.so.0: 1 items loaded.
2025-08-01 01:29:50,712 - SinkIdentifier - INFO - Skipping libsutil.so: already exists in database.
2025-08-01 01:29:50,713 - SinkIdentifier - INFO - Skipping libproject.so: already exists in database.
2025-08-01 01:29:50,713 - SinkIdentifier - INFO - Skipping libipv6.so: already exists in database.
2025-08-01 01:29:50,713 - SinkIdentifier - INFO - Skipping libvct.so: already exists in database.
2025-08-01 01:29:50,713 - SinkIdentifier - INFO - Skipping libxmo.so: already exists in database.
2025-08-01 01:29:50,713 - SinkIdentifier - INFO - Skipping libm.so.0: already exists in database.
2025-08-01 01:29:50,713 - SinkIdentifier - INFO - Skipping libgcc_s.so.1: already exists in database.
2025-08-01 01:29:50,714 - SinkIdentifier - INFO - [libvct.so] Loaded successfully with 4 items.
2025-08-01 01:29:50,714 - SinkIdentifier - INFO - [libipv6.so] Loaded successfully with 16 items.
2025-08-01 01:29:50,714 - SinkIdentifier - INFO - [libproject.so] Loaded successfully with 8 items.
2025-08-01 01:29:50,714 - SinkIdentifier - INFO - [libsutil.so] Loaded successfully with 23 items.
2025-08-01 01:29:50,714 - SinkIdentifier - INFO - [libxmo.so] Loaded successfully with 4 items.
2025-08-01 01:29:50,714 - SinkIdentifier - INFO - [libgcc_s.so.1] Loaded successfully with 5 items.
2025-08-01 01:29:50,715 - SinkIdentifier - INFO - [libm.so.0] Loaded successfully with 1 items.
2025-08-01 01:30:20,129 - SinkIdentifier - INFO - libvct.so: 4 items loaded.
2025-08-01 01:30:20,129 - SinkIdentifier - INFO - libipv6.so: 16 items loaded.
2025-08-01 01:30:20,129 - SinkIdentifier - INFO - libproject.so: 8 items loaded.
2025-08-01 01:30:20,130 - SinkIdentifier - INFO - libsutil.so: 23 items loaded.
2025-08-01 01:30:20,130 - SinkIdentifier - INFO - libxmo.so: 4 items loaded.
2025-08-01 01:30:20,130 - SinkIdentifier - INFO - libgcc_s.so.1: 5 items loaded.
2025-08-01 01:30:20,130 - SinkIdentifier - INFO - libm.so.0: 1 items loaded.
2025-08-01 01:32:00,357 - SinkIdentifier - INFO - Skipping libsutil.so: already exists in database.
2025-08-01 01:32:00,357 - SinkIdentifier - INFO - Skipping libproject.so: already exists in database.
2025-08-01 01:32:00,357 - SinkIdentifier - INFO - Skipping libipv6.so: already exists in database.
2025-08-01 01:32:00,357 - SinkIdentifier - INFO - Skipping libvct.so: already exists in database.
2025-08-01 01:32:00,357 - SinkIdentifier - INFO - Skipping libxmo.so: already exists in database.
2025-08-01 01:32:00,357 - SinkIdentifier - INFO - Skipping libm.so.0: already exists in database.
2025-08-01 01:32:00,357 - SinkIdentifier - INFO - Skipping libgcc_s.so.1: already exists in database.
2025-08-01 01:32:00,359 - SinkIdentifier - INFO - [libvct.so] Loaded successfully with 4 items.
2025-08-01 01:32:00,362 - SinkIdentifier - INFO - [libipv6.so] Loaded successfully with 16 items.
2025-08-01 01:32:00,362 - SinkIdentifier - INFO - [libproject.so] Loaded successfully with 8 items.
2025-08-01 01:32:00,362 - SinkIdentifier - INFO - [libsutil.so] Loaded successfully with 23 items.
2025-08-01 01:32:00,362 - SinkIdentifier - INFO - [libxmo.so] Loaded successfully with 4 items.
2025-08-01 01:32:00,362 - SinkIdentifier - INFO - [libgcc_s.so.1] Loaded successfully with 5 items.
2025-08-01 01:32:00,362 - SinkIdentifier - INFO - [libm.so.0] Loaded successfully with 1 items.
2025-08-01 01:32:29,728 - SinkIdentifier - INFO - libvct.so: 4 items loaded.
2025-08-01 01:32:29,729 - SinkIdentifier - INFO - libipv6.so: 16 items loaded.
2025-08-01 01:32:29,729 - SinkIdentifier - INFO - libproject.so: 8 items loaded.
2025-08-01 01:32:29,729 - SinkIdentifier - INFO - libsutil.so: 23 items loaded.
2025-08-01 01:32:29,729 - SinkIdentifier - INFO - libxmo.so: 4 items loaded.
2025-08-01 01:32:29,729 - SinkIdentifier - INFO - libgcc_s.so.1: 5 items loaded.
2025-08-01 01:32:29,729 - SinkIdentifier - INFO - libm.so.0: 1 items loaded.
2025-08-01 01:50:03,136 - SinkIdentifier - INFO - Skipping libsutil.so: already exists in database.
2025-08-01 01:50:03,136 - SinkIdentifier - INFO - Skipping libproject.so: already exists in database.
2025-08-01 01:50:03,136 - SinkIdentifier - INFO - Skipping libipv6.so: already exists in database.
2025-08-01 01:50:03,137 - SinkIdentifier - INFO - Skipping libvct.so: already exists in database.
2025-08-01 01:50:03,137 - SinkIdentifier - INFO - Skipping libxmo.so: already exists in database.
2025-08-01 01:50:03,137 - SinkIdentifier - INFO - Skipping libm.so.0: already exists in database.
2025-08-01 01:50:03,137 - SinkIdentifier - INFO - Skipping libgcc_s.so.1: already exists in database.
2025-08-01 01:50:03,138 - SinkIdentifier - INFO - [libvct.so] Loaded successfully with 4 items.
2025-08-01 01:50:03,139 - SinkIdentifier - INFO - [libipv6.so] Loaded successfully with 16 items.
2025-08-01 01:50:03,139 - SinkIdentifier - INFO - [libproject.so] Loaded successfully with 8 items.
2025-08-01 01:50:03,140 - SinkIdentifier - INFO - [libsutil.so] Loaded successfully with 23 items.
2025-08-01 01:50:03,140 - SinkIdentifier - INFO - [libxmo.so] Loaded successfully with 4 items.
2025-08-01 01:50:03,141 - SinkIdentifier - INFO - [libgcc_s.so.1] Loaded successfully with 5 items.
2025-08-01 01:50:03,141 - SinkIdentifier - INFO - [libm.so.0] Loaded successfully with 1 items.
2025-08-01 01:50:32,395 - SinkIdentifier - INFO - libvct.so: 4 items loaded.
2025-08-01 01:50:32,395 - SinkIdentifier - INFO - libipv6.so: 16 items loaded.
2025-08-01 01:50:32,395 - SinkIdentifier - INFO - libproject.so: 8 items loaded.
2025-08-01 01:50:32,395 - SinkIdentifier - INFO - libsutil.so: 23 items loaded.
2025-08-01 01:50:32,395 - SinkIdentifier - INFO - libxmo.so: 4 items loaded.
2025-08-01 01:50:32,396 - SinkIdentifier - INFO - libgcc_s.so.1: 5 items loaded.
2025-08-01 01:50:32,396 - SinkIdentifier - INFO - libm.so.0: 1 items loaded.
2025-08-01 01:53:00,843 - SinkIdentifier - INFO - Skipping libsutil.so: already exists in database.
2025-08-01 01:53:00,843 - SinkIdentifier - INFO - Skipping libproject.so: already exists in database.
2025-08-01 01:53:00,843 - SinkIdentifier - INFO - Skipping libipv6.so: already exists in database.
2025-08-01 01:53:00,844 - SinkIdentifier - INFO - Skipping libvct.so: already exists in database.
2025-08-01 01:53:00,844 - SinkIdentifier - INFO - Skipping libxmo.so: already exists in database.
2025-08-01 01:53:00,844 - SinkIdentifier - INFO - Skipping libm.so.0: already exists in database.
2025-08-01 01:53:00,844 - SinkIdentifier - INFO - Skipping libgcc_s.so.1: already exists in database.
2025-08-01 01:53:00,845 - SinkIdentifier - INFO - [libvct.so] Loaded successfully with 4 items.
2025-08-01 01:53:00,845 - SinkIdentifier - INFO - [libipv6.so] Loaded successfully with 16 items.
2025-08-01 01:53:00,846 - SinkIdentifier - INFO - [libproject.so] Loaded successfully with 8 items.
2025-08-01 01:53:00,846 - SinkIdentifier - INFO - [libsutil.so] Loaded successfully with 23 items.
2025-08-01 01:53:00,847 - SinkIdentifier - INFO - [libxmo.so] Loaded successfully with 4 items.
2025-08-01 01:53:00,847 - SinkIdentifier - INFO - [libgcc_s.so.1] Loaded successfully with 5 items.
2025-08-01 01:53:00,847 - SinkIdentifier - INFO - [libm.so.0] Loaded successfully with 1 items.
2025-08-01 01:53:29,872 - SinkIdentifier - INFO - libvct.so: 4 items loaded.
2025-08-01 01:53:29,873 - SinkIdentifier - INFO - libipv6.so: 16 items loaded.
2025-08-01 01:53:29,873 - SinkIdentifier - INFO - libproject.so: 8 items loaded.
2025-08-01 01:53:29,873 - SinkIdentifier - INFO - libsutil.so: 23 items loaded.
2025-08-01 01:53:29,873 - SinkIdentifier - INFO - libxmo.so: 4 items loaded.
2025-08-01 01:53:29,874 - SinkIdentifier - INFO - libgcc_s.so.1: 5 items loaded.
2025-08-01 01:53:29,874 - SinkIdentifier - INFO - libm.so.0: 1 items loaded.
2025-08-01 02:22:15,981 - SinkIdentifier - INFO - Skipping libsutil.so: already exists in database.
2025-08-01 02:22:15,981 - SinkIdentifier - INFO - Skipping libproject.so: already exists in database.
2025-08-01 02:22:15,981 - SinkIdentifier - INFO - Skipping libipv6.so: already exists in database.
2025-08-01 02:22:15,981 - SinkIdentifier - INFO - Skipping libvct.so: already exists in database.
2025-08-01 02:22:15,981 - SinkIdentifier - INFO - Skipping libxmo.so: already exists in database.
2025-08-01 02:22:15,981 - SinkIdentifier - INFO - Skipping libm.so.0: already exists in database.
2025-08-01 02:22:15,982 - SinkIdentifier - INFO - Skipping libgcc_s.so.1: already exists in database.
2025-08-01 02:22:15,983 - SinkIdentifier - INFO - [libvct.so] Loaded successfully with 4 items.
2025-08-01 02:22:15,983 - SinkIdentifier - INFO - [libipv6.so] Loaded successfully with 16 items.
2025-08-01 02:22:15,983 - SinkIdentifier - INFO - [libproject.so] Loaded successfully with 8 items.
2025-08-01 02:22:15,983 - SinkIdentifier - INFO - [libsutil.so] Loaded successfully with 23 items.
2025-08-01 02:22:15,984 - SinkIdentifier - INFO - [libxmo.so] Loaded successfully with 4 items.
2025-08-01 02:22:15,984 - SinkIdentifier - INFO - [libgcc_s.so.1] Loaded successfully with 5 items.
2025-08-01 02:22:15,984 - SinkIdentifier - INFO - [libm.so.0] Loaded successfully with 1 items.
2025-08-01 02:22:48,804 - SinkIdentifier - INFO - libvct.so: 4 items loaded.
2025-08-01 02:22:48,804 - SinkIdentifier - INFO - libipv6.so: 16 items loaded.
2025-08-01 02:22:48,804 - SinkIdentifier - INFO - libproject.so: 8 items loaded.
2025-08-01 02:22:48,804 - SinkIdentifier - INFO - libsutil.so: 23 items loaded.
2025-08-01 02:22:48,804 - SinkIdentifier - INFO - libxmo.so: 4 items loaded.
2025-08-01 02:22:48,805 - SinkIdentifier - INFO - libgcc_s.so.1: 5 items loaded.
2025-08-01 02:22:48,805 - SinkIdentifier - INFO - libm.so.0: 1 items loaded.
2025-08-01 02:38:01,606 - SinkIdentifier - INFO - Skipping libsutil.so: already exists in database.
2025-08-01 02:38:01,606 - SinkIdentifier - INFO - Skipping libproject.so: already exists in database.
2025-08-01 02:38:01,606 - SinkIdentifier - INFO - Skipping libipv6.so: already exists in database.
2025-08-01 02:38:01,606 - SinkIdentifier - INFO - Skipping libvct.so: already exists in database.
2025-08-01 02:38:01,606 - SinkIdentifier - INFO - Skipping libxmo.so: already exists in database.
2025-08-01 02:38:01,606 - SinkIdentifier - INFO - Skipping libm.so.0: already exists in database.
2025-08-01 02:38:01,606 - SinkIdentifier - INFO - Skipping libgcc_s.so.1: already exists in database.
2025-08-01 02:38:01,608 - SinkIdentifier - INFO - [libvct.so] Loaded successfully with 4 items.
2025-08-01 02:38:01,608 - SinkIdentifier - INFO - [libipv6.so] Loaded successfully with 16 items.
2025-08-01 02:38:01,608 - SinkIdentifier - INFO - [libproject.so] Loaded successfully with 8 items.
2025-08-01 02:38:01,608 - SinkIdentifier - INFO - [libsutil.so] Loaded successfully with 23 items.
2025-08-01 02:38:01,608 - SinkIdentifier - INFO - [libxmo.so] Loaded successfully with 4 items.
2025-08-01 02:38:01,608 - SinkIdentifier - INFO - [libgcc_s.so.1] Loaded successfully with 5 items.
2025-08-01 02:38:01,608 - SinkIdentifier - INFO - [libm.so.0] Loaded successfully with 1 items.
2025-08-01 02:38:30,609 - SinkIdentifier - INFO - libvct.so: 4 items loaded.
2025-08-01 02:38:30,609 - SinkIdentifier - INFO - libipv6.so: 16 items loaded.
2025-08-01 02:38:30,609 - SinkIdentifier - INFO - libproject.so: 8 items loaded.
2025-08-01 02:38:30,610 - SinkIdentifier - INFO - libsutil.so: 23 items loaded.
2025-08-01 02:38:30,610 - SinkIdentifier - INFO - libxmo.so: 4 items loaded.
2025-08-01 02:38:30,610 - SinkIdentifier - INFO - libgcc_s.so.1: 5 items loaded.
2025-08-01 02:38:30,610 - SinkIdentifier - INFO - libm.so.0: 1 items loaded.
2025-08-01 02:47:56,629 - SinkIdentifier - INFO - [libipv6.so] Loaded successfully with 17 items.
2025-08-01 02:47:56,629 - SinkIdentifier - INFO - [libproject.so] Loaded successfully with 8 items.
2025-08-01 02:47:56,629 - SinkIdentifier - INFO - [libvct.so] Loaded successfully with 9 items.
2025-08-01 02:47:56,629 - SinkIdentifier - INFO - [libsutil.so] Loaded successfully with 29 items.
2025-08-01 02:47:56,630 - SinkIdentifier - INFO - [libxmo.so] Loaded successfully with 4 items.
2025-08-01 02:47:56,630 - SinkIdentifier - INFO - [libm.so.0] Loaded successfully with 1 items.
2025-08-01 02:47:56,630 - SinkIdentifier - INFO - [libgcc_s.so.1] Loaded successfully with 5 items.
2025-08-01 02:48:27,050 - SinkIdentifier - INFO - libipv6.so: 17 items loaded.
2025-08-01 02:48:27,050 - SinkIdentifier - INFO - libproject.so: 8 items loaded.
2025-08-01 02:48:27,051 - SinkIdentifier - INFO - libvct.so: 9 items loaded.
2025-08-01 02:48:27,051 - SinkIdentifier - INFO - libsutil.so: 29 items loaded.
2025-08-01 02:48:27,051 - SinkIdentifier - INFO - libxmo.so: 4 items loaded.
2025-08-01 02:48:27,051 - SinkIdentifier - INFO - libm.so.0: 1 items loaded.
2025-08-01 02:48:27,051 - SinkIdentifier - INFO - libgcc_s.so.1: 5 items loaded.
2025-08-01 02:56:27,871 - SinkIdentifier - INFO - Skipping libsutil.so: already exists in database.
2025-08-01 02:56:27,871 - SinkIdentifier - INFO - Skipping libproject.so: already exists in database.
2025-08-01 02:56:27,871 - SinkIdentifier - INFO - Skipping libipv6.so: already exists in database.
2025-08-01 02:56:27,871 - SinkIdentifier - INFO - Skipping libvct.so: already exists in database.
2025-08-01 02:56:27,871 - SinkIdentifier - INFO - Skipping libxmo.so: already exists in database.
2025-08-01 02:56:27,871 - SinkIdentifier - INFO - Skipping libm.so.0: already exists in database.
2025-08-01 02:56:27,872 - SinkIdentifier - INFO - Skipping libgcc_s.so.1: already exists in database.
2025-08-01 02:56:27,873 - SinkIdentifier - INFO - [libipv6.so] Loaded successfully with 17 items.
2025-08-01 02:56:27,874 - SinkIdentifier - INFO - [libproject.so] Loaded successfully with 8 items.
2025-08-01 02:56:27,874 - SinkIdentifier - INFO - [libvct.so] Loaded successfully with 9 items.
2025-08-01 02:56:27,874 - SinkIdentifier - INFO - [libsutil.so] Loaded successfully with 29 items.
2025-08-01 02:56:27,874 - SinkIdentifier - INFO - [libxmo.so] Loaded successfully with 4 items.
2025-08-01 02:56:27,874 - SinkIdentifier - INFO - [libm.so.0] Loaded successfully with 1 items.
2025-08-01 02:56:27,874 - SinkIdentifier - INFO - [libgcc_s.so.1] Loaded successfully with 5 items.
2025-08-01 02:56:57,786 - SinkIdentifier - INFO - libipv6.so: 17 items loaded.
2025-08-01 02:56:57,786 - SinkIdentifier - INFO - libproject.so: 8 items loaded.
2025-08-01 02:56:57,786 - SinkIdentifier - INFO - libvct.so: 9 items loaded.
2025-08-01 02:56:57,787 - SinkIdentifier - INFO - libsutil.so: 29 items loaded.
2025-08-01 02:56:57,787 - SinkIdentifier - INFO - libxmo.so: 4 items loaded.
2025-08-01 02:56:57,787 - SinkIdentifier - INFO - libm.so.0: 1 items loaded.
2025-08-01 02:56:57,787 - SinkIdentifier - INFO - libgcc_s.so.1: 5 items loaded.
2025-08-01 02:59:18,037 - SinkIdentifier - INFO - Skipping libsutil.so: already exists in database.
2025-08-01 02:59:18,037 - SinkIdentifier - INFO - Skipping libproject.so: already exists in database.
2025-08-01 02:59:18,037 - SinkIdentifier - INFO - Skipping libipv6.so: already exists in database.
2025-08-01 02:59:18,037 - SinkIdentifier - INFO - Skipping libvct.so: already exists in database.
2025-08-01 02:59:18,037 - SinkIdentifier - INFO - Skipping libxmo.so: already exists in database.
2025-08-01 02:59:18,037 - SinkIdentifier - INFO - Skipping libm.so.0: already exists in database.
2025-08-01 02:59:18,037 - SinkIdentifier - INFO - Skipping libgcc_s.so.1: already exists in database.
2025-08-01 02:59:18,039 - SinkIdentifier - INFO - [libipv6.so] Loaded successfully with 17 items.
2025-08-01 02:59:18,039 - SinkIdentifier - INFO - [libproject.so] Loaded successfully with 8 items.
2025-08-01 02:59:18,039 - SinkIdentifier - INFO - [libvct.so] Loaded successfully with 9 items.
2025-08-01 02:59:18,039 - SinkIdentifier - INFO - [libsutil.so] Loaded successfully with 29 items.
2025-08-01 02:59:18,040 - SinkIdentifier - INFO - [libxmo.so] Loaded successfully with 4 items.
2025-08-01 02:59:18,041 - SinkIdentifier - INFO - [libm.so.0] Loaded successfully with 1 items.
2025-08-01 02:59:18,041 - SinkIdentifier - INFO - [libgcc_s.so.1] Loaded successfully with 5 items.
2025-08-01 02:59:48,855 - SinkIdentifier - INFO - libipv6.so: 17 items loaded.
2025-08-01 02:59:48,855 - SinkIdentifier - INFO - libproject.so: 8 items loaded.
2025-08-01 02:59:48,855 - SinkIdentifier - INFO - libvct.so: 9 items loaded.
2025-08-01 02:59:48,856 - SinkIdentifier - INFO - libsutil.so: 29 items loaded.
2025-08-01 02:59:48,856 - SinkIdentifier - INFO - libxmo.so: 4 items loaded.
2025-08-01 02:59:48,856 - SinkIdentifier - INFO - libm.so.0: 1 items loaded.
2025-08-01 02:59:48,856 - SinkIdentifier - INFO - libgcc_s.so.1: 5 items loaded.
2025-08-01 03:05:40,836 - SinkIdentifier - INFO - [libipv6.so] Loaded successfully with 17 items.
2025-08-01 03:05:40,836 - SinkIdentifier - INFO - [libvct.so] Loaded successfully with 9 items.
2025-08-01 03:05:40,837 - SinkIdentifier - INFO - [libsutil.so] Loaded successfully with 29 items.
2025-08-01 03:05:40,838 - SinkIdentifier - INFO - [libproject.so] Loaded successfully with 8 items.
2025-08-01 03:05:40,838 - SinkIdentifier - INFO - [libxmo.so] Loaded successfully with 4 items.
2025-08-01 03:05:40,838 - SinkIdentifier - INFO - [libm.so.0] Loaded successfully with 1 items.
2025-08-01 03:05:40,838 - SinkIdentifier - INFO - [libgcc_s.so.1] Loaded successfully with 5 items.
2025-08-01 03:06:12,161 - SinkIdentifier - INFO - libipv6.so: 17 items loaded.
2025-08-01 03:06:12,162 - SinkIdentifier - INFO - libvct.so: 9 items loaded.
2025-08-01 03:06:12,162 - SinkIdentifier - INFO - libsutil.so: 29 items loaded.
2025-08-01 03:06:12,162 - SinkIdentifier - INFO - libproject.so: 8 items loaded.
2025-08-01 03:06:12,162 - SinkIdentifier - INFO - libxmo.so: 4 items loaded.
2025-08-01 03:06:12,162 - SinkIdentifier - INFO - libm.so.0: 1 items loaded.
2025-08-01 03:06:12,162 - SinkIdentifier - INFO - libgcc_s.so.1: 5 items loaded.
2025-08-01 03:08:48,900 - SinkIdentifier - INFO - Skipping libsutil.so: already exists in database.
2025-08-01 03:08:48,900 - SinkIdentifier - INFO - Skipping libproject.so: already exists in database.
2025-08-01 03:08:48,900 - SinkIdentifier - INFO - Skipping libipv6.so: already exists in database.
2025-08-01 03:08:48,900 - SinkIdentifier - INFO - Skipping libvct.so: already exists in database.
2025-08-01 03:08:48,900 - SinkIdentifier - INFO - Skipping libxmo.so: already exists in database.
2025-08-01 03:08:48,901 - SinkIdentifier - INFO - Skipping libm.so.0: already exists in database.
2025-08-01 03:08:48,901 - SinkIdentifier - INFO - Skipping libgcc_s.so.1: already exists in database.
2025-08-01 03:08:48,902 - SinkIdentifier - INFO - [libipv6.so] Loaded successfully with 17 items.
2025-08-01 03:08:48,902 - SinkIdentifier - INFO - [libvct.so] Loaded successfully with 9 items.
2025-08-01 03:08:48,902 - SinkIdentifier - INFO - [libsutil.so] Loaded successfully with 29 items.
2025-08-01 03:08:48,902 - SinkIdentifier - INFO - [libproject.so] Loaded successfully with 8 items.
2025-08-01 03:08:48,902 - SinkIdentifier - INFO - [libxmo.so] Loaded successfully with 4 items.
2025-08-01 03:08:48,902 - SinkIdentifier - INFO - [libm.so.0] Loaded successfully with 1 items.
2025-08-01 03:08:48,903 - SinkIdentifier - INFO - [libgcc_s.so.1] Loaded successfully with 5 items.
2025-08-01 03:09:19,814 - SinkIdentifier - INFO - libipv6.so: 17 items loaded.
2025-08-01 03:09:19,814 - SinkIdentifier - INFO - libvct.so: 9 items loaded.
2025-08-01 03:09:19,815 - SinkIdentifier - INFO - libsutil.so: 29 items loaded.
2025-08-01 03:09:19,815 - SinkIdentifier - INFO - libproject.so: 8 items loaded.
2025-08-01 03:09:19,815 - SinkIdentifier - INFO - libxmo.so: 4 items loaded.
2025-08-01 03:09:19,815 - SinkIdentifier - INFO - libm.so.0: 1 items loaded.
2025-08-01 03:09:19,815 - SinkIdentifier - INFO - libgcc_s.so.1: 5 items loaded.
2025-08-01 06:45:25,120 - SinkIdentifier - INFO - Skipping libsutil.so: already exists in database.
2025-08-01 06:45:25,121 - SinkIdentifier - INFO - Skipping libproject.so: already exists in database.
2025-08-01 06:45:25,121 - SinkIdentifier - INFO - Skipping libipv6.so: already exists in database.
2025-08-01 06:45:25,121 - SinkIdentifier - INFO - Skipping libvct.so: already exists in database.
2025-08-01 06:45:25,121 - SinkIdentifier - INFO - Skipping libxmo.so: already exists in database.
2025-08-01 06:45:25,121 - SinkIdentifier - INFO - Skipping libm.so.0: already exists in database.
2025-08-01 06:45:25,121 - SinkIdentifier - INFO - Skipping libgcc_s.so.1: already exists in database.
2025-08-01 06:45:25,122 - SinkIdentifier - INFO - [libipv6.so] Loaded successfully with 17 items.
2025-08-01 06:45:25,122 - SinkIdentifier - INFO - [libvct.so] Loaded successfully with 9 items.
2025-08-01 06:45:25,123 - SinkIdentifier - INFO - [libsutil.so] Loaded successfully with 29 items.
2025-08-01 06:45:25,124 - SinkIdentifier - INFO - [libproject.so] Loaded successfully with 8 items.
2025-08-01 06:45:25,124 - SinkIdentifier - INFO - [libxmo.so] Loaded successfully with 4 items.
2025-08-01 06:45:25,124 - SinkIdentifier - INFO - [libm.so.0] Loaded successfully with 1 items.
2025-08-01 06:45:25,124 - SinkIdentifier - INFO - [libgcc_s.so.1] Loaded successfully with 5 items.
2025-08-01 06:45:55,931 - SinkIdentifier - INFO - libipv6.so: 17 items loaded.
2025-08-01 06:45:55,931 - SinkIdentifier - INFO - libvct.so: 9 items loaded.
2025-08-01 06:45:55,931 - SinkIdentifier - INFO - libsutil.so: 29 items loaded.
2025-08-01 06:45:55,931 - SinkIdentifier - INFO - libproject.so: 8 items loaded.
2025-08-01 06:45:55,931 - SinkIdentifier - INFO - libxmo.so: 4 items loaded.
2025-08-01 06:45:55,931 - SinkIdentifier - INFO - libm.so.0: 1 items loaded.
2025-08-01 06:45:55,932 - SinkIdentifier - INFO - libgcc_s.so.1: 5 items loaded.
2025-08-01 08:17:58,326 - SinkIdentifier - INFO - [libipv6.so] Loaded successfully with 2 items.
2025-08-01 08:17:58,327 - SinkIdentifier - INFO - [libvct.so] Loaded successfully with 2 items.
2025-08-01 08:17:58,327 - SinkIdentifier - INFO - [libproject.so] Loaded successfully with 2 items.
2025-08-01 08:17:58,327 - SinkIdentifier - INFO - [libsutil.so] Loaded successfully with 5 items.
2025-08-01 08:17:58,327 - SinkIdentifier - INFO - [libxmo.so] Loaded successfully with 0 items.
2025-08-01 08:17:58,327 - SinkIdentifier - INFO - [libm.so.0] Loaded successfully with 0 items.
2025-08-01 08:17:58,327 - SinkIdentifier - INFO - [libgcc_s.so.1] Loaded successfully with 0 items.
2025-08-01 08:18:12,793 - SinkIdentifier - INFO - libipv6.so: 2 items loaded.
2025-08-01 08:18:12,794 - SinkIdentifier - INFO - libvct.so: 2 items loaded.
2025-08-01 08:18:12,794 - SinkIdentifier - INFO - libproject.so: 2 items loaded.
2025-08-01 08:18:12,794 - SinkIdentifier - INFO - libsutil.so: 5 items loaded.
2025-08-01 08:18:12,794 - SinkIdentifier - INFO - libxmo.so: 0 items loaded.
2025-08-01 08:18:12,794 - SinkIdentifier - INFO - libm.so.0: 0 items loaded.
2025-08-01 08:18:12,794 - SinkIdentifier - INFO - libgcc_s.so.1: 0 items loaded.
2025-08-02 22:13:15,886 - SinkIdentifier - INFO - Skipping libsutil.so: already exists in database.
2025-08-02 22:13:15,886 - SinkIdentifier - INFO - Skipping libproject.so: already exists in database.
2025-08-02 22:13:15,886 - SinkIdentifier - INFO - Skipping libipv6.so: already exists in database.
2025-08-02 22:13:15,886 - SinkIdentifier - INFO - Skipping libvct.so: already exists in database.
2025-08-02 22:13:15,886 - SinkIdentifier - INFO - Skipping libxmo.so: already exists in database.
2025-08-02 22:13:15,886 - SinkIdentifier - INFO - Skipping libm.so.0: already exists in database.
2025-08-02 22:13:15,886 - SinkIdentifier - INFO - Skipping libgcc_s.so.1: already exists in database.
2025-08-02 22:13:15,888 - SinkIdentifier - INFO - [libipv6.so] Loaded successfully with 2 items.
2025-08-02 22:13:15,888 - SinkIdentifier - INFO - [libvct.so] Loaded successfully with 2 items.
2025-08-02 22:13:15,890 - SinkIdentifier - INFO - [libproject.so] Loaded successfully with 2 items.
2025-08-02 22:13:15,890 - SinkIdentifier - INFO - [libsutil.so] Loaded successfully with 5 items.
2025-08-02 22:13:15,890 - SinkIdentifier - INFO - [libxmo.so] Loaded successfully with 0 items.
2025-08-02 22:13:15,890 - SinkIdentifier - INFO - [libm.so.0] Loaded successfully with 0 items.
2025-08-02 22:13:15,890 - SinkIdentifier - INFO - [libgcc_s.so.1] Loaded successfully with 0 items.
2025-08-02 22:13:35,321 - SinkIdentifier - INFO - libipv6.so: 2 items loaded.
2025-08-02 22:13:35,321 - SinkIdentifier - INFO - libvct.so: 2 items loaded.
2025-08-02 22:13:35,321 - SinkIdentifier - INFO - libproject.so: 2 items loaded.
2025-08-02 22:13:35,321 - SinkIdentifier - INFO - libsutil.so: 5 items loaded.
2025-08-02 22:13:35,321 - SinkIdentifier - INFO - libxmo.so: 0 items loaded.
2025-08-02 22:13:35,322 - SinkIdentifier - INFO - libm.so.0: 0 items loaded.
2025-08-02 22:13:35,322 - SinkIdentifier - INFO - libgcc_s.so.1: 0 items loaded.
2025-08-02 22:15:39,969 - SinkIdentifier - INFO - Skipping libsutil.so: already exists in database.
2025-08-02 22:15:39,969 - SinkIdentifier - INFO - Skipping libproject.so: already exists in database.
2025-08-02 22:15:39,970 - SinkIdentifier - INFO - Skipping libipv6.so: already exists in database.
2025-08-02 22:15:39,970 - SinkIdentifier - INFO - Skipping libvct.so: already exists in database.
2025-08-02 22:15:39,970 - SinkIdentifier - INFO - Skipping libxmo.so: already exists in database.
2025-08-02 22:15:39,970 - SinkIdentifier - INFO - Skipping libm.so.0: already exists in database.
2025-08-02 22:15:39,970 - SinkIdentifier - INFO - Skipping libgcc_s.so.1: already exists in database.
2025-08-02 22:15:39,971 - SinkIdentifier - INFO - [libipv6.so] Loaded successfully with 2 items.
2025-08-02 22:15:39,971 - SinkIdentifier - INFO - [libvct.so] Loaded successfully with 2 items.
2025-08-02 22:15:39,971 - SinkIdentifier - INFO - [libproject.so] Loaded successfully with 2 items.
2025-08-02 22:15:39,971 - SinkIdentifier - INFO - [libsutil.so] Loaded successfully with 5 items.
2025-08-02 22:15:39,971 - SinkIdentifier - INFO - [libxmo.so] Loaded successfully with 0 items.
2025-08-02 22:15:39,972 - SinkIdentifier - INFO - [libm.so.0] Loaded successfully with 0 items.
2025-08-02 22:15:39,972 - SinkIdentifier - INFO - [libgcc_s.so.1] Loaded successfully with 0 items.
2025-08-02 22:15:54,094 - SinkIdentifier - INFO - libipv6.so: 2 items loaded.
2025-08-02 22:15:54,095 - SinkIdentifier - INFO - libvct.so: 2 items loaded.
2025-08-02 22:15:54,095 - SinkIdentifier - INFO - libproject.so: 2 items loaded.
2025-08-02 22:15:54,095 - SinkIdentifier - INFO - libsutil.so: 5 items loaded.
2025-08-02 22:15:54,095 - SinkIdentifier - INFO - libxmo.so: 0 items loaded.
2025-08-02 22:15:54,095 - SinkIdentifier - INFO - libm.so.0: 0 items loaded.
2025-08-02 22:15:54,095 - SinkIdentifier - INFO - libgcc_s.so.1: 0 items loaded.
2025-08-02 22:28:19,953 - SinkIdentifier - INFO - Skipping libsutil.so: already exists in database.
2025-08-02 22:28:19,953 - SinkIdentifier - INFO - Skipping libproject.so: already exists in database.
2025-08-02 22:28:19,953 - SinkIdentifier - INFO - Skipping libipv6.so: already exists in database.
2025-08-02 22:28:19,953 - SinkIdentifier - INFO - Skipping libvct.so: already exists in database.
2025-08-02 22:28:19,953 - SinkIdentifier - INFO - Skipping libxmo.so: already exists in database.
2025-08-02 22:28:19,953 - SinkIdentifier - INFO - Skipping libm.so.0: already exists in database.
2025-08-02 22:28:19,953 - SinkIdentifier - INFO - Skipping libgcc_s.so.1: already exists in database.
2025-08-02 22:28:19,954 - SinkIdentifier - INFO - [libipv6.so] Loaded successfully with 2 items.
2025-08-02 22:28:19,954 - SinkIdentifier - INFO - [libvct.so] Loaded successfully with 2 items.
2025-08-02 22:28:19,954 - SinkIdentifier - INFO - [libproject.so] Loaded successfully with 2 items.
2025-08-02 22:28:19,955 - SinkIdentifier - INFO - [libsutil.so] Loaded successfully with 5 items.
2025-08-02 22:28:19,955 - SinkIdentifier - INFO - [libxmo.so] Loaded successfully with 0 items.
2025-08-02 22:28:19,955 - SinkIdentifier - INFO - [libm.so.0] Loaded successfully with 0 items.
2025-08-02 22:28:19,955 - SinkIdentifier - INFO - [libgcc_s.so.1] Loaded successfully with 0 items.
2025-08-02 22:28:34,544 - SinkIdentifier - INFO - libipv6.so: 2 items loaded.
2025-08-02 22:28:34,544 - SinkIdentifier - INFO - libvct.so: 2 items loaded.
2025-08-02 22:28:34,544 - SinkIdentifier - INFO - libproject.so: 2 items loaded.
2025-08-02 22:28:34,544 - SinkIdentifier - INFO - libsutil.so: 5 items loaded.
2025-08-02 22:28:34,544 - SinkIdentifier - INFO - libxmo.so: 0 items loaded.
2025-08-02 22:28:34,545 - SinkIdentifier - INFO - libm.so.0: 0 items loaded.
2025-08-02 22:28:34,545 - SinkIdentifier - INFO - libgcc_s.so.1: 0 items loaded.
2025-08-02 22:47:56,532 - SinkIdentifier - INFO - Skipping libsutil.so: already exists in database.
2025-08-02 22:47:56,532 - SinkIdentifier - INFO - Skipping libproject.so: already exists in database.
2025-08-02 22:47:56,532 - SinkIdentifier - INFO - Skipping libipv6.so: already exists in database.
2025-08-02 22:47:56,532 - SinkIdentifier - INFO - Skipping libvct.so: already exists in database.
2025-08-02 22:47:56,532 - SinkIdentifier - INFO - Skipping libxmo.so: already exists in database.
2025-08-02 22:47:56,533 - SinkIdentifier - INFO - Skipping libm.so.0: already exists in database.
2025-08-02 22:47:56,533 - SinkIdentifier - INFO - Skipping libgcc_s.so.1: already exists in database.
2025-08-02 22:47:56,534 - SinkIdentifier - INFO - [libipv6.so] Loaded successfully with 2 items.
2025-08-02 22:47:56,534 - SinkIdentifier - INFO - [libvct.so] Loaded successfully with 2 items.
2025-08-02 22:47:56,534 - SinkIdentifier - INFO - [libproject.so] Loaded successfully with 2 items.
2025-08-02 22:47:56,534 - SinkIdentifier - INFO - [libsutil.so] Loaded successfully with 5 items.
2025-08-02 22:47:56,534 - SinkIdentifier - INFO - [libxmo.so] Loaded successfully with 0 items.
2025-08-02 22:47:56,534 - SinkIdentifier - INFO - [libm.so.0] Loaded successfully with 0 items.
2025-08-02 22:47:56,534 - SinkIdentifier - INFO - [libgcc_s.so.1] Loaded successfully with 0 items.
2025-08-02 22:48:10,128 - SinkIdentifier - INFO - libipv6.so: 2 items loaded.
2025-08-02 22:48:10,128 - SinkIdentifier - INFO - libvct.so: 2 items loaded.
2025-08-02 22:48:10,129 - SinkIdentifier - INFO - libproject.so: 2 items loaded.
2025-08-02 22:48:10,129 - SinkIdentifier - INFO - libsutil.so: 5 items loaded.
2025-08-02 22:48:10,129 - SinkIdentifier - INFO - libxmo.so: 0 items loaded.
2025-08-02 22:48:10,129 - SinkIdentifier - INFO - libm.so.0: 0 items loaded.
2025-08-02 22:48:10,129 - SinkIdentifier - INFO - libgcc_s.so.1: 0 items loaded.
2025-08-02 23:24:07,225 - SinkIdentifier - INFO - Skipping libsutil.so: already exists in database.
2025-08-02 23:24:07,226 - SinkIdentifier - INFO - Skipping libproject.so: already exists in database.
2025-08-02 23:24:07,226 - SinkIdentifier - INFO - Skipping libipv6.so: already exists in database.
2025-08-02 23:24:07,226 - SinkIdentifier - INFO - Skipping libvct.so: already exists in database.
2025-08-02 23:24:07,226 - SinkIdentifier - INFO - Skipping libxmo.so: already exists in database.
2025-08-02 23:24:07,226 - SinkIdentifier - INFO - Skipping libm.so.0: already exists in database.
2025-08-02 23:24:07,227 - SinkIdentifier - INFO - Skipping libgcc_s.so.1: already exists in database.
2025-08-02 23:24:07,228 - SinkIdentifier - INFO - [libipv6.so] Loaded successfully with 2 items.
2025-08-02 23:24:07,229 - SinkIdentifier - INFO - [libvct.so] Loaded successfully with 2 items.
2025-08-02 23:24:07,230 - SinkIdentifier - INFO - [libproject.so] Loaded successfully with 2 items.
2025-08-02 23:24:07,230 - SinkIdentifier - INFO - [libsutil.so] Loaded successfully with 5 items.
2025-08-02 23:24:07,230 - SinkIdentifier - INFO - [libxmo.so] Loaded successfully with 0 items.
2025-08-02 23:24:07,230 - SinkIdentifier - INFO - [libm.so.0] Loaded successfully with 0 items.
2025-08-02 23:24:07,230 - SinkIdentifier - INFO - [libgcc_s.so.1] Loaded successfully with 0 items.
2025-08-02 23:24:21,774 - SinkIdentifier - INFO - libipv6.so: 2 items loaded.
2025-08-02 23:24:21,774 - SinkIdentifier - INFO - libvct.so: 2 items loaded.
2025-08-02 23:24:21,774 - SinkIdentifier - INFO - libproject.so: 2 items loaded.
2025-08-02 23:24:21,774 - SinkIdentifier - INFO - libsutil.so: 5 items loaded.
2025-08-02 23:24:21,774 - SinkIdentifier - INFO - libxmo.so: 0 items loaded.
2025-08-02 23:24:21,775 - SinkIdentifier - INFO - libm.so.0: 0 items loaded.
2025-08-02 23:24:21,775 - SinkIdentifier - INFO - libgcc_s.so.1: 0 items loaded.
2025-08-02 23:33:17,087 - SinkIdentifier - INFO - Skipping libsutil.so: already exists in database.
2025-08-02 23:33:17,090 - SinkIdentifier - INFO - Skipping libproject.so: already exists in database.
2025-08-02 23:33:17,090 - SinkIdentifier - INFO - Skipping libipv6.so: already exists in database.
2025-08-02 23:33:17,090 - SinkIdentifier - INFO - Skipping libvct.so: already exists in database.
2025-08-02 23:33:17,090 - SinkIdentifier - INFO - Skipping libxmo.so: already exists in database.
2025-08-02 23:33:17,090 - SinkIdentifier - INFO - Skipping libm.so.0: already exists in database.
2025-08-02 23:33:17,090 - SinkIdentifier - INFO - Skipping libgcc_s.so.1: already exists in database.
2025-08-02 23:33:17,092 - SinkIdentifier - INFO - [libipv6.so] Loaded successfully with 2 items.
2025-08-02 23:33:17,092 - SinkIdentifier - INFO - [libvct.so] Loaded successfully with 2 items.
2025-08-02 23:33:17,092 - SinkIdentifier - INFO - [libproject.so] Loaded successfully with 2 items.
2025-08-02 23:33:17,092 - SinkIdentifier - INFO - [libsutil.so] Loaded successfully with 5 items.
2025-08-02 23:33:17,092 - SinkIdentifier - INFO - [libxmo.so] Loaded successfully with 0 items.
2025-08-02 23:33:17,092 - SinkIdentifier - INFO - [libm.so.0] Loaded successfully with 0 items.
2025-08-02 23:33:17,092 - SinkIdentifier - INFO - [libgcc_s.so.1] Loaded successfully with 0 items.
2025-08-02 23:33:31,408 - SinkIdentifier - INFO - libipv6.so: 2 items loaded.
2025-08-02 23:33:31,408 - SinkIdentifier - INFO - libvct.so: 2 items loaded.
2025-08-02 23:33:31,408 - SinkIdentifier - INFO - libproject.so: 2 items loaded.
2025-08-02 23:33:31,409 - SinkIdentifier - INFO - libsutil.so: 5 items loaded.
2025-08-02 23:33:31,409 - SinkIdentifier - INFO - libxmo.so: 0 items loaded.
2025-08-02 23:33:31,409 - SinkIdentifier - INFO - libm.so.0: 0 items loaded.
2025-08-02 23:33:31,409 - SinkIdentifier - INFO - libgcc_s.so.1: 0 items loaded.
2025-08-03 00:20:42,445 - SinkIdentifier - INFO - Skipping libsutil.so: already exists in database.
2025-08-03 00:20:42,446 - SinkIdentifier - INFO - Skipping libproject.so: already exists in database.
2025-08-03 00:20:42,446 - SinkIdentifier - INFO - Skipping libipv6.so: already exists in database.
2025-08-03 00:20:42,446 - SinkIdentifier - INFO - Skipping libvct.so: already exists in database.
2025-08-03 00:20:42,446 - SinkIdentifier - INFO - Skipping libxmo.so: already exists in database.
2025-08-03 00:20:42,447 - SinkIdentifier - INFO - Skipping libm.so.0: already exists in database.
2025-08-03 00:20:42,447 - SinkIdentifier - INFO - Skipping libgcc_s.so.1: already exists in database.
2025-08-03 00:20:42,448 - SinkIdentifier - INFO - [libipv6.so] Loaded successfully with 2 items.
2025-08-03 00:20:42,448 - SinkIdentifier - INFO - [libvct.so] Loaded successfully with 2 items.
2025-08-03 00:20:42,448 - SinkIdentifier - INFO - [libproject.so] Loaded successfully with 2 items.
2025-08-03 00:20:42,448 - SinkIdentifier - INFO - [libsutil.so] Loaded successfully with 5 items.
2025-08-03 00:20:42,448 - SinkIdentifier - INFO - [libxmo.so] Loaded successfully with 0 items.
2025-08-03 00:20:42,448 - SinkIdentifier - INFO - [libm.so.0] Loaded successfully with 0 items.
2025-08-03 00:20:42,449 - SinkIdentifier - INFO - [libgcc_s.so.1] Loaded successfully with 0 items.
2025-08-03 00:20:56,366 - SinkIdentifier - INFO - libipv6.so: 2 items loaded.
2025-08-03 00:20:56,367 - SinkIdentifier - INFO - libvct.so: 2 items loaded.
2025-08-03 00:20:56,367 - SinkIdentifier - INFO - libproject.so: 2 items loaded.
2025-08-03 00:20:56,367 - SinkIdentifier - INFO - libsutil.so: 5 items loaded.
2025-08-03 00:20:56,367 - SinkIdentifier - INFO - libxmo.so: 0 items loaded.
2025-08-03 00:20:56,368 - SinkIdentifier - INFO - libm.so.0: 0 items loaded.
2025-08-03 00:20:56,368 - SinkIdentifier - INFO - libgcc_s.so.1: 0 items loaded.
2025-08-03 00:27:46,883 - SinkIdentifier - INFO - Skipping libsutil.so: already exists in database.
2025-08-03 00:27:46,883 - SinkIdentifier - INFO - Skipping libproject.so: already exists in database.
2025-08-03 00:27:46,883 - SinkIdentifier - INFO - Skipping libipv6.so: already exists in database.
2025-08-03 00:27:46,883 - SinkIdentifier - INFO - Skipping libvct.so: already exists in database.
2025-08-03 00:27:46,884 - SinkIdentifier - INFO - Skipping libxmo.so: already exists in database.
2025-08-03 00:27:46,884 - SinkIdentifier - INFO - Skipping libm.so.0: already exists in database.
2025-08-03 00:27:46,884 - SinkIdentifier - INFO - Skipping libgcc_s.so.1: already exists in database.
2025-08-03 00:27:46,886 - SinkIdentifier - INFO - [libipv6.so] Loaded successfully with 2 items.
2025-08-03 00:27:46,886 - SinkIdentifier - INFO - [libvct.so] Loaded successfully with 2 items.
2025-08-03 00:27:46,886 - SinkIdentifier - INFO - [libproject.so] Loaded successfully with 2 items.
2025-08-03 00:27:46,886 - SinkIdentifier - INFO - [libsutil.so] Loaded successfully with 5 items.
2025-08-03 00:27:46,886 - SinkIdentifier - INFO - [libxmo.so] Loaded successfully with 0 items.
2025-08-03 00:27:46,886 - SinkIdentifier - INFO - [libm.so.0] Loaded successfully with 0 items.
2025-08-03 00:27:46,887 - SinkIdentifier - INFO - [libgcc_s.so.1] Loaded successfully with 0 items.
2025-08-03 00:28:01,077 - SinkIdentifier - INFO - libipv6.so: 2 items loaded.
2025-08-03 00:28:01,078 - SinkIdentifier - INFO - libvct.so: 2 items loaded.
2025-08-03 00:28:01,078 - SinkIdentifier - INFO - libproject.so: 2 items loaded.
2025-08-03 00:28:01,078 - SinkIdentifier - INFO - libsutil.so: 5 items loaded.
2025-08-03 00:28:01,078 - SinkIdentifier - INFO - libxmo.so: 0 items loaded.
2025-08-03 00:28:01,078 - SinkIdentifier - INFO - libm.so.0: 0 items loaded.
2025-08-03 00:28:01,079 - SinkIdentifier - INFO - libgcc_s.so.1: 0 items loaded.
2025-08-03 06:21:11,070 - SinkIdentifier - INFO - Skipping libsutil.so: already exists in database.
2025-08-03 06:21:11,071 - SinkIdentifier - INFO - Skipping libproject.so: already exists in database.
2025-08-03 06:21:11,071 - SinkIdentifier - INFO - Skipping libipv6.so: already exists in database.
2025-08-03 06:21:11,071 - SinkIdentifier - INFO - Skipping libvct.so: already exists in database.
2025-08-03 06:21:11,071 - SinkIdentifier - INFO - Skipping libxmo.so: already exists in database.
2025-08-03 06:21:11,071 - SinkIdentifier - INFO - Skipping libm.so.0: already exists in database.
2025-08-03 06:21:11,071 - SinkIdentifier - INFO - Skipping libgcc_s.so.1: already exists in database.
2025-08-03 06:21:11,073 - SinkIdentifier - INFO - [libipv6.so] Loaded successfully with 2 items.
2025-08-03 06:21:11,073 - SinkIdentifier - INFO - [libvct.so] Loaded successfully with 2 items.
2025-08-03 06:21:11,073 - SinkIdentifier - INFO - [libproject.so] Loaded successfully with 2 items.
2025-08-03 06:21:11,074 - SinkIdentifier - INFO - [libsutil.so] Loaded successfully with 5 items.
2025-08-03 06:21:11,074 - SinkIdentifier - INFO - [libxmo.so] Loaded successfully with 0 items.
2025-08-03 06:21:11,074 - SinkIdentifier - INFO - [libm.so.0] Loaded successfully with 0 items.
2025-08-03 06:21:11,074 - SinkIdentifier - INFO - [libgcc_s.so.1] Loaded successfully with 0 items.
2025-08-03 06:21:28,148 - SinkIdentifier - INFO - libipv6.so: 2 items loaded.
2025-08-03 06:21:28,148 - SinkIdentifier - INFO - libvct.so: 2 items loaded.
2025-08-03 06:21:28,149 - SinkIdentifier - INFO - libproject.so: 2 items loaded.
2025-08-03 06:21:28,149 - SinkIdentifier - INFO - libsutil.so: 5 items loaded.
2025-08-03 06:21:28,149 - SinkIdentifier - INFO - libxmo.so: 0 items loaded.
2025-08-03 06:21:28,149 - SinkIdentifier - INFO - libm.so.0: 0 items loaded.
2025-08-03 06:21:28,149 - SinkIdentifier - INFO - libgcc_s.so.1: 0 items loaded.
2025-08-03 07:11:00,628 - SinkIdentifier - INFO - Skipping libsutil.so: already exists in database.
2025-08-03 07:11:00,629 - SinkIdentifier - INFO - Skipping libproject.so: already exists in database.
2025-08-03 07:11:00,629 - SinkIdentifier - INFO - Skipping libipv6.so: already exists in database.
2025-08-03 07:11:00,629 - SinkIdentifier - INFO - Skipping libvct.so: already exists in database.
2025-08-03 07:11:00,629 - SinkIdentifier - INFO - Skipping libxmo.so: already exists in database.
2025-08-03 07:11:00,629 - SinkIdentifier - INFO - Skipping libm.so.0: already exists in database.
2025-08-03 07:11:00,629 - SinkIdentifier - INFO - Skipping libgcc_s.so.1: already exists in database.
2025-08-03 07:11:00,630 - SinkIdentifier - INFO - [libipv6.so] Loaded successfully with 2 items.
2025-08-03 07:11:00,630 - SinkIdentifier - INFO - [libvct.so] Loaded successfully with 2 items.
2025-08-03 07:11:00,630 - SinkIdentifier - INFO - [libproject.so] Loaded successfully with 2 items.
2025-08-03 07:11:00,630 - SinkIdentifier - INFO - [libsutil.so] Loaded successfully with 5 items.
2025-08-03 07:11:00,630 - SinkIdentifier - INFO - [libxmo.so] Loaded successfully with 0 items.
2025-08-03 07:11:00,630 - SinkIdentifier - INFO - [libm.so.0] Loaded successfully with 0 items.
2025-08-03 07:11:00,630 - SinkIdentifier - INFO - [libgcc_s.so.1] Loaded successfully with 0 items.
2025-08-03 07:11:18,469 - SinkIdentifier - INFO - libipv6.so: 2 items loaded.
2025-08-03 07:11:18,470 - SinkIdentifier - INFO - libvct.so: 2 items loaded.
2025-08-03 07:11:18,470 - SinkIdentifier - INFO - libproject.so: 2 items loaded.
2025-08-03 07:11:18,470 - SinkIdentifier - INFO - libsutil.so: 5 items loaded.
2025-08-03 07:11:18,470 - SinkIdentifier - INFO - libxmo.so: 0 items loaded.
2025-08-03 07:11:18,470 - SinkIdentifier - INFO - libm.so.0: 0 items loaded.
2025-08-03 07:11:18,471 - SinkIdentifier - INFO - libgcc_s.so.1: 0 items loaded.
2025-08-03 07:19:28,223 - SinkIdentifier - INFO - Skipping libsutil.so: already exists in database.
2025-08-03 07:19:28,223 - SinkIdentifier - INFO - Skipping libproject.so: already exists in database.
2025-08-03 07:19:28,223 - SinkIdentifier - INFO - Skipping libipv6.so: already exists in database.
2025-08-03 07:19:28,223 - SinkIdentifier - INFO - Skipping libvct.so: already exists in database.
2025-08-03 07:19:28,223 - SinkIdentifier - INFO - Skipping libxmo.so: already exists in database.
2025-08-03 07:19:28,223 - SinkIdentifier - INFO - Skipping libm.so.0: already exists in database.
2025-08-03 07:19:28,223 - SinkIdentifier - INFO - Skipping libgcc_s.so.1: already exists in database.
2025-08-03 07:19:28,224 - SinkIdentifier - INFO - [libipv6.so] Loaded successfully with 2 items.
2025-08-03 07:19:28,225 - SinkIdentifier - INFO - [libvct.so] Loaded successfully with 2 items.
2025-08-03 07:19:28,225 - SinkIdentifier - INFO - [libproject.so] Loaded successfully with 2 items.
2025-08-03 07:19:28,225 - SinkIdentifier - INFO - [libsutil.so] Loaded successfully with 5 items.
2025-08-03 07:19:28,226 - SinkIdentifier - INFO - [libxmo.so] Loaded successfully with 0 items.
2025-08-03 07:19:28,226 - SinkIdentifier - INFO - [libm.so.0] Loaded successfully with 0 items.
2025-08-03 07:19:28,226 - SinkIdentifier - INFO - [libgcc_s.so.1] Loaded successfully with 0 items.
2025-08-03 07:19:47,998 - SinkIdentifier - INFO - libipv6.so: 2 items loaded.
2025-08-03 07:19:47,998 - SinkIdentifier - INFO - libvct.so: 2 items loaded.
2025-08-03 07:19:47,998 - SinkIdentifier - INFO - libproject.so: 2 items loaded.
2025-08-03 07:19:47,998 - SinkIdentifier - INFO - libsutil.so: 5 items loaded.
2025-08-03 07:19:47,998 - SinkIdentifier - INFO - libxmo.so: 0 items loaded.
2025-08-03 07:19:47,999 - SinkIdentifier - INFO - libm.so.0: 0 items loaded.
2025-08-03 07:19:47,999 - SinkIdentifier - INFO - libgcc_s.so.1: 0 items loaded.
2025-08-03 07:31:54,880 - SinkIdentifier - INFO - Skipping libsutil.so: already exists in database.
2025-08-03 07:31:54,880 - SinkIdentifier - INFO - Skipping libproject.so: already exists in database.
2025-08-03 07:31:54,880 - SinkIdentifier - INFO - Skipping libipv6.so: already exists in database.
2025-08-03 07:31:54,880 - SinkIdentifier - INFO - Skipping libvct.so: already exists in database.
2025-08-03 07:31:54,880 - SinkIdentifier - INFO - Skipping libxmo.so: already exists in database.
2025-08-03 07:31:54,881 - SinkIdentifier - INFO - Skipping libm.so.0: already exists in database.
2025-08-03 07:31:54,881 - SinkIdentifier - INFO - Skipping libgcc_s.so.1: already exists in database.
2025-08-03 07:31:54,882 - SinkIdentifier - INFO - [libipv6.so] Loaded successfully with 2 items.
2025-08-03 07:31:54,882 - SinkIdentifier - INFO - [libvct.so] Loaded successfully with 2 items.
2025-08-03 07:31:54,882 - SinkIdentifier - INFO - [libproject.so] Loaded successfully with 2 items.
2025-08-03 07:31:54,882 - SinkIdentifier - INFO - [libsutil.so] Loaded successfully with 5 items.
2025-08-03 07:31:54,882 - SinkIdentifier - INFO - [libxmo.so] Loaded successfully with 0 items.
2025-08-03 07:31:54,882 - SinkIdentifier - INFO - [libm.so.0] Loaded successfully with 0 items.
2025-08-03 07:31:54,883 - SinkIdentifier - INFO - [libgcc_s.so.1] Loaded successfully with 0 items.
2025-08-03 07:32:09,681 - SinkIdentifier - INFO - libipv6.so: 2 items loaded.
2025-08-03 07:32:09,683 - SinkIdentifier - INFO - libvct.so: 2 items loaded.
2025-08-03 07:32:09,683 - SinkIdentifier - INFO - libproject.so: 2 items loaded.
2025-08-03 07:32:09,684 - SinkIdentifier - INFO - libsutil.so: 5 items loaded.
2025-08-03 07:32:09,684 - SinkIdentifier - INFO - libxmo.so: 0 items loaded.
2025-08-03 07:32:09,684 - SinkIdentifier - INFO - libm.so.0: 0 items loaded.
2025-08-03 07:32:09,684 - SinkIdentifier - INFO - libgcc_s.so.1: 0 items loaded.
2025-08-03 07:50:18,194 - SinkIdentifier - INFO - Skipping libsutil.so: already exists in database.
2025-08-03 07:50:18,194 - SinkIdentifier - INFO - Skipping libproject.so: already exists in database.
2025-08-03 07:50:18,195 - SinkIdentifier - INFO - Skipping libipv6.so: already exists in database.
2025-08-03 07:50:18,195 - SinkIdentifier - INFO - Skipping libvct.so: already exists in database.
2025-08-03 07:50:18,195 - SinkIdentifier - INFO - Skipping libxmo.so: already exists in database.
2025-08-03 07:50:18,196 - SinkIdentifier - INFO - Skipping libm.so.0: already exists in database.
2025-08-03 07:50:18,196 - SinkIdentifier - INFO - Skipping libgcc_s.so.1: already exists in database.
2025-08-03 07:50:18,198 - SinkIdentifier - INFO - [libipv6.so] Loaded successfully with 2 items.
2025-08-03 07:50:18,198 - SinkIdentifier - INFO - [libvct.so] Loaded successfully with 2 items.
2025-08-03 07:50:18,198 - SinkIdentifier - INFO - [libproject.so] Loaded successfully with 2 items.
2025-08-03 07:50:18,198 - SinkIdentifier - INFO - [libsutil.so] Loaded successfully with 5 items.
2025-08-03 07:50:18,198 - SinkIdentifier - INFO - [libxmo.so] Loaded successfully with 0 items.
2025-08-03 07:50:18,199 - SinkIdentifier - INFO - [libm.so.0] Loaded successfully with 0 items.
2025-08-03 07:50:18,199 - SinkIdentifier - INFO - [libgcc_s.so.1] Loaded successfully with 0 items.
2025-08-03 07:50:34,442 - SinkIdentifier - INFO - libipv6.so: 2 items loaded.
2025-08-03 07:50:34,442 - SinkIdentifier - INFO - libvct.so: 2 items loaded.
2025-08-03 07:50:34,442 - SinkIdentifier - INFO - libproject.so: 2 items loaded.
2025-08-03 07:50:34,443 - SinkIdentifier - INFO - libsutil.so: 5 items loaded.
2025-08-03 07:50:34,443 - SinkIdentifier - INFO - libxmo.so: 0 items loaded.
2025-08-03 07:50:34,443 - SinkIdentifier - INFO - libm.so.0: 0 items loaded.
2025-08-03 07:50:34,443 - SinkIdentifier - INFO - libgcc_s.so.1: 0 items loaded.
2025-08-03 07:54:11,020 - SinkIdentifier - INFO - Skipping libsutil.so: already exists in database.
2025-08-03 07:54:11,020 - SinkIdentifier - INFO - Skipping libproject.so: already exists in database.
2025-08-03 07:54:11,021 - SinkIdentifier - INFO - Skipping libipv6.so: already exists in database.
2025-08-03 07:54:11,021 - SinkIdentifier - INFO - Skipping libvct.so: already exists in database.
2025-08-03 07:54:11,021 - SinkIdentifier - INFO - Skipping libxmo.so: already exists in database.
2025-08-03 07:54:11,022 - SinkIdentifier - INFO - Skipping libm.so.0: already exists in database.
2025-08-03 07:54:11,022 - SinkIdentifier - INFO - Skipping libgcc_s.so.1: already exists in database.
2025-08-03 07:54:11,024 - SinkIdentifier - INFO - [libipv6.so] Loaded successfully with 2 items.
2025-08-03 07:54:11,024 - SinkIdentifier - INFO - [libvct.so] Loaded successfully with 2 items.
2025-08-03 07:54:11,024 - SinkIdentifier - INFO - [libproject.so] Loaded successfully with 2 items.
2025-08-03 07:54:11,024 - SinkIdentifier - INFO - [libsutil.so] Loaded successfully with 5 items.
2025-08-03 07:54:11,024 - SinkIdentifier - INFO - [libxmo.so] Loaded successfully with 0 items.
2025-08-03 07:54:11,024 - SinkIdentifier - INFO - [libm.so.0] Loaded successfully with 0 items.
2025-08-03 07:54:11,024 - SinkIdentifier - INFO - [libgcc_s.so.1] Loaded successfully with 0 items.
2025-08-03 07:54:25,515 - SinkIdentifier - INFO - libipv6.so: 2 items loaded.
2025-08-03 07:54:25,515 - SinkIdentifier - INFO - libvct.so: 2 items loaded.
2025-08-03 07:54:25,515 - SinkIdentifier - INFO - libproject.so: 2 items loaded.
2025-08-03 07:54:25,515 - SinkIdentifier - INFO - libsutil.so: 5 items loaded.
2025-08-03 07:54:25,516 - SinkIdentifier - INFO - libxmo.so: 0 items loaded.
2025-08-03 07:54:25,516 - SinkIdentifier - INFO - libm.so.0: 0 items loaded.
2025-08-03 07:54:25,516 - SinkIdentifier - INFO - libgcc_s.so.1: 0 items loaded.
2025-08-03 08:00:42,979 - SinkIdentifier - INFO - Skipping libsutil.so: already exists in database.
2025-08-03 08:00:42,979 - SinkIdentifier - INFO - Skipping libproject.so: already exists in database.
2025-08-03 08:00:42,979 - SinkIdentifier - INFO - Skipping libipv6.so: already exists in database.
2025-08-03 08:00:42,979 - SinkIdentifier - INFO - Skipping libvct.so: already exists in database.
2025-08-03 08:00:42,979 - SinkIdentifier - INFO - Skipping libxmo.so: already exists in database.
2025-08-03 08:00:42,980 - SinkIdentifier - INFO - Skipping libm.so.0: already exists in database.
2025-08-03 08:00:42,980 - SinkIdentifier - INFO - Skipping libgcc_s.so.1: already exists in database.
2025-08-03 08:00:42,981 - SinkIdentifier - INFO - [libipv6.so] Loaded successfully with 2 items.
2025-08-03 08:00:42,981 - SinkIdentifier - INFO - [libvct.so] Loaded successfully with 2 items.
2025-08-03 08:00:42,981 - SinkIdentifier - INFO - [libproject.so] Loaded successfully with 2 items.
2025-08-03 08:00:42,981 - SinkIdentifier - INFO - [libsutil.so] Loaded successfully with 5 items.
2025-08-03 08:00:42,981 - SinkIdentifier - INFO - [libxmo.so] Loaded successfully with 0 items.
2025-08-03 08:00:42,981 - SinkIdentifier - INFO - [libm.so.0] Loaded successfully with 0 items.
2025-08-03 08:00:42,981 - SinkIdentifier - INFO - [libgcc_s.so.1] Loaded successfully with 0 items.
2025-08-03 08:00:57,113 - SinkIdentifier - INFO - libipv6.so: 2 items loaded.
2025-08-03 08:00:57,113 - SinkIdentifier - INFO - libvct.so: 2 items loaded.
2025-08-03 08:00:57,113 - SinkIdentifier - INFO - libproject.so: 2 items loaded.
2025-08-03 08:00:57,113 - SinkIdentifier - INFO - libsutil.so: 5 items loaded.
2025-08-03 08:00:57,113 - SinkIdentifier - INFO - libxmo.so: 0 items loaded.
2025-08-03 08:00:57,114 - SinkIdentifier - INFO - libm.so.0: 0 items loaded.
2025-08-03 08:00:57,114 - SinkIdentifier - INFO - libgcc_s.so.1: 0 items loaded.
2025-08-03 08:07:25,954 - SinkIdentifier - INFO - Skipping libsutil.so: already exists in database.
2025-08-03 08:07:25,954 - SinkIdentifier - INFO - Skipping libproject.so: already exists in database.
2025-08-03 08:07:25,954 - SinkIdentifier - INFO - Skipping libipv6.so: already exists in database.
2025-08-03 08:07:25,954 - SinkIdentifier - INFO - Skipping libvct.so: already exists in database.
2025-08-03 08:07:25,955 - SinkIdentifier - INFO - Skipping libxmo.so: already exists in database.
2025-08-03 08:07:25,955 - SinkIdentifier - INFO - Skipping libm.so.0: already exists in database.
2025-08-03 08:07:25,955 - SinkIdentifier - INFO - Skipping libgcc_s.so.1: already exists in database.
2025-08-03 08:07:25,957 - SinkIdentifier - INFO - [libipv6.so] Loaded successfully with 2 items.
2025-08-03 08:07:25,957 - SinkIdentifier - INFO - [libvct.so] Loaded successfully with 2 items.
2025-08-03 08:07:25,957 - SinkIdentifier - INFO - [libproject.so] Loaded successfully with 2 items.
2025-08-03 08:07:25,957 - SinkIdentifier - INFO - [libsutil.so] Loaded successfully with 5 items.
2025-08-03 08:07:25,958 - SinkIdentifier - INFO - [libxmo.so] Loaded successfully with 0 items.
2025-08-03 08:07:25,958 - SinkIdentifier - INFO - [libm.so.0] Loaded successfully with 0 items.
2025-08-03 08:07:25,959 - SinkIdentifier - INFO - [libgcc_s.so.1] Loaded successfully with 0 items.
2025-08-03 08:07:44,447 - SinkIdentifier - INFO - libipv6.so: 2 items loaded.
2025-08-03 08:07:44,447 - SinkIdentifier - INFO - libvct.so: 2 items loaded.
2025-08-03 08:07:44,447 - SinkIdentifier - INFO - libproject.so: 2 items loaded.
2025-08-03 08:07:44,447 - SinkIdentifier - INFO - libsutil.so: 5 items loaded.
2025-08-03 08:07:44,447 - SinkIdentifier - INFO - libxmo.so: 0 items loaded.
2025-08-03 08:07:44,447 - SinkIdentifier - INFO - libm.so.0: 0 items loaded.
2025-08-03 08:07:44,448 - SinkIdentifier - INFO - libgcc_s.so.1: 0 items loaded.
2025-08-03 08:09:22,604 - SinkIdentifier - INFO - Skipping libsutil.so: already exists in database.
2025-08-03 08:09:22,604 - SinkIdentifier - INFO - Skipping libproject.so: already exists in database.
2025-08-03 08:09:22,604 - SinkIdentifier - INFO - Skipping libipv6.so: already exists in database.
2025-08-03 08:09:22,604 - SinkIdentifier - INFO - Skipping libvct.so: already exists in database.
2025-08-03 08:09:22,604 - SinkIdentifier - INFO - Skipping libxmo.so: already exists in database.
2025-08-03 08:09:22,604 - SinkIdentifier - INFO - Skipping libm.so.0: already exists in database.
2025-08-03 08:09:22,604 - SinkIdentifier - INFO - Skipping libgcc_s.so.1: already exists in database.
2025-08-03 08:09:22,606 - SinkIdentifier - INFO - [libipv6.so] Loaded successfully with 2 items.
2025-08-03 08:09:22,606 - SinkIdentifier - INFO - [libvct.so] Loaded successfully with 2 items.
2025-08-03 08:09:22,606 - SinkIdentifier - INFO - [libproject.so] Loaded successfully with 2 items.
2025-08-03 08:09:22,606 - SinkIdentifier - INFO - [libsutil.so] Loaded successfully with 5 items.
2025-08-03 08:09:22,606 - SinkIdentifier - INFO - [libxmo.so] Loaded successfully with 0 items.
2025-08-03 08:09:22,606 - SinkIdentifier - INFO - [libm.so.0] Loaded successfully with 0 items.
2025-08-03 08:09:22,606 - SinkIdentifier - INFO - [libgcc_s.so.1] Loaded successfully with 0 items.
2025-08-03 08:09:38,461 - SinkIdentifier - INFO - libipv6.so: 2 items loaded.
2025-08-03 08:09:38,462 - SinkIdentifier - INFO - libvct.so: 2 items loaded.
2025-08-03 08:09:38,462 - SinkIdentifier - INFO - libproject.so: 2 items loaded.
2025-08-03 08:09:38,462 - SinkIdentifier - INFO - libsutil.so: 5 items loaded.
2025-08-03 08:09:38,462 - SinkIdentifier - INFO - libxmo.so: 0 items loaded.
2025-08-03 08:09:38,462 - SinkIdentifier - INFO - libm.so.0: 0 items loaded.
2025-08-03 08:09:38,462 - SinkIdentifier - INFO - libgcc_s.so.1: 0 items loaded.
2025-08-03 08:33:03,616 - SinkIdentifier - INFO - [libcms_msg.so] Loaded successfully with 0 items.
2025-08-03 08:33:03,616 - SinkIdentifier - INFO - [libkm.so] Loaded successfully with 0 items.
2025-08-03 08:33:03,617 - SinkIdentifier - INFO - [libcms_util.so] Loaded successfully with 0 items.
2025-08-03 08:33:03,617 - SinkIdentifier - INFO - [libucapi.so] Loaded successfully with 0 items.
2025-08-03 08:33:03,617 - SinkIdentifier - INFO - [libdl.so.2] Loaded successfully with 0 items.
2025-08-03 08:33:03,617 - SinkIdentifier - INFO - [libbcm_flashutil.so] Loaded successfully with 1 items.
2025-08-03 08:33:03,617 - SinkIdentifier - INFO - [libnetctrl.so] Loaded successfully with 9 items.
2025-08-03 08:33:03,617 - SinkIdentifier - INFO - [libcfmd.so] Loaded successfully with 0 items.
2025-08-03 08:33:03,618 - SinkIdentifier - INFO - [libubus.so] Loaded successfully with 0 items.
2025-08-03 08:33:03,618 - SinkIdentifier - INFO - [libblobmsg_json.so] Loaded successfully with 0 items.
2025-08-03 08:33:03,618 - SinkIdentifier - INFO - [libcms_core.so] Loaded successfully with 11 items.
2025-08-03 08:33:03,618 - SinkIdentifier - INFO - [libubox.so] Loaded successfully with 0 items.
2025-08-03 08:33:03,618 - SinkIdentifier - INFO - [libpthread.so.0] Loaded successfully with 0 items.
2025-08-03 08:33:49,940 - SinkIdentifier - INFO - libcms_msg.so: 0 items loaded.
2025-08-03 08:33:49,941 - SinkIdentifier - INFO - libkm.so: 0 items loaded.
2025-08-03 08:33:49,941 - SinkIdentifier - INFO - libcms_util.so: 0 items loaded.
2025-08-03 08:33:49,941 - SinkIdentifier - INFO - libucapi.so: 0 items loaded.
2025-08-03 08:33:49,941 - SinkIdentifier - INFO - libdl.so.2: 0 items loaded.
2025-08-03 08:33:49,941 - SinkIdentifier - INFO - libbcm_flashutil.so: 1 items loaded.
2025-08-03 08:33:49,941 - SinkIdentifier - INFO - libnetctrl.so: 9 items loaded.
2025-08-03 08:33:49,941 - SinkIdentifier - INFO - libcfmd.so: 0 items loaded.
2025-08-03 08:33:49,942 - SinkIdentifier - INFO - libubus.so: 0 items loaded.
2025-08-03 08:33:49,942 - SinkIdentifier - INFO - libblobmsg_json.so: 0 items loaded.
2025-08-03 08:33:49,942 - SinkIdentifier - INFO - libcms_core.so: 11 items loaded.
2025-08-03 08:33:49,943 - SinkIdentifier - INFO - libubox.so: 0 items loaded.
2025-08-03 08:33:49,943 - SinkIdentifier - INFO - libpthread.so.0: 0 items loaded.
2025-08-03 08:50:41,921 - SinkIdentifier - INFO - [libz.so] Loaded successfully with 0 items.
2025-08-03 08:50:41,921 - SinkIdentifier - INFO - [libpthread.so.0] Loaded successfully with 0 items.
2025-08-03 08:50:41,921 - SinkIdentifier - INFO - [libm.so.0] Loaded successfully with 0 items.
2025-08-03 08:50:41,921 - SinkIdentifier - INFO - [libcommon.so] Loaded successfully with 5 items.
2025-08-03 08:50:41,921 - SinkIdentifier - INFO - [libcommonprod.so] Loaded successfully with 0 items.
2025-08-03 08:50:41,922 - SinkIdentifier - INFO - [libgcc_s.so.1] Loaded successfully with 0 items.
2025-08-03 08:50:41,922 - SinkIdentifier - INFO - [libucapi.so] Loaded successfully with 0 items.
2025-08-03 08:51:08,252 - SinkIdentifier - INFO - libz.so: 0 items loaded.
2025-08-03 08:51:08,253 - SinkIdentifier - INFO - libpthread.so.0: 0 items loaded.
2025-08-03 08:51:08,253 - SinkIdentifier - INFO - libm.so.0: 0 items loaded.
2025-08-03 08:51:08,253 - SinkIdentifier - INFO - libcommon.so: 5 items loaded.
2025-08-03 08:51:08,253 - SinkIdentifier - INFO - libcommonprod.so: 0 items loaded.
2025-08-03 08:51:08,253 - SinkIdentifier - INFO - libgcc_s.so.1: 0 items loaded.
2025-08-03 08:51:08,253 - SinkIdentifier - INFO - libucapi.so: 0 items loaded.
2025-08-03 09:00:46,799 - SinkIdentifier - INFO - [libcgi.so.1] Loaded successfully with 0 items.
2025-08-03 09:00:46,800 - SinkIdentifier - INFO - [libjansson.so.0] Loaded successfully with 0 items.
2025-08-03 09:00:46,800 - SinkIdentifier - INFO - [libcrypt.so.1] Loaded successfully with 0 items.
2025-08-03 09:00:46,800 - SinkIdentifier - INFO - [libuci.so.0.7] Loaded successfully with 0 items.
2025-08-03 09:00:46,800 - SinkIdentifier - INFO - [libgcc_s.so.1] Loaded successfully with 0 items.
2025-08-03 09:00:46,800 - SinkIdentifier - INFO - [libcrypto.so.1.0.0] Loaded successfully with 0 items.
2025-08-03 09:00:46,802 - SinkIdentifier - INFO - libcgi.so.1: 0 items loaded.
2025-08-03 09:00:46,802 - SinkIdentifier - INFO - libjansson.so.0: 0 items loaded.
2025-08-03 09:00:46,802 - SinkIdentifier - INFO - libcrypt.so.1: 0 items loaded.
2025-08-03 09:00:46,802 - SinkIdentifier - INFO - libuci.so.0.7: 0 items loaded.
2025-08-03 09:00:46,802 - SinkIdentifier - INFO - libgcc_s.so.1: 0 items loaded.
2025-08-03 09:00:46,802 - SinkIdentifier - INFO - libcrypto.so.1.0.0: 0 items loaded.
2025-08-03 09:15:56,441 - SinkIdentifier - INFO - [libnvram.so] Loaded successfully with 0 items.
2025-08-03 09:15:56,441 - SinkIdentifier - INFO - [libshared.so] Loaded successfully with 3 items.
2025-08-03 09:15:56,441 - SinkIdentifier - INFO - [libssl.so] Loaded successfully with 0 items.
2025-08-03 09:15:56,441 - SinkIdentifier - INFO - [libexpat.so] Loaded successfully with 0 items.
2025-08-03 09:15:56,442 - SinkIdentifier - INFO - [libcrypto.so] Loaded successfully with 0 items.
2025-08-03 09:16:11,734 - SinkIdentifier - INFO - libnvram.so: 0 items loaded.
2025-08-03 09:16:11,734 - SinkIdentifier - INFO - libshared.so: 3 items loaded.
2025-08-03 09:16:11,734 - SinkIdentifier - INFO - libssl.so: 0 items loaded.
2025-08-03 09:16:11,735 - SinkIdentifier - INFO - libexpat.so: 0 items loaded.
2025-08-03 09:16:11,735 - SinkIdentifier - INFO - libcrypto.so: 0 items loaded.
2025-08-04 00:32:58,207 - SinkIdentifier - INFO - [libvos_util.so] Loaded successfully with 0 items.
2025-08-04 00:32:58,207 - SinkIdentifier - INFO - [libChipApi.so] Loaded successfully with 1 items.
2025-08-04 00:32:58,207 - SinkIdentifier - INFO - [libCfm.so] Loaded successfully with 0 items.
2025-08-04 00:32:58,208 - SinkIdentifier - INFO - [libcommon.so] Loaded successfully with 8 items.
2025-08-04 00:32:58,208 - SinkIdentifier - INFO - [libpthread.so.0] Loaded successfully with 0 items.
2025-08-04 00:32:58,208 - SinkIdentifier - INFO - [libm.so.0] Loaded successfully with 0 items.
2025-08-04 00:32:58,208 - SinkIdentifier - INFO - [libucapi.so] Loaded successfully with 0 items.
2025-08-04 00:32:58,208 - SinkIdentifier - INFO - [libtpi.so] Loaded successfully with 0 items.
2025-08-04 00:32:58,208 - SinkIdentifier - INFO - [libgcc_s.so.1] Loaded successfully with 0 items.
2025-08-04 00:33:16,791 - SinkIdentifier - INFO - libvos_util.so: 0 items loaded.
2025-08-04 00:33:16,792 - SinkIdentifier - INFO - libChipApi.so: 1 items loaded.
2025-08-04 00:33:16,792 - SinkIdentifier - INFO - libCfm.so: 0 items loaded.
2025-08-04 00:33:16,792 - SinkIdentifier - INFO - libcommon.so: 8 items loaded.
2025-08-04 00:33:16,792 - SinkIdentifier - INFO - libpthread.so.0: 0 items loaded.
2025-08-04 00:33:16,792 - SinkIdentifier - INFO - libm.so.0: 0 items loaded.
2025-08-04 00:33:16,792 - SinkIdentifier - INFO - libucapi.so: 0 items loaded.
2025-08-04 00:33:16,792 - SinkIdentifier - INFO - libtpi.so: 0 items loaded.
2025-08-04 00:33:16,792 - SinkIdentifier - INFO - libgcc_s.so.1: 0 items loaded.
2025-08-04 00:47:32,642 - SinkIdentifier - INFO - Skipping libCfm.so: already exists in database.
2025-08-04 00:47:32,642 - SinkIdentifier - INFO - Skipping libcommon.so: already exists in database.
2025-08-04 00:47:32,642 - SinkIdentifier - INFO - Skipping libChipApi.so: already exists in database.
2025-08-04 00:47:32,642 - SinkIdentifier - INFO - Skipping libvos_util.so: already exists in database.
2025-08-04 00:47:32,642 - SinkIdentifier - INFO - Skipping libpthread.so.0: already exists in database.
2025-08-04 00:47:32,642 - SinkIdentifier - INFO - Skipping libtpi.so: already exists in database.
2025-08-04 00:47:32,643 - SinkIdentifier - INFO - Skipping libm.so.0: already exists in database.
2025-08-04 00:47:32,643 - SinkIdentifier - INFO - Skipping libucapi.so: already exists in database.
2025-08-04 00:47:32,643 - SinkIdentifier - INFO - Skipping libgcc_s.so.1: already exists in database.
2025-08-04 00:47:32,644 - SinkIdentifier - INFO - [libvos_util.so] Loaded successfully with 0 items.
2025-08-04 00:47:32,644 - SinkIdentifier - INFO - [libChipApi.so] Loaded successfully with 1 items.
2025-08-04 00:47:32,644 - SinkIdentifier - INFO - [libCfm.so] Loaded successfully with 0 items.
2025-08-04 00:47:32,644 - SinkIdentifier - INFO - [libcommon.so] Loaded successfully with 8 items.
2025-08-04 00:47:32,644 - SinkIdentifier - INFO - [libpthread.so.0] Loaded successfully with 0 items.
2025-08-04 00:47:32,645 - SinkIdentifier - INFO - [libm.so.0] Loaded successfully with 0 items.
2025-08-04 00:47:32,645 - SinkIdentifier - INFO - [libucapi.so] Loaded successfully with 0 items.
2025-08-04 00:47:32,645 - SinkIdentifier - INFO - [libtpi.so] Loaded successfully with 0 items.
2025-08-04 00:47:32,645 - SinkIdentifier - INFO - [libgcc_s.so.1] Loaded successfully with 0 items.
2025-08-04 00:47:47,821 - SinkIdentifier - INFO - libvos_util.so: 0 items loaded.
2025-08-04 00:47:47,822 - SinkIdentifier - INFO - libChipApi.so: 1 items loaded.
2025-08-04 00:47:47,822 - SinkIdentifier - INFO - libCfm.so: 0 items loaded.
2025-08-04 00:47:47,822 - SinkIdentifier - INFO - libcommon.so: 8 items loaded.
2025-08-04 00:47:47,822 - SinkIdentifier - INFO - libpthread.so.0: 0 items loaded.
2025-08-04 00:47:47,822 - SinkIdentifier - INFO - libm.so.0: 0 items loaded.
2025-08-04 00:47:47,822 - SinkIdentifier - INFO - libucapi.so: 0 items loaded.
2025-08-04 00:47:47,822 - SinkIdentifier - INFO - libtpi.so: 0 items loaded.
2025-08-04 00:47:47,822 - SinkIdentifier - INFO - libgcc_s.so.1: 0 items loaded.
2025-08-04 01:04:13,494 - SinkIdentifier - INFO - Skipping libCfm.so: already exists in database.
2025-08-04 01:04:13,495 - SinkIdentifier - INFO - Skipping libcommon.so: already exists in database.
2025-08-04 01:04:13,495 - SinkIdentifier - INFO - Skipping libChipApi.so: already exists in database.
2025-08-04 01:04:13,495 - SinkIdentifier - INFO - Skipping libvos_util.so: already exists in database.
2025-08-04 01:04:13,495 - SinkIdentifier - INFO - Skipping libpthread.so.0: already exists in database.
2025-08-04 01:04:13,495 - SinkIdentifier - INFO - Skipping libtpi.so: already exists in database.
2025-08-04 01:04:13,495 - SinkIdentifier - INFO - Skipping libm.so.0: already exists in database.
2025-08-04 01:04:13,495 - SinkIdentifier - INFO - Skipping libucapi.so: already exists in database.
2025-08-04 01:04:13,496 - SinkIdentifier - INFO - Skipping libgcc_s.so.1: already exists in database.
2025-08-04 01:04:13,497 - SinkIdentifier - INFO - [libvos_util.so] Loaded successfully with 0 items.
2025-08-04 01:04:13,497 - SinkIdentifier - INFO - [libChipApi.so] Loaded successfully with 1 items.
2025-08-04 01:04:13,498 - SinkIdentifier - INFO - [libCfm.so] Loaded successfully with 0 items.
2025-08-04 01:04:13,498 - SinkIdentifier - INFO - [libcommon.so] Loaded successfully with 8 items.
2025-08-04 01:04:13,498 - SinkIdentifier - INFO - [libpthread.so.0] Loaded successfully with 0 items.
2025-08-04 01:04:13,498 - SinkIdentifier - INFO - [libm.so.0] Loaded successfully with 0 items.
2025-08-04 01:04:13,498 - SinkIdentifier - INFO - [libucapi.so] Loaded successfully with 0 items.
2025-08-04 01:04:13,498 - SinkIdentifier - INFO - [libtpi.so] Loaded successfully with 0 items.
2025-08-04 01:04:13,498 - SinkIdentifier - INFO - [libgcc_s.so.1] Loaded successfully with 0 items.
2025-08-04 01:04:28,430 - SinkIdentifier - INFO - libvos_util.so: 0 items loaded.
2025-08-04 01:04:28,430 - SinkIdentifier - INFO - libChipApi.so: 1 items loaded.
2025-08-04 01:04:28,430 - SinkIdentifier - INFO - libCfm.so: 0 items loaded.
2025-08-04 01:04:28,430 - SinkIdentifier - INFO - libcommon.so: 8 items loaded.
2025-08-04 01:04:28,431 - SinkIdentifier - INFO - libpthread.so.0: 0 items loaded.
2025-08-04 01:04:28,431 - SinkIdentifier - INFO - libm.so.0: 0 items loaded.
2025-08-04 01:04:28,431 - SinkIdentifier - INFO - libucapi.so: 0 items loaded.
2025-08-04 01:04:28,431 - SinkIdentifier - INFO - libtpi.so: 0 items loaded.
2025-08-04 01:04:28,431 - SinkIdentifier - INFO - libgcc_s.so.1: 0 items loaded.
2025-08-04 08:35:45,638 - SinkIdentifier - INFO - [libplcapi.so] Loaded successfully with 0 items.
2025-08-04 08:35:45,639 - SinkIdentifier - INFO - [librt.so.0] Loaded successfully with 0 items.
2025-08-04 08:35:45,639 - SinkIdentifier - INFO - [libappconf.so] Loaded successfully with 0 items.
2025-08-04 08:35:45,639 - SinkIdentifier - INFO - [libpthread.so.0] Loaded successfully with 0 items.
2025-08-04 08:35:45,639 - SinkIdentifier - INFO - [libgcc_s.so.1] Loaded successfully with 0 items.
2025-08-04 08:35:45,640 - SinkIdentifier - INFO - libplcapi.so: 0 items loaded.
2025-08-04 08:35:45,640 - SinkIdentifier - INFO - librt.so.0: 0 items loaded.
2025-08-04 08:35:45,640 - SinkIdentifier - INFO - libappconf.so: 0 items loaded.
2025-08-04 08:35:45,641 - SinkIdentifier - INFO - libpthread.so.0: 0 items loaded.
2025-08-04 08:35:45,641 - SinkIdentifier - INFO - libgcc_s.so.1: 0 items loaded.
2025-08-04 08:41:41,197 - SinkIdentifier - INFO - [libnvram.so] Loaded successfully with 0 items.
2025-08-04 08:41:41,197 - SinkIdentifier - INFO - [libcrypt.so.0] Loaded successfully with 0 items.
2025-08-04 08:41:41,197 - SinkIdentifier - INFO - [libnat.so] Loaded successfully with 0 items.
2025-08-04 08:41:41,199 - SinkIdentifier - INFO - [libacos_shared.so] Loaded successfully with 102 items.
2025-08-04 08:41:41,200 - SinkIdentifier - INFO - [libgcc_s.so.1] Loaded successfully with 0 items.
2025-08-04 08:42:06,931 - SinkIdentifier - INFO - libnvram.so: 0 items loaded.
2025-08-04 08:42:06,932 - SinkIdentifier - INFO - libcrypt.so.0: 0 items loaded.
2025-08-04 08:42:06,932 - SinkIdentifier - INFO - libnat.so: 0 items loaded.
2025-08-04 08:42:06,932 - SinkIdentifier - INFO - libacos_shared.so: 102 items loaded.
2025-08-04 08:42:06,932 - SinkIdentifier - INFO - libgcc_s.so.1: 0 items loaded.
2025-08-04 08:48:10,224 - SinkIdentifier - INFO - [libxmldbc.so] Loaded successfully with 0 items.
2025-08-04 08:48:10,225 - SinkIdentifier - INFO - [libshare.so] Loaded successfully with 31 items.
2025-08-04 08:48:10,225 - SinkIdentifier - INFO - [libftp.so] Loaded successfully with 6 items.
2025-08-04 08:48:10,225 - SinkIdentifier - INFO - [libcgic.so] Loaded successfully with 1 items.
2025-08-04 08:48:10,225 - SinkIdentifier - INFO - [libmail.so] Loaded successfully with 0 items.
2025-08-04 08:48:10,226 - SinkIdentifier - INFO - [libapkg2.so] Loaded successfully with 0 items.
2025-08-04 08:48:10,226 - SinkIdentifier - INFO - [libaccount.so] Loaded successfully with 0 items.
2025-08-04 08:48:10,226 - SinkIdentifier - INFO - [libsmbif.so] Loaded successfully with 16 items.
2025-08-04 08:48:10,226 - SinkIdentifier - INFO - [libmycloud.so] Loaded successfully with 0 items.
2025-08-04 08:48:10,226 - SinkIdentifier - INFO - [libwto.so] Loaded successfully with 5 items.
2025-08-04 08:48:55,274 - SinkIdentifier - INFO - libxmldbc.so: 0 items loaded.
2025-08-04 08:48:55,274 - SinkIdentifier - INFO - libshare.so: 31 items loaded.
2025-08-04 08:48:55,274 - SinkIdentifier - INFO - libftp.so: 6 items loaded.
2025-08-04 08:48:55,274 - SinkIdentifier - INFO - libcgic.so: 1 items loaded.
2025-08-04 08:48:55,274 - SinkIdentifier - INFO - libmail.so: 0 items loaded.
2025-08-04 08:48:55,274 - SinkIdentifier - INFO - libapkg2.so: 0 items loaded.
2025-08-04 08:48:55,275 - SinkIdentifier - INFO - libaccount.so: 0 items loaded.
2025-08-04 08:48:55,275 - SinkIdentifier - INFO - libsmbif.so: 16 items loaded.
2025-08-04 08:48:55,275 - SinkIdentifier - INFO - libmycloud.so: 0 items loaded.
2025-08-04 08:48:55,275 - SinkIdentifier - INFO - libwto.so: 5 items loaded.
2025-08-04 08:53:27,195 - SinkIdentifier - INFO - [libnvram.so] Loaded successfully with 19 items.
2025-08-04 08:53:27,195 - SinkIdentifier - INFO - [libshared.so] Loaded successfully with 59 items.
2025-08-04 08:54:15,591 - SinkIdentifier - INFO - libnvram.so: 19 items loaded.
2025-08-04 08:54:15,591 - SinkIdentifier - INFO - libshared.so: 59 items loaded.
2025-08-04 15:08:34,521 - SinkIdentifier - INFO - [libnvram.so] Loaded successfully with 1 items.
2025-08-04 15:08:34,521 - SinkIdentifier - INFO - [libcbt.so] Loaded successfully with 0 items.
2025-08-04 15:08:34,521 - SinkIdentifier - INFO - [libssl.so] Loaded successfully with 0 items.
2025-08-04 15:08:34,521 - SinkIdentifier - INFO - [libcrypto.so] Loaded successfully with 0 items.
2025-08-04 15:08:44,231 - SinkIdentifier - INFO - libnvram.so: 1 items loaded.
2025-08-04 15:08:44,231 - SinkIdentifier - INFO - libcbt.so: 0 items loaded.
2025-08-04 15:08:44,231 - SinkIdentifier - INFO - libssl.so: 0 items loaded.
2025-08-04 15:08:44,231 - SinkIdentifier - INFO - libcrypto.so: 0 items loaded.
2025-08-08 01:14:56,343 - SinkIdentifier - INFO - [libnvram.so] Loaded successfully with 0 items.
2025-08-08 01:14:56,343 - SinkIdentifier - INFO - [libcrypt.so.0] Loaded successfully with 0 items.
2025-08-08 01:14:56,343 - SinkIdentifier - INFO - [libnat.so] Loaded successfully with 0 items.
2025-08-08 01:14:56,344 - SinkIdentifier - INFO - [libacos_shared.so] Loaded successfully with 69 items.
2025-08-08 01:14:56,344 - SinkIdentifier - INFO - [libgcc_s.so.1] Loaded successfully with 0 items.
2025-08-08 01:15:20,714 - SinkIdentifier - INFO - libnvram.so: 0 items loaded.
2025-08-08 01:15:20,714 - SinkIdentifier - INFO - libcrypt.so.0: 0 items loaded.
2025-08-08 01:15:20,714 - SinkIdentifier - INFO - libnat.so: 0 items loaded.
2025-08-08 01:15:20,714 - SinkIdentifier - INFO - libacos_shared.so: 69 items loaded.
2025-08-08 01:15:20,714 - SinkIdentifier - INFO - libgcc_s.so.1: 0 items loaded.
2025-08-10 00:21:32,112 - SinkIdentifier - INFO - Skipping libnvram.so: already exists in database.
2025-08-10 00:21:32,139 - SinkIdentifier - INFO - Skipping libshared.so: already exists in database.
2025-08-10 00:21:32,141 - SinkIdentifier - INFO - [libnvram.so] Loaded successfully with 19 items.
2025-08-10 00:21:32,141 - SinkIdentifier - INFO - [libshared.so] Loaded successfully with 59 items.
2025-08-10 00:22:02,146 - SinkIdentifier - INFO - libnvram.so: 19 items loaded.
2025-08-10 00:22:02,147 - SinkIdentifier - INFO - libshared.so: 59 items loaded.
2025-08-10 04:07:00,248 - SinkIdentifier - INFO - Skipping libnvram.so: already exists in database.
2025-08-10 04:07:00,267 - SinkIdentifier - INFO - Skipping libcbt.so: already exists in database.
2025-08-10 04:07:00,267 - SinkIdentifier - INFO - Skipping libcrypto.so: already exists in database.
2025-08-10 04:07:00,267 - SinkIdentifier - INFO - Skipping libssl.so: already exists in database.
2025-08-10 05:38:48,099 - SinkIdentifier - INFO - [libnvram.so] Loaded successfully with 1 items.
2025-08-10 05:38:48,099 - SinkIdentifier - INFO - [libcbt.so] Loaded successfully with 0 items.
2025-08-10 05:38:48,099 - SinkIdentifier - INFO - [libssl.so] Loaded successfully with 0 items.
2025-08-10 05:38:48,100 - SinkIdentifier - INFO - [libcrypto.so] Loaded successfully with 0 items.
2025-08-10 05:38:56,240 - SinkIdentifier - INFO - libnvram.so: 1 items loaded.
2025-08-10 05:38:56,240 - SinkIdentifier - INFO - libcbt.so: 0 items loaded.
2025-08-10 05:38:56,240 - SinkIdentifier - INFO - libssl.so: 0 items loaded.
2025-08-10 05:38:56,240 - SinkIdentifier - INFO - libcrypto.so: 0 items loaded.
2025-08-10 05:43:24,138 - SinkIdentifier - INFO - Skipping libnvram.so: already exists in database.
2025-08-10 05:43:24,138 - SinkIdentifier - INFO - Skipping libcbt.so: already exists in database.
2025-08-10 05:43:24,138 - SinkIdentifier - INFO - Skipping libcrypto.so: already exists in database.
2025-08-10 05:43:24,139 - SinkIdentifier - INFO - Skipping libssl.so: already exists in database.
2025-08-10 05:43:27,232 - SinkIdentifier - INFO - [libnvram.so] Loaded successfully with 1 items.
2025-08-10 05:43:27,232 - SinkIdentifier - INFO - [libcbt.so] Loaded successfully with 0 items.
2025-08-10 05:43:27,232 - SinkIdentifier - INFO - [libssl.so] Loaded successfully with 0 items.
2025-08-10 05:43:27,233 - SinkIdentifier - INFO - [libcrypto.so] Loaded successfully with 0 items.
2025-08-10 05:51:04,705 - SinkIdentifier - INFO - Skipping libnvram.so: already exists in database.
2025-08-10 05:51:04,705 - SinkIdentifier - INFO - Skipping libshared.so: already exists in database.
2025-08-10 05:51:04,710 - SinkIdentifier - INFO - [libnvram.so] Loaded successfully with 19 items.
2025-08-10 05:51:04,712 - SinkIdentifier - INFO - [libshared.so] Loaded successfully with 59 items.
2025-08-10 05:51:32,804 - SinkIdentifier - INFO - libnvram.so: 19 items loaded.
2025-08-10 05:51:32,804 - SinkIdentifier - INFO - libshared.so: 59 items loaded.
2025-08-10 06:11:17,900 - SinkIdentifier - INFO - Skipping libcgic.so: already exists in database.
2025-08-10 06:11:17,900 - SinkIdentifier - INFO - Skipping libftp.so: already exists in database.
2025-08-10 06:11:17,900 - SinkIdentifier - INFO - Skipping libxmldbc.so: already exists in database.
2025-08-10 06:11:17,900 - SinkIdentifier - INFO - Skipping libshare.so: already exists in database.
2025-08-10 06:11:17,900 - SinkIdentifier - INFO - Skipping libmail.so: already exists in database.
2025-08-10 06:11:17,900 - SinkIdentifier - INFO - Skipping libsmbif.so: already exists in database.
2025-08-10 06:11:17,901 - SinkIdentifier - INFO - Skipping libapkg2.so: already exists in database.
2025-08-10 06:11:17,901 - SinkIdentifier - INFO - Skipping libaccount.so: already exists in database.
2025-08-10 06:11:17,901 - SinkIdentifier - INFO - Skipping libmycloud.so: already exists in database.
2025-08-10 06:11:17,901 - SinkIdentifier - INFO - Skipping libwto.so: already exists in database.
2025-08-10 06:11:17,918 - SinkIdentifier - INFO - [libxmldbc.so] Loaded successfully with 0 items.
2025-08-10 06:11:17,918 - SinkIdentifier - INFO - [libshare.so] Loaded successfully with 31 items.
2025-08-10 06:11:17,918 - SinkIdentifier - INFO - [libftp.so] Loaded successfully with 6 items.
2025-08-10 06:11:17,919 - SinkIdentifier - INFO - [libcgic.so] Loaded successfully with 1 items.
2025-08-10 06:11:17,919 - SinkIdentifier - INFO - [libmail.so] Loaded successfully with 0 items.
2025-08-10 06:11:17,921 - SinkIdentifier - INFO - [libapkg2.so] Loaded successfully with 0 items.
2025-08-10 06:11:17,922 - SinkIdentifier - INFO - [libaccount.so] Loaded successfully with 0 items.
2025-08-10 06:11:17,923 - SinkIdentifier - INFO - [libsmbif.so] Loaded successfully with 16 items.
2025-08-10 06:11:17,925 - SinkIdentifier - INFO - [libmycloud.so] Loaded successfully with 0 items.
2025-08-10 06:11:17,925 - SinkIdentifier - INFO - [libwto.so] Loaded successfully with 5 items.
2025-08-10 06:13:19,231 - SinkIdentifier - INFO - libxmldbc.so: 0 items loaded.
2025-08-10 06:13:19,232 - SinkIdentifier - INFO - libshare.so: 31 items loaded.
2025-08-10 06:13:19,232 - SinkIdentifier - INFO - libftp.so: 6 items loaded.
2025-08-10 06:13:19,232 - SinkIdentifier - INFO - libcgic.so: 1 items loaded.
2025-08-10 06:13:19,232 - SinkIdentifier - INFO - libmail.so: 0 items loaded.
2025-08-10 06:13:19,232 - SinkIdentifier - INFO - libapkg2.so: 0 items loaded.
2025-08-10 06:13:19,232 - SinkIdentifier - INFO - libaccount.so: 0 items loaded.
2025-08-10 06:13:19,232 - SinkIdentifier - INFO - libsmbif.so: 16 items loaded.
2025-08-10 06:13:19,232 - SinkIdentifier - INFO - libmycloud.so: 0 items loaded.
2025-08-10 06:13:19,232 - SinkIdentifier - INFO - libwto.so: 5 items loaded.
2025-08-10 07:20:16,604 - SinkIdentifier - INFO - Skipping libnvram.so: already exists in database.
2025-08-10 07:20:16,604 - SinkIdentifier - INFO - Skipping libshared.so: already exists in database.
2025-08-10 07:20:16,605 - SinkIdentifier - INFO - [libnvram.so] Loaded successfully with 19 items.
2025-08-10 07:20:16,606 - SinkIdentifier - INFO - [libshared.so] Loaded successfully with 59 items.
2025-08-10 07:21:01,468 - SinkIdentifier - INFO - libnvram.so: 19 items loaded.
2025-08-10 07:21:01,468 - SinkIdentifier - INFO - libshared.so: 59 items loaded.
2025-08-10 07:24:04,228 - SinkIdentifier - INFO - Skipping libnvram.so: already exists in database.
2025-08-10 07:24:04,230 - SinkIdentifier - INFO - Skipping libshared.so: already exists in database.
2025-08-10 07:24:04,231 - SinkIdentifier - INFO - [libnvram.so] Loaded successfully with 19 items.
2025-08-10 07:24:04,232 - SinkIdentifier - INFO - [libshared.so] Loaded successfully with 59 items.
2025-08-10 07:24:33,538 - SinkIdentifier - INFO - libnvram.so: 19 items loaded.
2025-08-10 07:24:33,538 - SinkIdentifier - INFO - libshared.so: 59 items loaded.
2025-08-10 07:42:26,185 - SinkIdentifier - INFO - Skipping libcgic.so: already exists in database.
2025-08-10 07:42:26,185 - SinkIdentifier - INFO - Skipping libftp.so: already exists in database.
2025-08-10 07:42:26,185 - SinkIdentifier - INFO - Skipping libxmldbc.so: already exists in database.
2025-08-10 07:42:26,185 - SinkIdentifier - INFO - Skipping libshare.so: already exists in database.
2025-08-10 07:42:26,185 - SinkIdentifier - INFO - Skipping libmail.so: already exists in database.
2025-08-10 07:42:26,185 - SinkIdentifier - INFO - Skipping libsmbif.so: already exists in database.
2025-08-10 07:42:26,185 - SinkIdentifier - INFO - Skipping libapkg2.so: already exists in database.
2025-08-10 07:42:26,185 - SinkIdentifier - INFO - Skipping libaccount.so: already exists in database.
2025-08-10 07:42:26,185 - SinkIdentifier - INFO - Skipping libmycloud.so: already exists in database.
2025-08-10 07:42:26,185 - SinkIdentifier - INFO - Skipping libwto.so: already exists in database.
2025-08-10 07:42:26,187 - SinkIdentifier - INFO - [libxmldbc.so] Loaded successfully with 0 items.
2025-08-10 07:42:26,187 - SinkIdentifier - INFO - [libshare.so] Loaded successfully with 31 items.
2025-08-10 07:42:26,188 - SinkIdentifier - INFO - [libftp.so] Loaded successfully with 6 items.
2025-08-10 07:42:26,190 - SinkIdentifier - INFO - [libcgic.so] Loaded successfully with 1 items.
2025-08-10 07:42:26,192 - SinkIdentifier - INFO - [libmail.so] Loaded successfully with 0 items.
2025-08-10 07:42:26,192 - SinkIdentifier - INFO - [libapkg2.so] Loaded successfully with 0 items.
2025-08-10 07:42:26,192 - SinkIdentifier - INFO - [libaccount.so] Loaded successfully with 0 items.
2025-08-10 07:42:26,193 - SinkIdentifier - INFO - [libsmbif.so] Loaded successfully with 16 items.
2025-08-10 07:42:26,194 - SinkIdentifier - INFO - [libmycloud.so] Loaded successfully with 0 items.
2025-08-10 07:42:26,194 - SinkIdentifier - INFO - [libwto.so] Loaded successfully with 5 items.
2025-08-10 07:42:50,719 - SinkIdentifier - INFO - libxmldbc.so: 0 items loaded.
2025-08-10 07:42:50,720 - SinkIdentifier - INFO - libshare.so: 31 items loaded.
2025-08-10 07:42:50,720 - SinkIdentifier - INFO - libftp.so: 6 items loaded.
2025-08-10 07:42:50,720 - SinkIdentifier - INFO - libcgic.so: 1 items loaded.
2025-08-10 07:42:50,720 - SinkIdentifier - INFO - libmail.so: 0 items loaded.
2025-08-10 07:42:50,720 - SinkIdentifier - INFO - libapkg2.so: 0 items loaded.
2025-08-10 07:42:50,720 - SinkIdentifier - INFO - libaccount.so: 0 items loaded.
2025-08-10 07:42:50,720 - SinkIdentifier - INFO - libsmbif.so: 16 items loaded.
2025-08-10 07:42:50,720 - SinkIdentifier - INFO - libmycloud.so: 0 items loaded.
2025-08-10 07:42:50,720 - SinkIdentifier - INFO - libwto.so: 5 items loaded.
2025-08-10 09:02:49,482 - SinkIdentifier - INFO - Skipping libcgic.so: already exists in database.
2025-08-10 09:02:49,482 - SinkIdentifier - INFO - Skipping libftp.so: already exists in database.
2025-08-10 09:02:49,482 - SinkIdentifier - INFO - Skipping libxmldbc.so: already exists in database.
2025-08-10 09:02:49,482 - SinkIdentifier - INFO - Skipping libshare.so: already exists in database.
2025-08-10 09:02:49,483 - SinkIdentifier - INFO - Skipping libmail.so: already exists in database.
2025-08-10 09:02:49,483 - SinkIdentifier - INFO - Skipping libsmbif.so: already exists in database.
2025-08-10 09:02:49,484 - SinkIdentifier - INFO - Skipping libapkg2.so: already exists in database.
2025-08-10 09:02:49,485 - SinkIdentifier - INFO - Skipping libaccount.so: already exists in database.
2025-08-10 09:02:49,485 - SinkIdentifier - INFO - Skipping libmycloud.so: already exists in database.
2025-08-10 09:02:49,485 - SinkIdentifier - INFO - Skipping libwto.so: already exists in database.
2025-08-10 09:02:49,489 - SinkIdentifier - INFO - [libxmldbc.so] Loaded successfully with 0 items.
2025-08-10 09:02:49,489 - SinkIdentifier - INFO - [libshare.so] Loaded successfully with 31 items.
2025-08-10 09:02:49,489 - SinkIdentifier - INFO - [libftp.so] Loaded successfully with 6 items.
2025-08-10 09:02:49,489 - SinkIdentifier - INFO - [libcgic.so] Loaded successfully with 1 items.
2025-08-10 09:02:49,489 - SinkIdentifier - INFO - [libmail.so] Loaded successfully with 0 items.
2025-08-10 09:02:49,489 - SinkIdentifier - INFO - [libapkg2.so] Loaded successfully with 0 items.
2025-08-10 09:02:49,490 - SinkIdentifier - INFO - [libaccount.so] Loaded successfully with 0 items.
2025-08-10 09:02:49,490 - SinkIdentifier - INFO - [libsmbif.so] Loaded successfully with 16 items.
2025-08-10 09:02:49,490 - SinkIdentifier - INFO - [libmycloud.so] Loaded successfully with 0 items.
2025-08-10 09:02:49,490 - SinkIdentifier - INFO - [libwto.so] Loaded successfully with 5 items.
2025-08-10 09:03:15,720 - SinkIdentifier - INFO - libxmldbc.so: 0 items loaded.
2025-08-10 09:03:15,720 - SinkIdentifier - INFO - libshare.so: 31 items loaded.
2025-08-10 09:03:15,721 - SinkIdentifier - INFO - libftp.so: 6 items loaded.
2025-08-10 09:03:15,721 - SinkIdentifier - INFO - libcgic.so: 1 items loaded.
2025-08-10 09:03:15,721 - SinkIdentifier - INFO - libmail.so: 0 items loaded.
2025-08-10 09:03:15,721 - SinkIdentifier - INFO - libapkg2.so: 0 items loaded.
2025-08-10 09:03:15,721 - SinkIdentifier - INFO - libaccount.so: 0 items loaded.
2025-08-10 09:03:15,722 - SinkIdentifier - INFO - libsmbif.so: 16 items loaded.
2025-08-10 09:03:15,722 - SinkIdentifier - INFO - libmycloud.so: 0 items loaded.
2025-08-10 09:03:15,722 - SinkIdentifier - INFO - libwto.so: 5 items loaded.
2025-08-10 09:12:48,984 - SinkIdentifier - INFO - Skipping libcgic.so: already exists in database.
2025-08-10 09:12:48,984 - SinkIdentifier - INFO - Skipping libftp.so: already exists in database.
2025-08-10 09:12:48,984 - SinkIdentifier - INFO - Skipping libxmldbc.so: already exists in database.
2025-08-10 09:12:48,984 - SinkIdentifier - INFO - Skipping libshare.so: already exists in database.
2025-08-10 09:12:48,984 - SinkIdentifier - INFO - Skipping libmail.so: already exists in database.
2025-08-10 09:12:48,984 - SinkIdentifier - INFO - Skipping libsmbif.so: already exists in database.
2025-08-10 09:12:48,984 - SinkIdentifier - INFO - Skipping libapkg2.so: already exists in database.
2025-08-10 09:12:48,984 - SinkIdentifier - INFO - Skipping libaccount.so: already exists in database.
2025-08-10 09:12:48,985 - SinkIdentifier - INFO - Skipping libmycloud.so: already exists in database.
2025-08-10 09:12:48,985 - SinkIdentifier - INFO - Skipping libwto.so: already exists in database.
2025-08-10 09:12:48,987 - SinkIdentifier - INFO - [libxmldbc.so] Loaded successfully with 0 items.
2025-08-10 09:12:48,990 - SinkIdentifier - INFO - [libshare.so] Loaded successfully with 31 items.
2025-08-10 09:12:48,991 - SinkIdentifier - INFO - [libftp.so] Loaded successfully with 6 items.
2025-08-10 09:12:48,992 - SinkIdentifier - INFO - [libcgic.so] Loaded successfully with 1 items.
2025-08-10 09:12:48,993 - SinkIdentifier - INFO - [libmail.so] Loaded successfully with 0 items.
2025-08-10 09:12:48,993 - SinkIdentifier - INFO - [libapkg2.so] Loaded successfully with 0 items.
2025-08-10 09:12:48,994 - SinkIdentifier - INFO - [libaccount.so] Loaded successfully with 0 items.
2025-08-10 09:12:48,995 - SinkIdentifier - INFO - [libsmbif.so] Loaded successfully with 16 items.
2025-08-10 09:12:48,996 - SinkIdentifier - INFO - [libmycloud.so] Loaded successfully with 0 items.
2025-08-10 09:12:48,996 - SinkIdentifier - INFO - [libwto.so] Loaded successfully with 5 items.
2025-08-10 09:13:16,770 - SinkIdentifier - INFO - libxmldbc.so: 0 items loaded.
2025-08-10 09:13:16,771 - SinkIdentifier - INFO - libshare.so: 31 items loaded.
2025-08-10 09:13:16,771 - SinkIdentifier - INFO - libftp.so: 6 items loaded.
2025-08-10 09:13:16,772 - SinkIdentifier - INFO - libcgic.so: 1 items loaded.
2025-08-10 09:13:16,772 - SinkIdentifier - INFO - libmail.so: 0 items loaded.
2025-08-10 09:13:16,772 - SinkIdentifier - INFO - libapkg2.so: 0 items loaded.
2025-08-10 09:13:16,772 - SinkIdentifier - INFO - libaccount.so: 0 items loaded.
2025-08-10 09:13:16,773 - SinkIdentifier - INFO - libsmbif.so: 16 items loaded.
2025-08-10 09:13:16,773 - SinkIdentifier - INFO - libmycloud.so: 0 items loaded.
2025-08-10 09:13:16,773 - SinkIdentifier - INFO - libwto.so: 5 items loaded.
2025-08-10 09:18:57,990 - SinkIdentifier - INFO - Skipping libcgic.so: already exists in database.
2025-08-10 09:18:57,990 - SinkIdentifier - INFO - Skipping libftp.so: already exists in database.
2025-08-10 09:18:57,990 - SinkIdentifier - INFO - Skipping libxmldbc.so: already exists in database.
2025-08-10 09:18:57,990 - SinkIdentifier - INFO - Skipping libshare.so: already exists in database.
2025-08-10 09:18:57,990 - SinkIdentifier - INFO - Skipping libmail.so: already exists in database.
2025-08-10 09:18:57,990 - SinkIdentifier - INFO - Skipping libsmbif.so: already exists in database.
2025-08-10 09:18:57,990 - SinkIdentifier - INFO - Skipping libapkg2.so: already exists in database.
2025-08-10 09:18:57,990 - SinkIdentifier - INFO - Skipping libaccount.so: already exists in database.
2025-08-10 09:18:57,990 - SinkIdentifier - INFO - Skipping libmycloud.so: already exists in database.
2025-08-10 09:18:57,990 - SinkIdentifier - INFO - Skipping libwto.so: already exists in database.
2025-08-10 09:18:57,991 - SinkIdentifier - INFO - [libxmldbc.so] Loaded successfully with 0 items.
2025-08-10 09:18:57,991 - SinkIdentifier - INFO - [libshare.so] Loaded successfully with 31 items.
2025-08-10 09:18:57,991 - SinkIdentifier - INFO - [libftp.so] Loaded successfully with 6 items.
2025-08-10 09:18:57,992 - SinkIdentifier - INFO - [libcgic.so] Loaded successfully with 1 items.
2025-08-10 09:18:57,992 - SinkIdentifier - INFO - [libmail.so] Loaded successfully with 0 items.
2025-08-10 09:18:57,992 - SinkIdentifier - INFO - [libapkg2.so] Loaded successfully with 0 items.
2025-08-10 09:18:57,992 - SinkIdentifier - INFO - [libaccount.so] Loaded successfully with 0 items.
2025-08-10 09:18:57,992 - SinkIdentifier - INFO - [libsmbif.so] Loaded successfully with 16 items.
2025-08-10 09:18:57,992 - SinkIdentifier - INFO - [libmycloud.so] Loaded successfully with 0 items.
2025-08-10 09:18:57,992 - SinkIdentifier - INFO - [libwto.so] Loaded successfully with 5 items.
2025-08-10 09:19:22,092 - SinkIdentifier - INFO - libxmldbc.so: 0 items loaded.
2025-08-10 09:19:22,092 - SinkIdentifier - INFO - libshare.so: 31 items loaded.
2025-08-10 09:19:22,092 - SinkIdentifier - INFO - libftp.so: 6 items loaded.
2025-08-10 09:19:22,092 - SinkIdentifier - INFO - libcgic.so: 1 items loaded.
2025-08-10 09:19:22,093 - SinkIdentifier - INFO - libmail.so: 0 items loaded.
2025-08-10 09:19:22,093 - SinkIdentifier - INFO - libapkg2.so: 0 items loaded.
2025-08-10 09:19:22,093 - SinkIdentifier - INFO - libaccount.so: 0 items loaded.
2025-08-10 09:19:22,093 - SinkIdentifier - INFO - libsmbif.so: 16 items loaded.
2025-08-10 09:19:22,093 - SinkIdentifier - INFO - libmycloud.so: 0 items loaded.
2025-08-10 09:19:22,093 - SinkIdentifier - INFO - libwto.so: 5 items loaded.
2025-08-10 09:21:21,494 - SinkIdentifier - INFO - Skipping libnvram.so: already exists in database.
2025-08-10 09:21:21,495 - SinkIdentifier - INFO - Skipping libshared.so: already exists in database.
2025-08-10 09:21:21,497 - SinkIdentifier - INFO - [libnvram.so] Loaded successfully with 19 items.
2025-08-10 09:21:21,497 - SinkIdentifier - INFO - [libshared.so] Loaded successfully with 59 items.
2025-08-10 09:21:50,223 - SinkIdentifier - INFO - libnvram.so: 19 items loaded.
2025-08-10 09:21:50,223 - SinkIdentifier - INFO - libshared.so: 59 items loaded.
2025-08-10 09:33:14,161 - SinkIdentifier - INFO - Skipping libcgic.so: already exists in database.
2025-08-10 09:33:14,162 - SinkIdentifier - INFO - Skipping libftp.so: already exists in database.
2025-08-10 09:33:14,162 - SinkIdentifier - INFO - Skipping libxmldbc.so: already exists in database.
2025-08-10 09:33:14,162 - SinkIdentifier - INFO - Skipping libshare.so: already exists in database.
2025-08-10 09:33:14,162 - SinkIdentifier - INFO - Skipping libmail.so: already exists in database.
2025-08-10 09:33:14,165 - SinkIdentifier - INFO - Skipping libsmbif.so: already exists in database.
2025-08-10 09:33:14,165 - SinkIdentifier - INFO - Skipping libapkg2.so: already exists in database.
2025-08-10 09:33:14,166 - SinkIdentifier - INFO - Skipping libaccount.so: already exists in database.
2025-08-10 09:33:14,167 - SinkIdentifier - INFO - Skipping libmycloud.so: already exists in database.
2025-08-10 09:33:14,167 - SinkIdentifier - INFO - Skipping libwto.so: already exists in database.
2025-08-10 09:33:14,169 - SinkIdentifier - INFO - [libxmldbc.so] Loaded successfully with 0 items.
2025-08-10 09:33:14,170 - SinkIdentifier - INFO - [libshare.so] Loaded successfully with 31 items.
2025-08-10 09:33:14,171 - SinkIdentifier - INFO - [libftp.so] Loaded successfully with 6 items.
2025-08-10 09:33:14,171 - SinkIdentifier - INFO - [libcgic.so] Loaded successfully with 1 items.
2025-08-10 09:33:14,172 - SinkIdentifier - INFO - [libmail.so] Loaded successfully with 0 items.
2025-08-10 09:33:14,172 - SinkIdentifier - INFO - [libapkg2.so] Loaded successfully with 0 items.
2025-08-10 09:33:14,173 - SinkIdentifier - INFO - [libaccount.so] Loaded successfully with 0 items.
2025-08-10 09:33:14,174 - SinkIdentifier - INFO - [libsmbif.so] Loaded successfully with 16 items.
2025-08-10 09:33:14,174 - SinkIdentifier - INFO - [libmycloud.so] Loaded successfully with 0 items.
2025-08-10 09:33:14,174 - SinkIdentifier - INFO - [libwto.so] Loaded successfully with 5 items.
2025-08-10 09:33:37,899 - SinkIdentifier - INFO - libxmldbc.so: 0 items loaded.
2025-08-10 09:33:37,900 - SinkIdentifier - INFO - libshare.so: 31 items loaded.
2025-08-10 09:33:37,900 - SinkIdentifier - INFO - libftp.so: 6 items loaded.
2025-08-10 09:33:37,900 - SinkIdentifier - INFO - libcgic.so: 1 items loaded.
2025-08-10 09:33:37,901 - SinkIdentifier - INFO - libmail.so: 0 items loaded.
2025-08-10 09:33:37,901 - SinkIdentifier - INFO - libapkg2.so: 0 items loaded.
2025-08-10 09:33:37,901 - SinkIdentifier - INFO - libaccount.so: 0 items loaded.
2025-08-10 09:33:37,902 - SinkIdentifier - INFO - libsmbif.so: 16 items loaded.
2025-08-10 09:33:37,902 - SinkIdentifier - INFO - libmycloud.so: 0 items loaded.
2025-08-10 09:33:37,902 - SinkIdentifier - INFO - libwto.so: 5 items loaded.
2025-08-10 09:35:43,327 - SinkIdentifier - INFO - Skipping libcgic.so: already exists in database.
2025-08-10 09:35:43,327 - SinkIdentifier - INFO - Skipping libftp.so: already exists in database.
2025-08-10 09:35:43,327 - SinkIdentifier - INFO - Skipping libxmldbc.so: already exists in database.
2025-08-10 09:35:43,327 - SinkIdentifier - INFO - Skipping libshare.so: already exists in database.
2025-08-10 09:35:43,327 - SinkIdentifier - INFO - Skipping libmail.so: already exists in database.
2025-08-10 09:35:43,327 - SinkIdentifier - INFO - Skipping libsmbif.so: already exists in database.
2025-08-10 09:35:43,327 - SinkIdentifier - INFO - Skipping libapkg2.so: already exists in database.
2025-08-10 09:35:43,327 - SinkIdentifier - INFO - Skipping libaccount.so: already exists in database.
2025-08-10 09:35:43,327 - SinkIdentifier - INFO - Skipping libmycloud.so: already exists in database.
2025-08-10 09:35:43,327 - SinkIdentifier - INFO - Skipping libwto.so: already exists in database.
2025-08-10 09:35:43,328 - SinkIdentifier - INFO - [libxmldbc.so] Loaded successfully with 0 items.
2025-08-10 09:35:43,328 - SinkIdentifier - INFO - [libshare.so] Loaded successfully with 31 items.
2025-08-10 09:35:43,328 - SinkIdentifier - INFO - [libftp.so] Loaded successfully with 6 items.
2025-08-10 09:35:43,328 - SinkIdentifier - INFO - [libcgic.so] Loaded successfully with 1 items.
2025-08-10 09:35:43,328 - SinkIdentifier - INFO - [libmail.so] Loaded successfully with 0 items.
2025-08-10 09:35:43,328 - SinkIdentifier - INFO - [libapkg2.so] Loaded successfully with 0 items.
2025-08-10 09:35:43,329 - SinkIdentifier - INFO - [libaccount.so] Loaded successfully with 0 items.
2025-08-10 09:35:43,329 - SinkIdentifier - INFO - [libsmbif.so] Loaded successfully with 16 items.
2025-08-10 09:35:43,329 - SinkIdentifier - INFO - [libmycloud.so] Loaded successfully with 0 items.
2025-08-10 09:35:43,329 - SinkIdentifier - INFO - [libwto.so] Loaded successfully with 5 items.
2025-08-10 09:36:08,005 - SinkIdentifier - INFO - libxmldbc.so: 0 items loaded.
2025-08-10 09:36:08,005 - SinkIdentifier - INFO - libshare.so: 31 items loaded.
2025-08-10 09:36:08,005 - SinkIdentifier - INFO - libftp.so: 6 items loaded.
2025-08-10 09:36:08,005 - SinkIdentifier - INFO - libcgic.so: 1 items loaded.
2025-08-10 09:36:08,005 - SinkIdentifier - INFO - libmail.so: 0 items loaded.
2025-08-10 09:36:08,006 - SinkIdentifier - INFO - libapkg2.so: 0 items loaded.
2025-08-10 09:36:08,006 - SinkIdentifier - INFO - libaccount.so: 0 items loaded.
2025-08-10 09:36:08,006 - SinkIdentifier - INFO - libsmbif.so: 16 items loaded.
2025-08-10 09:36:08,006 - SinkIdentifier - INFO - libmycloud.so: 0 items loaded.
2025-08-10 09:36:08,006 - SinkIdentifier - INFO - libwto.so: 5 items loaded.
2025-08-10 09:37:27,777 - SinkIdentifier - INFO - Skipping libcgic.so: already exists in database.
2025-08-10 09:37:27,777 - SinkIdentifier - INFO - Skipping libftp.so: already exists in database.
2025-08-10 09:37:27,777 - SinkIdentifier - INFO - Skipping libxmldbc.so: already exists in database.
2025-08-10 09:37:27,778 - SinkIdentifier - INFO - Skipping libshare.so: already exists in database.
2025-08-10 09:37:27,778 - SinkIdentifier - INFO - Skipping libmail.so: already exists in database.
2025-08-10 09:37:27,779 - SinkIdentifier - INFO - Skipping libsmbif.so: already exists in database.
2025-08-10 09:37:27,779 - SinkIdentifier - INFO - Skipping libapkg2.so: already exists in database.
2025-08-10 09:37:27,779 - SinkIdentifier - INFO - Skipping libaccount.so: already exists in database.
2025-08-10 09:37:27,779 - SinkIdentifier - INFO - Skipping libmycloud.so: already exists in database.
2025-08-10 09:37:27,779 - SinkIdentifier - INFO - Skipping libwto.so: already exists in database.
2025-08-10 09:37:27,780 - SinkIdentifier - INFO - [libxmldbc.so] Loaded successfully with 0 items.
2025-08-10 09:37:27,781 - SinkIdentifier - INFO - [libshare.so] Loaded successfully with 31 items.
2025-08-10 09:37:27,781 - SinkIdentifier - INFO - [libftp.so] Loaded successfully with 6 items.
2025-08-10 09:37:27,781 - SinkIdentifier - INFO - [libcgic.so] Loaded successfully with 1 items.
2025-08-10 09:37:27,781 - SinkIdentifier - INFO - [libmail.so] Loaded successfully with 0 items.
2025-08-10 09:37:27,782 - SinkIdentifier - INFO - [libapkg2.so] Loaded successfully with 0 items.
2025-08-10 09:37:27,782 - SinkIdentifier - INFO - [libaccount.so] Loaded successfully with 0 items.
2025-08-10 09:37:27,783 - SinkIdentifier - INFO - [libsmbif.so] Loaded successfully with 16 items.
2025-08-10 09:37:27,784 - SinkIdentifier - INFO - [libmycloud.so] Loaded successfully with 0 items.
2025-08-10 09:37:27,784 - SinkIdentifier - INFO - [libwto.so] Loaded successfully with 5 items.
2025-08-10 09:37:51,690 - SinkIdentifier - INFO - libxmldbc.so: 0 items loaded.
2025-08-10 09:37:51,691 - SinkIdentifier - INFO - libshare.so: 31 items loaded.
2025-08-10 09:37:51,691 - SinkIdentifier - INFO - libftp.so: 6 items loaded.
2025-08-10 09:37:51,692 - SinkIdentifier - INFO - libcgic.so: 1 items loaded.
2025-08-10 09:37:51,693 - SinkIdentifier - INFO - libmail.so: 0 items loaded.
2025-08-10 09:37:51,695 - SinkIdentifier - INFO - libapkg2.so: 0 items loaded.
2025-08-10 09:37:51,696 - SinkIdentifier - INFO - libaccount.so: 0 items loaded.
2025-08-10 09:37:51,696 - SinkIdentifier - INFO - libsmbif.so: 16 items loaded.
2025-08-10 09:37:51,696 - SinkIdentifier - INFO - libmycloud.so: 0 items loaded.
2025-08-10 09:37:51,697 - SinkIdentifier - INFO - libwto.so: 5 items loaded.
2025-08-10 09:41:58,396 - SinkIdentifier - INFO - Skipping libcgic.so: already exists in database.
2025-08-10 09:41:58,397 - SinkIdentifier - INFO - Skipping libftp.so: already exists in database.
2025-08-10 09:41:58,397 - SinkIdentifier - INFO - Skipping libxmldbc.so: already exists in database.
2025-08-10 09:41:58,397 - SinkIdentifier - INFO - Skipping libshare.so: already exists in database.
2025-08-10 09:41:58,397 - SinkIdentifier - INFO - Skipping libmail.so: already exists in database.
2025-08-10 09:41:58,397 - SinkIdentifier - INFO - Skipping libsmbif.so: already exists in database.
2025-08-10 09:41:58,397 - SinkIdentifier - INFO - Skipping libapkg2.so: already exists in database.
2025-08-10 09:41:58,397 - SinkIdentifier - INFO - Skipping libaccount.so: already exists in database.
2025-08-10 09:41:58,397 - SinkIdentifier - INFO - Skipping libmycloud.so: already exists in database.
2025-08-10 09:41:58,397 - SinkIdentifier - INFO - Skipping libwto.so: already exists in database.
2025-08-10 09:41:58,398 - SinkIdentifier - INFO - [libxmldbc.so] Loaded successfully with 0 items.
2025-08-10 09:41:58,401 - SinkIdentifier - INFO - [libshare.so] Loaded successfully with 31 items.
2025-08-10 09:41:58,401 - SinkIdentifier - INFO - [libftp.so] Loaded successfully with 6 items.
2025-08-10 09:41:58,401 - SinkIdentifier - INFO - [libcgic.so] Loaded successfully with 1 items.
2025-08-10 09:41:58,401 - SinkIdentifier - INFO - [libmail.so] Loaded successfully with 0 items.
2025-08-10 09:41:58,401 - SinkIdentifier - INFO - [libapkg2.so] Loaded successfully with 0 items.
2025-08-10 09:41:58,401 - SinkIdentifier - INFO - [libaccount.so] Loaded successfully with 0 items.
2025-08-10 09:41:58,401 - SinkIdentifier - INFO - [libsmbif.so] Loaded successfully with 16 items.
2025-08-10 09:41:58,402 - SinkIdentifier - INFO - [libmycloud.so] Loaded successfully with 0 items.
2025-08-10 09:41:58,402 - SinkIdentifier - INFO - [libwto.so] Loaded successfully with 5 items.
2025-08-10 09:42:25,030 - SinkIdentifier - INFO - libxmldbc.so: 0 items loaded.
2025-08-10 09:42:25,031 - SinkIdentifier - INFO - libshare.so: 31 items loaded.
2025-08-10 09:42:25,031 - SinkIdentifier - INFO - libftp.so: 6 items loaded.
2025-08-10 09:42:25,031 - SinkIdentifier - INFO - libcgic.so: 1 items loaded.
2025-08-10 09:42:25,031 - SinkIdentifier - INFO - libmail.so: 0 items loaded.
2025-08-10 09:42:25,031 - SinkIdentifier - INFO - libapkg2.so: 0 items loaded.
2025-08-10 09:42:25,031 - SinkIdentifier - INFO - libaccount.so: 0 items loaded.
2025-08-10 09:42:25,031 - SinkIdentifier - INFO - libsmbif.so: 16 items loaded.
2025-08-10 09:42:25,031 - SinkIdentifier - INFO - libmycloud.so: 0 items loaded.
2025-08-10 09:42:25,031 - SinkIdentifier - INFO - libwto.so: 5 items loaded.
2025-08-10 09:45:07,156 - SinkIdentifier - INFO - Skipping libcgic.so: already exists in database.
2025-08-10 09:45:07,156 - SinkIdentifier - INFO - Skipping libftp.so: already exists in database.
2025-08-10 09:45:07,156 - SinkIdentifier - INFO - Skipping libxmldbc.so: already exists in database.
2025-08-10 09:45:07,157 - SinkIdentifier - INFO - Skipping libshare.so: already exists in database.
2025-08-10 09:45:07,157 - SinkIdentifier - INFO - Skipping libmail.so: already exists in database.
2025-08-10 09:45:07,157 - SinkIdentifier - INFO - Skipping libsmbif.so: already exists in database.
2025-08-10 09:45:07,157 - SinkIdentifier - INFO - Skipping libapkg2.so: already exists in database.
2025-08-10 09:45:07,158 - SinkIdentifier - INFO - Skipping libaccount.so: already exists in database.
2025-08-10 09:45:07,158 - SinkIdentifier - INFO - Skipping libmycloud.so: already exists in database.
2025-08-10 09:45:07,158 - SinkIdentifier - INFO - Skipping libwto.so: already exists in database.
2025-08-10 09:45:07,161 - SinkIdentifier - INFO - [libxmldbc.so] Loaded successfully with 0 items.
2025-08-10 09:45:07,162 - SinkIdentifier - INFO - [libshare.so] Loaded successfully with 31 items.
2025-08-10 09:45:07,162 - SinkIdentifier - INFO - [libftp.so] Loaded successfully with 6 items.
2025-08-10 09:45:07,162 - SinkIdentifier - INFO - [libcgic.so] Loaded successfully with 1 items.
2025-08-10 09:45:07,162 - SinkIdentifier - INFO - [libmail.so] Loaded successfully with 0 items.
2025-08-10 09:45:07,163 - SinkIdentifier - INFO - [libapkg2.so] Loaded successfully with 0 items.
2025-08-10 09:45:07,163 - SinkIdentifier - INFO - [libaccount.so] Loaded successfully with 0 items.
2025-08-10 09:45:07,163 - SinkIdentifier - INFO - [libsmbif.so] Loaded successfully with 16 items.
2025-08-10 09:45:07,163 - SinkIdentifier - INFO - [libmycloud.so] Loaded successfully with 0 items.
2025-08-10 09:45:07,163 - SinkIdentifier - INFO - [libwto.so] Loaded successfully with 5 items.
2025-08-10 09:45:31,830 - SinkIdentifier - INFO - libxmldbc.so: 0 items loaded.
2025-08-10 09:45:31,831 - SinkIdentifier - INFO - libshare.so: 31 items loaded.
2025-08-10 09:45:31,831 - SinkIdentifier - INFO - libftp.so: 6 items loaded.
2025-08-10 09:45:31,831 - SinkIdentifier - INFO - libcgic.so: 1 items loaded.
2025-08-10 09:45:31,831 - SinkIdentifier - INFO - libmail.so: 0 items loaded.
2025-08-10 09:45:31,831 - SinkIdentifier - INFO - libapkg2.so: 0 items loaded.
2025-08-10 09:45:31,831 - SinkIdentifier - INFO - libaccount.so: 0 items loaded.
2025-08-10 09:45:31,831 - SinkIdentifier - INFO - libsmbif.so: 16 items loaded.
2025-08-10 09:45:31,832 - SinkIdentifier - INFO - libmycloud.so: 0 items loaded.
2025-08-10 09:45:31,832 - SinkIdentifier - INFO - libwto.so: 5 items loaded.
2025-08-10 09:48:32,405 - SinkIdentifier - INFO - Skipping libcgic.so: already exists in database.
2025-08-10 09:48:32,405 - SinkIdentifier - INFO - Skipping libftp.so: already exists in database.
2025-08-10 09:48:32,406 - SinkIdentifier - INFO - Skipping libxmldbc.so: already exists in database.
2025-08-10 09:48:32,406 - SinkIdentifier - INFO - Skipping libshare.so: already exists in database.
2025-08-10 09:48:32,406 - SinkIdentifier - INFO - Skipping libmail.so: already exists in database.
2025-08-10 09:48:32,406 - SinkIdentifier - INFO - Skipping libsmbif.so: already exists in database.
2025-08-10 09:48:32,406 - SinkIdentifier - INFO - Skipping libapkg2.so: already exists in database.
2025-08-10 09:48:32,406 - SinkIdentifier - INFO - Skipping libaccount.so: already exists in database.
2025-08-10 09:48:32,406 - SinkIdentifier - INFO - Skipping libmycloud.so: already exists in database.
2025-08-10 09:48:32,407 - SinkIdentifier - INFO - Skipping libwto.so: already exists in database.
2025-08-10 09:48:32,409 - SinkIdentifier - INFO - [libxmldbc.so] Loaded successfully with 0 items.
2025-08-10 09:48:32,409 - SinkIdentifier - INFO - [libshare.so] Loaded successfully with 31 items.
2025-08-10 09:48:32,409 - SinkIdentifier - INFO - [libftp.so] Loaded successfully with 6 items.
2025-08-10 09:48:32,409 - SinkIdentifier - INFO - [libcgic.so] Loaded successfully with 1 items.
2025-08-10 09:48:32,409 - SinkIdentifier - INFO - [libmail.so] Loaded successfully with 0 items.
2025-08-10 09:48:32,410 - SinkIdentifier - INFO - [libapkg2.so] Loaded successfully with 0 items.
2025-08-10 09:48:32,410 - SinkIdentifier - INFO - [libaccount.so] Loaded successfully with 0 items.
2025-08-10 09:48:32,411 - SinkIdentifier - INFO - [libsmbif.so] Loaded successfully with 16 items.
2025-08-10 09:48:32,411 - SinkIdentifier - INFO - [libmycloud.so] Loaded successfully with 0 items.
2025-08-10 09:48:32,411 - SinkIdentifier - INFO - [libwto.so] Loaded successfully with 5 items.
2025-08-10 09:48:56,278 - SinkIdentifier - INFO - libxmldbc.so: 0 items loaded.
2025-08-10 09:48:56,278 - SinkIdentifier - INFO - libshare.so: 31 items loaded.
2025-08-10 09:48:56,278 - SinkIdentifier - INFO - libftp.so: 6 items loaded.
2025-08-10 09:48:56,278 - SinkIdentifier - INFO - libcgic.so: 1 items loaded.
2025-08-10 09:48:56,279 - SinkIdentifier - INFO - libmail.so: 0 items loaded.
2025-08-10 09:48:56,279 - SinkIdentifier - INFO - libapkg2.so: 0 items loaded.
2025-08-10 09:48:56,279 - SinkIdentifier - INFO - libaccount.so: 0 items loaded.
2025-08-10 09:48:56,279 - SinkIdentifier - INFO - libsmbif.so: 16 items loaded.
2025-08-10 09:48:56,279 - SinkIdentifier - INFO - libmycloud.so: 0 items loaded.
2025-08-10 09:48:56,279 - SinkIdentifier - INFO - libwto.so: 5 items loaded.
2025-08-10 19:28:29,998 - SinkIdentifier - INFO - Skipping libnat.so: already exists in database.
2025-08-10 19:28:29,999 - SinkIdentifier - INFO - Skipping libnvram.so: already exists in database.
2025-08-10 19:28:29,999 - SinkIdentifier - INFO - Skipping libacos_shared.so: already exists in database.
2025-08-10 19:28:29,999 - SinkIdentifier - INFO - Skipping libcrypt.so.0: already exists in database.
2025-08-10 19:28:29,999 - SinkIdentifier - INFO - Skipping libgcc_s.so.1: already exists in database.
2025-08-10 19:28:30,001 - SinkIdentifier - INFO - [libnvram.so] Loaded successfully with 0 items.
2025-08-10 19:28:30,001 - SinkIdentifier - INFO - [libcrypt.so.0] Loaded successfully with 0 items.
2025-08-10 19:28:30,001 - SinkIdentifier - INFO - [libnat.so] Loaded successfully with 0 items.
2025-08-10 19:28:30,002 - SinkIdentifier - INFO - [libacos_shared.so] Loaded successfully with 102 items.
2025-08-10 19:28:30,002 - SinkIdentifier - INFO - [libgcc_s.so.1] Loaded successfully with 0 items.
2025-08-10 19:28:52,307 - SinkIdentifier - INFO - libnvram.so: 0 items loaded.
2025-08-10 19:28:52,307 - SinkIdentifier - INFO - libcrypt.so.0: 0 items loaded.
2025-08-10 19:28:52,307 - SinkIdentifier - INFO - libnat.so: 0 items loaded.
2025-08-10 19:28:52,308 - SinkIdentifier - INFO - libacos_shared.so: 102 items loaded.
2025-08-10 19:28:52,308 - SinkIdentifier - INFO - libgcc_s.so.1: 0 items loaded.
2025-08-10 20:07:42,078 - SinkIdentifier - INFO - Skipping libnat.so: already exists in database.
2025-08-10 20:07:42,078 - SinkIdentifier - INFO - Skipping libnvram.so: already exists in database.
2025-08-10 20:07:42,078 - SinkIdentifier - INFO - Skipping libacos_shared.so: already exists in database.
2025-08-10 20:07:42,078 - SinkIdentifier - INFO - Skipping libcrypt.so.0: already exists in database.
2025-08-10 20:07:42,078 - SinkIdentifier - INFO - Skipping libgcc_s.so.1: already exists in database.
2025-08-10 20:07:42,079 - SinkIdentifier - INFO - [libnvram.so] Loaded successfully with 0 items.
2025-08-10 20:07:42,079 - SinkIdentifier - INFO - [libcrypt.so.0] Loaded successfully with 0 items.
2025-08-10 20:07:42,079 - SinkIdentifier - INFO - [libnat.so] Loaded successfully with 0 items.
2025-08-10 20:07:42,079 - SinkIdentifier - INFO - [libacos_shared.so] Loaded successfully with 102 items.
2025-08-10 20:07:42,079 - SinkIdentifier - INFO - [libgcc_s.so.1] Loaded successfully with 0 items.
2025-08-10 20:07:59,854 - SinkIdentifier - INFO - libnvram.so: 0 items loaded.
2025-08-10 20:07:59,854 - SinkIdentifier - INFO - libcrypt.so.0: 0 items loaded.
2025-08-10 20:07:59,854 - SinkIdentifier - INFO - libnat.so: 0 items loaded.
2025-08-10 20:07:59,854 - SinkIdentifier - INFO - libacos_shared.so: 102 items loaded.
2025-08-10 20:07:59,854 - SinkIdentifier - INFO - libgcc_s.so.1: 0 items loaded.
2025-08-10 20:14:30,504 - SinkIdentifier - INFO - Skipping libnat.so: already exists in database.
2025-08-10 20:14:30,504 - SinkIdentifier - INFO - Skipping libnvram.so: already exists in database.
2025-08-10 20:14:30,504 - SinkIdentifier - INFO - Skipping libacos_shared.so: already exists in database.
2025-08-10 20:14:30,504 - SinkIdentifier - INFO - Skipping libcrypt.so.0: already exists in database.
2025-08-10 20:14:30,504 - SinkIdentifier - INFO - Skipping libgcc_s.so.1: already exists in database.
2025-08-10 20:14:30,505 - SinkIdentifier - INFO - [libnvram.so] Loaded successfully with 0 items.
2025-08-10 20:14:30,505 - SinkIdentifier - INFO - [libcrypt.so.0] Loaded successfully with 0 items.
2025-08-10 20:14:30,505 - SinkIdentifier - INFO - [libnat.so] Loaded successfully with 0 items.
2025-08-10 20:14:30,506 - SinkIdentifier - INFO - [libacos_shared.so] Loaded successfully with 69 items.
2025-08-10 20:14:30,506 - SinkIdentifier - INFO - [libgcc_s.so.1] Loaded successfully with 0 items.
2025-08-10 20:14:52,906 - SinkIdentifier - INFO - libnvram.so: 0 items loaded.
2025-08-10 20:14:52,906 - SinkIdentifier - INFO - libcrypt.so.0: 0 items loaded.
2025-08-10 20:14:52,906 - SinkIdentifier - INFO - libnat.so: 0 items loaded.
2025-08-10 20:14:52,906 - SinkIdentifier - INFO - libacos_shared.so: 69 items loaded.
2025-08-10 20:14:52,907 - SinkIdentifier - INFO - libgcc_s.so.1: 0 items loaded.
2025-08-10 20:20:18,795 - SinkIdentifier - INFO - Skipping libpthread.so.0: already exists in database.
2025-08-10 20:20:18,795 - SinkIdentifier - INFO - Skipping librt.so.0: already exists in database.
2025-08-10 20:20:18,796 - SinkIdentifier - INFO - Skipping libplcapi.so: already exists in database.
2025-08-10 20:20:18,796 - SinkIdentifier - INFO - Skipping libappconf.so: already exists in database.
2025-08-10 20:20:18,796 - SinkIdentifier - INFO - Skipping libgcc_s.so.1: already exists in database.
2025-08-10 20:20:18,797 - SinkIdentifier - INFO - [libplcapi.so] Loaded successfully with 0 items.
2025-08-10 20:20:18,797 - SinkIdentifier - INFO - [librt.so.0] Loaded successfully with 0 items.
2025-08-10 20:20:18,798 - SinkIdentifier - INFO - [libappconf.so] Loaded successfully with 0 items.
2025-08-10 20:20:18,798 - SinkIdentifier - INFO - [libpthread.so.0] Loaded successfully with 0 items.
2025-08-10 20:20:18,798 - SinkIdentifier - INFO - [libgcc_s.so.1] Loaded successfully with 0 items.
2025-08-10 20:20:18,798 - SinkIdentifier - INFO - libplcapi.so: 0 items loaded.
2025-08-10 20:20:18,798 - SinkIdentifier - INFO - librt.so.0: 0 items loaded.
2025-08-10 20:20:18,798 - SinkIdentifier - INFO - libappconf.so: 0 items loaded.
2025-08-10 20:20:18,798 - SinkIdentifier - INFO - libpthread.so.0: 0 items loaded.
2025-08-10 20:20:18,798 - SinkIdentifier - INFO - libgcc_s.so.1: 0 items loaded.
2025-08-10 21:50:23,578 - SinkIdentifier - INFO - Skipping libnvram.so: already exists in database.
2025-08-10 21:50:23,578 - SinkIdentifier - INFO - Skipping libshared.so: already exists in database.
2025-08-10 21:50:23,578 - SinkIdentifier - INFO - Skipping libcrypto.so: already exists in database.
2025-08-10 21:50:23,578 - SinkIdentifier - INFO - Skipping libssl.so: already exists in database.
2025-08-10 21:50:23,578 - SinkIdentifier - INFO - Skipping libexpat.so: already exists in database.
2025-08-10 21:50:23,579 - SinkIdentifier - INFO - [libnvram.so] Loaded successfully with 0 items.
2025-08-10 21:50:23,579 - SinkIdentifier - INFO - [libshared.so] Loaded successfully with 3 items.
2025-08-10 21:50:23,579 - SinkIdentifier - INFO - [libssl.so] Loaded successfully with 0 items.
2025-08-10 21:50:23,580 - SinkIdentifier - INFO - [libexpat.so] Loaded successfully with 0 items.
2025-08-10 21:50:23,580 - SinkIdentifier - INFO - [libcrypto.so] Loaded successfully with 0 items.
2025-08-10 21:50:39,941 - SinkIdentifier - INFO - libnvram.so: 0 items loaded.
2025-08-10 21:50:39,941 - SinkIdentifier - INFO - libshared.so: 3 items loaded.
2025-08-10 21:50:39,942 - SinkIdentifier - INFO - libssl.so: 0 items loaded.
2025-08-10 21:50:39,942 - SinkIdentifier - INFO - libexpat.so: 0 items loaded.
2025-08-10 21:50:39,942 - SinkIdentifier - INFO - libcrypto.so: 0 items loaded.
2025-08-10 21:57:41,720 - SinkIdentifier - INFO - Skipping libsutil.so: already exists in database.
2025-08-10 21:57:41,720 - SinkIdentifier - INFO - Skipping libproject.so: already exists in database.
2025-08-10 21:57:41,720 - SinkIdentifier - INFO - Skipping libipv6.so: already exists in database.
2025-08-10 21:57:41,721 - SinkIdentifier - INFO - Skipping libvct.so: already exists in database.
2025-08-10 21:57:41,721 - SinkIdentifier - INFO - Skipping libxmo.so: already exists in database.
2025-08-10 21:57:41,721 - SinkIdentifier - INFO - Skipping libm.so.0: already exists in database.
2025-08-10 21:57:41,721 - SinkIdentifier - INFO - Skipping libgcc_s.so.1: already exists in database.
2025-08-10 21:57:41,722 - SinkIdentifier - INFO - [libipv6.so] Loaded successfully with 2 items.
2025-08-10 21:57:41,722 - SinkIdentifier - INFO - [libvct.so] Loaded successfully with 2 items.
2025-08-10 21:57:41,722 - SinkIdentifier - INFO - [libproject.so] Loaded successfully with 2 items.
2025-08-10 21:57:41,722 - SinkIdentifier - INFO - [libsutil.so] Loaded successfully with 5 items.
2025-08-10 21:57:41,722 - SinkIdentifier - INFO - [libxmo.so] Loaded successfully with 0 items.
2025-08-10 21:57:41,722 - SinkIdentifier - INFO - [libm.so.0] Loaded successfully with 0 items.
2025-08-10 21:57:41,722 - SinkIdentifier - INFO - [libgcc_s.so.1] Loaded successfully with 0 items.
2025-08-10 21:57:58,261 - SinkIdentifier - INFO - libipv6.so: 2 items loaded.
2025-08-10 21:57:58,261 - SinkIdentifier - INFO - libvct.so: 2 items loaded.
2025-08-10 21:57:58,261 - SinkIdentifier - INFO - libproject.so: 2 items loaded.
2025-08-10 21:57:58,261 - SinkIdentifier - INFO - libsutil.so: 5 items loaded.
2025-08-10 21:57:58,261 - SinkIdentifier - INFO - libxmo.so: 0 items loaded.
2025-08-10 21:57:58,261 - SinkIdentifier - INFO - libm.so.0: 0 items loaded.
2025-08-10 21:57:58,261 - SinkIdentifier - INFO - libgcc_s.so.1: 0 items loaded.
2025-08-10 22:10:09,398 - SinkIdentifier - INFO - Skipping libucapi.so: already exists in database.
2025-08-10 22:10:09,399 - SinkIdentifier - INFO - Skipping libcms_msg.so: already exists in database.
2025-08-10 22:10:09,399 - SinkIdentifier - INFO - Skipping libkm.so: already exists in database.
2025-08-10 22:10:09,399 - SinkIdentifier - INFO - Skipping libcms_util.so: already exists in database.
2025-08-10 22:10:09,399 - SinkIdentifier - INFO - Skipping libbcm_flashutil.so: already exists in database.
2025-08-10 22:10:09,399 - SinkIdentifier - INFO - Skipping libcms_core.so: already exists in database.
2025-08-10 22:10:09,399 - SinkIdentifier - INFO - Skipping libdl.so.2: already exists in database.
2025-08-10 22:10:09,399 - SinkIdentifier - INFO - Skipping libnetctrl.so: already exists in database.
2025-08-10 22:10:09,399 - SinkIdentifier - INFO - Skipping libcfmd.so: already exists in database.
2025-08-10 22:10:09,399 - SinkIdentifier - INFO - Skipping libubus.so: already exists in database.
2025-08-10 22:10:09,399 - SinkIdentifier - INFO - Skipping libblobmsg_json.so: already exists in database.
2025-08-10 22:10:09,400 - SinkIdentifier - INFO - Skipping libubox.so: already exists in database.
2025-08-10 22:10:09,402 - SinkIdentifier - INFO - Skipping libpthread.so.0: already exists in database.
2025-08-10 22:10:09,403 - SinkIdentifier - INFO - [libcms_msg.so] Loaded successfully with 0 items.
2025-08-10 22:10:09,404 - SinkIdentifier - INFO - [libkm.so] Loaded successfully with 0 items.
2025-08-10 22:10:09,404 - SinkIdentifier - INFO - [libcms_util.so] Loaded successfully with 0 items.
2025-08-10 22:10:09,406 - SinkIdentifier - INFO - [libucapi.so] Loaded successfully with 0 items.
2025-08-10 22:10:09,406 - SinkIdentifier - INFO - [libdl.so.2] Loaded successfully with 0 items.
2025-08-10 22:10:09,407 - SinkIdentifier - INFO - [libbcm_flashutil.so] Loaded successfully with 1 items.
2025-08-10 22:10:09,407 - SinkIdentifier - INFO - [libnetctrl.so] Loaded successfully with 9 items.
2025-08-10 22:10:09,407 - SinkIdentifier - INFO - [libcfmd.so] Loaded successfully with 0 items.
2025-08-10 22:10:09,407 - SinkIdentifier - INFO - [libubus.so] Loaded successfully with 0 items.
2025-08-10 22:10:09,407 - SinkIdentifier - INFO - [libblobmsg_json.so] Loaded successfully with 0 items.
2025-08-10 22:10:09,409 - SinkIdentifier - INFO - [libcms_core.so] Loaded successfully with 11 items.
2025-08-10 22:10:09,409 - SinkIdentifier - INFO - [libubox.so] Loaded successfully with 0 items.
2025-08-10 22:10:09,410 - SinkIdentifier - INFO - [libpthread.so.0] Loaded successfully with 0 items.
2025-08-10 22:10:53,671 - SinkIdentifier - INFO - libcms_msg.so: 0 items loaded.
2025-08-10 22:10:53,672 - SinkIdentifier - INFO - libkm.so: 0 items loaded.
2025-08-10 22:10:53,672 - SinkIdentifier - INFO - libcms_util.so: 0 items loaded.
2025-08-10 22:10:53,673 - SinkIdentifier - INFO - libucapi.so: 0 items loaded.
2025-08-10 22:10:53,673 - SinkIdentifier - INFO - libdl.so.2: 0 items loaded.
2025-08-10 22:10:53,673 - SinkIdentifier - INFO - libbcm_flashutil.so: 1 items loaded.
2025-08-10 22:10:53,673 - SinkIdentifier - INFO - libnetctrl.so: 9 items loaded.
2025-08-10 22:10:53,673 - SinkIdentifier - INFO - libcfmd.so: 0 items loaded.
2025-08-10 22:10:53,674 - SinkIdentifier - INFO - libubus.so: 0 items loaded.
2025-08-10 22:10:53,674 - SinkIdentifier - INFO - libblobmsg_json.so: 0 items loaded.
2025-08-10 22:10:53,674 - SinkIdentifier - INFO - libcms_core.so: 11 items loaded.
2025-08-10 22:10:53,675 - SinkIdentifier - INFO - libubox.so: 0 items loaded.
2025-08-10 22:10:53,675 - SinkIdentifier - INFO - libpthread.so.0: 0 items loaded.
2025-08-10 22:17:30,329 - SinkIdentifier - INFO - Skipping libcommon.so: already exists in database.
2025-08-10 22:17:30,330 - SinkIdentifier - INFO - Skipping libm.so.0: already exists in database.
2025-08-10 22:17:30,330 - SinkIdentifier - INFO - Skipping libz.so: already exists in database.
2025-08-10 22:17:30,330 - SinkIdentifier - INFO - Skipping libpthread.so.0: already exists in database.
2025-08-10 22:17:30,332 - SinkIdentifier - INFO - Skipping libgcc_s.so.1: already exists in database.
2025-08-10 22:17:30,335 - SinkIdentifier - INFO - Skipping libcommonprod.so: already exists in database.
2025-08-10 22:17:30,337 - SinkIdentifier - INFO - Skipping libucapi.so: already exists in database.
2025-08-10 22:17:30,344 - SinkIdentifier - INFO - [libz.so] Loaded successfully with 0 items.
2025-08-10 22:17:30,344 - SinkIdentifier - INFO - [libpthread.so.0] Loaded successfully with 0 items.
2025-08-10 22:17:30,344 - SinkIdentifier - INFO - [libm.so.0] Loaded successfully with 0 items.
2025-08-10 22:17:30,344 - SinkIdentifier - INFO - [libcommon.so] Loaded successfully with 5 items.
2025-08-10 22:17:30,344 - SinkIdentifier - INFO - [libcommonprod.so] Loaded successfully with 0 items.
2025-08-10 22:17:30,345 - SinkIdentifier - INFO - [libgcc_s.so.1] Loaded successfully with 0 items.
2025-08-10 22:17:30,345 - SinkIdentifier - INFO - [libucapi.so] Loaded successfully with 0 items.
2025-08-10 22:17:54,657 - SinkIdentifier - INFO - libz.so: 0 items loaded.
2025-08-10 22:17:54,657 - SinkIdentifier - INFO - libpthread.so.0: 0 items loaded.
2025-08-10 22:17:54,657 - SinkIdentifier - INFO - libm.so.0: 0 items loaded.
2025-08-10 22:17:54,657 - SinkIdentifier - INFO - libcommon.so: 5 items loaded.
2025-08-10 22:17:54,657 - SinkIdentifier - INFO - libcommonprod.so: 0 items loaded.
2025-08-10 22:17:54,657 - SinkIdentifier - INFO - libgcc_s.so.1: 0 items loaded.
2025-08-10 22:17:54,657 - SinkIdentifier - INFO - libucapi.so: 0 items loaded.
2025-08-10 22:27:36,630 - SinkIdentifier - INFO - Skipping libcgi.so.1: already exists in database.
2025-08-10 22:27:36,630 - SinkIdentifier - INFO - Skipping libcrypt.so.1: already exists in database.
2025-08-10 22:27:36,630 - SinkIdentifier - INFO - Skipping libuci.so.0.7: already exists in database.
2025-08-10 22:27:36,630 - SinkIdentifier - INFO - Skipping libjansson.so.0: already exists in database.
2025-08-10 22:27:36,630 - SinkIdentifier - INFO - Skipping libcrypto.so.1.0.0: already exists in database.
2025-08-10 22:27:36,630 - SinkIdentifier - INFO - Skipping libgcc_s.so.1: already exists in database.
2025-08-10 22:27:36,632 - SinkIdentifier - INFO - [libcgi.so.1] Loaded successfully with 0 items.
2025-08-10 22:27:36,632 - SinkIdentifier - INFO - [libjansson.so.0] Loaded successfully with 0 items.
2025-08-10 22:27:36,632 - SinkIdentifier - INFO - [libcrypt.so.1] Loaded successfully with 0 items.
2025-08-10 22:27:36,632 - SinkIdentifier - INFO - [libuci.so.0.7] Loaded successfully with 0 items.
2025-08-10 22:27:36,632 - SinkIdentifier - INFO - [libgcc_s.so.1] Loaded successfully with 0 items.
2025-08-10 22:27:36,633 - SinkIdentifier - INFO - [libcrypto.so.1.0.0] Loaded successfully with 0 items.
2025-08-10 22:27:36,634 - SinkIdentifier - INFO - libcgi.so.1: 0 items loaded.
2025-08-10 22:27:36,635 - SinkIdentifier - INFO - libjansson.so.0: 0 items loaded.
2025-08-10 22:27:36,635 - SinkIdentifier - INFO - libcrypt.so.1: 0 items loaded.
2025-08-10 22:27:36,635 - SinkIdentifier - INFO - libuci.so.0.7: 0 items loaded.
2025-08-10 22:27:36,635 - SinkIdentifier - INFO - libgcc_s.so.1: 0 items loaded.
2025-08-10 22:27:36,635 - SinkIdentifier - INFO - libcrypto.so.1.0.0: 0 items loaded.
2025-08-11 06:31:23,085 - SinkIdentifier - INFO - Skipping libnvram.so: already exists in database.
2025-08-11 06:31:23,085 - SinkIdentifier - INFO - Skipping libshared.so: already exists in database.
2025-08-11 06:31:23,087 - SinkIdentifier - INFO - [libnvram.so] Loaded successfully with 19 items.
2025-08-11 06:31:23,087 - SinkIdentifier - INFO - [libshared.so] Loaded successfully with 59 items.
2025-08-11 06:31:53,323 - SinkIdentifier - INFO - libnvram.so: 19 items loaded.
2025-08-11 06:31:53,324 - SinkIdentifier - INFO - libshared.so: 59 items loaded.
2025-08-11 18:52:18,921 - SinkIdentifier - INFO - Skipping libnvram.so: already exists in database.
2025-08-11 18:52:18,921 - SinkIdentifier - INFO - Skipping libshared.so: already exists in database.
2025-08-11 18:52:18,923 - SinkIdentifier - INFO - [libnvram.so] Loaded successfully with 19 items.
2025-08-11 18:52:18,923 - SinkIdentifier - INFO - [libshared.so] Loaded successfully with 59 items.
2025-08-11 18:52:48,550 - SinkIdentifier - INFO - libnvram.so: 19 items loaded.
2025-08-11 18:52:48,551 - SinkIdentifier - INFO - libshared.so: 59 items loaded.
2025-08-11 20:19:34,583 - SinkIdentifier - INFO - Skipping libnvram.so: already exists in database.
2025-08-11 20:19:34,583 - SinkIdentifier - INFO - Skipping libshared.so: already exists in database.
2025-08-11 20:19:34,585 - SinkIdentifier - INFO - [libnvram.so] Loaded successfully with 19 items.
2025-08-11 20:19:34,585 - SinkIdentifier - INFO - [libshared.so] Loaded successfully with 59 items.
2025-08-11 20:20:04,375 - SinkIdentifier - INFO - libnvram.so: 19 items loaded.
2025-08-11 20:20:04,376 - SinkIdentifier - INFO - libshared.so: 59 items loaded.
2025-08-11 20:23:28,157 - SinkIdentifier - INFO - Skipping libnvram.so: already exists in database.
2025-08-11 20:23:28,158 - SinkIdentifier - INFO - Skipping libshared.so: already exists in database.
2025-08-11 20:23:28,162 - SinkIdentifier - INFO - [libnvram.so] Loaded successfully with 19 items.
2025-08-11 20:23:28,163 - SinkIdentifier - INFO - [libshared.so] Loaded successfully with 59 items.
2025-08-11 20:23:56,899 - SinkIdentifier - INFO - libnvram.so: 19 items loaded.
2025-08-11 20:23:56,900 - SinkIdentifier - INFO - libshared.so: 59 items loaded.
2025-08-11 20:33:05,903 - SinkIdentifier - INFO - Skipping libnvram.so: already exists in database.
2025-08-11 20:33:05,903 - SinkIdentifier - INFO - Skipping libshared.so: already exists in database.
2025-08-11 20:33:05,904 - SinkIdentifier - INFO - [libnvram.so] Loaded successfully with 19 items.
2025-08-11 20:33:05,905 - SinkIdentifier - INFO - [libshared.so] Loaded successfully with 59 items.
2025-08-11 20:33:35,416 - SinkIdentifier - INFO - libnvram.so: 19 items loaded.
2025-08-11 20:33:35,417 - SinkIdentifier - INFO - libshared.so: 59 items loaded.
2025-08-11 20:45:29,674 - SinkIdentifier - INFO - Skipping libnvram.so: already exists in database.
2025-08-11 20:45:29,674 - SinkIdentifier - INFO - Skipping libshared.so: already exists in database.
2025-08-11 20:45:29,677 - SinkIdentifier - INFO - [libnvram.so] Loaded successfully with 19 items.
2025-08-11 20:45:29,678 - SinkIdentifier - INFO - [libshared.so] Loaded successfully with 59 items.
2025-08-11 20:45:58,076 - SinkIdentifier - INFO - libnvram.so: 19 items loaded.
2025-08-11 20:45:58,076 - SinkIdentifier - INFO - libshared.so: 59 items loaded.
2025-08-11 23:39:05,575 - SinkIdentifier - INFO - Skipping libnvram.so: already exists in database.
2025-08-11 23:39:05,575 - SinkIdentifier - INFO - Skipping libshared.so: already exists in database.
2025-08-11 23:39:05,576 - SinkIdentifier - INFO - [libnvram.so] Loaded successfully with 19 items.
2025-08-11 23:39:05,578 - SinkIdentifier - INFO - [libshared.so] Loaded successfully with 59 items.
2025-08-11 23:39:35,232 - SinkIdentifier - INFO - libnvram.so: 19 items loaded.
2025-08-11 23:39:35,233 - SinkIdentifier - INFO - libshared.so: 59 items loaded.
2025-08-11 23:54:12,716 - SinkIdentifier - INFO - Skipping libnvram.so: already exists in database.
2025-08-11 23:54:12,716 - SinkIdentifier - INFO - Skipping libshared.so: already exists in database.
2025-08-11 23:54:12,718 - SinkIdentifier - INFO - [libnvram.so] Loaded successfully with 19 items.
2025-08-11 23:54:12,719 - SinkIdentifier - INFO - [libshared.so] Loaded successfully with 59 items.
2025-08-11 23:54:41,677 - SinkIdentifier - INFO - libnvram.so: 19 items loaded.
2025-08-11 23:54:41,678 - SinkIdentifier - INFO - libshared.so: 59 items loaded.
2025-08-15 22:38:58,918 - SinkIdentifier - INFO - [libnvram.so] Loaded successfully with 19 items.
2025-08-15 22:38:58,919 - SinkIdentifier - INFO - [libshared.so] Loaded successfully with 59 items.
2025-08-15 22:39:45,678 - SinkIdentifier - INFO - libnvram.so: 19 items loaded.
2025-08-15 22:39:45,678 - SinkIdentifier - INFO - libshared.so: 59 items loaded.
2025-08-15 22:53:37,221 - SinkIdentifier - INFO - Skipping libnvram.so: already exists in database.
2025-08-15 22:53:37,222 - SinkIdentifier - INFO - Skipping libshared.so: already exists in database.
2025-08-15 22:53:37,224 - SinkIdentifier - INFO - [libnvram.so] Loaded successfully with 19 items.
2025-08-15 22:53:37,225 - SinkIdentifier - INFO - [libshared.so] Loaded successfully with 59 items.
2025-08-15 22:54:08,608 - SinkIdentifier - INFO - libnvram.so: 19 items loaded.
2025-08-15 22:54:08,608 - SinkIdentifier - INFO - libshared.so: 59 items loaded.
2025-08-15 23:01:00,356 - SinkIdentifier - INFO - Skipping libnvram.so: already exists in database.
2025-08-15 23:01:00,356 - SinkIdentifier - INFO - Skipping libshared.so: already exists in database.
2025-08-15 23:01:00,358 - SinkIdentifier - INFO - [libnvram.so] Loaded successfully with 19 items.
2025-08-15 23:01:00,358 - SinkIdentifier - INFO - [libshared.so] Loaded successfully with 59 items.
2025-08-15 23:01:30,814 - SinkIdentifier - INFO - libnvram.so: 19 items loaded.
2025-08-15 23:01:30,814 - SinkIdentifier - INFO - libshared.so: 59 items loaded.
2025-08-15 23:12:37,407 - SinkIdentifier - INFO - Skipping libnvram.so: already exists in database.
2025-08-15 23:12:37,408 - SinkIdentifier - INFO - Skipping libshared.so: already exists in database.
2025-08-15 23:12:37,409 - SinkIdentifier - INFO - [libnvram.so] Loaded successfully with 19 items.
2025-08-15 23:12:37,410 - SinkIdentifier - INFO - [libshared.so] Loaded successfully with 59 items.
2025-08-15 23:13:08,947 - SinkIdentifier - INFO - libnvram.so: 19 items loaded.
2025-08-15 23:13:08,947 - SinkIdentifier - INFO - libshared.so: 59 items loaded.
2025-08-16 00:02:49,861 - SinkIdentifier - INFO - Skipping libcgic.so: already exists in database.
2025-08-16 00:02:49,861 - SinkIdentifier - INFO - Skipping libftp.so: already exists in database.
2025-08-16 00:02:49,861 - SinkIdentifier - INFO - Skipping libxmldbc.so: already exists in database.
2025-08-16 00:02:49,861 - SinkIdentifier - INFO - Skipping libshare.so: already exists in database.
2025-08-16 00:02:49,861 - SinkIdentifier - INFO - Skipping libmail.so: already exists in database.
2025-08-16 00:02:49,861 - SinkIdentifier - INFO - Skipping libsmbif.so: already exists in database.
2025-08-16 00:02:49,861 - SinkIdentifier - INFO - Skipping libapkg2.so: already exists in database.
2025-08-16 00:02:49,861 - SinkIdentifier - INFO - Skipping libaccount.so: already exists in database.
2025-08-16 00:02:49,861 - SinkIdentifier - INFO - Skipping libmycloud.so: already exists in database.
2025-08-16 00:02:49,861 - SinkIdentifier - INFO - Skipping libwto.so: already exists in database.
2025-08-16 00:02:49,863 - SinkIdentifier - INFO - [libxmldbc.so] Loaded successfully with 0 items.
2025-08-16 00:02:49,863 - SinkIdentifier - INFO - [libshare.so] Loaded successfully with 31 items.
2025-08-16 00:02:49,864 - SinkIdentifier - INFO - [libftp.so] Loaded successfully with 6 items.
2025-08-16 00:02:49,864 - SinkIdentifier - INFO - [libcgic.so] Loaded successfully with 1 items.
2025-08-16 00:02:49,864 - SinkIdentifier - INFO - [libmail.so] Loaded successfully with 0 items.
2025-08-16 00:02:49,865 - SinkIdentifier - INFO - [libapkg2.so] Loaded successfully with 0 items.
2025-08-16 00:02:49,865 - SinkIdentifier - INFO - [libaccount.so] Loaded successfully with 0 items.
2025-08-16 00:02:49,865 - SinkIdentifier - INFO - [libsmbif.so] Loaded successfully with 16 items.
2025-08-16 00:02:49,866 - SinkIdentifier - INFO - [libmycloud.so] Loaded successfully with 0 items.
2025-08-16 00:02:49,866 - SinkIdentifier - INFO - [libwto.so] Loaded successfully with 5 items.
2025-08-16 00:03:34,863 - SinkIdentifier - INFO - libxmldbc.so: 0 items loaded.
2025-08-16 00:03:34,863 - SinkIdentifier - INFO - libshare.so: 31 items loaded.
2025-08-16 00:03:34,863 - SinkIdentifier - INFO - libftp.so: 6 items loaded.
2025-08-16 00:03:34,863 - SinkIdentifier - INFO - libcgic.so: 1 items loaded.
2025-08-16 00:03:34,863 - SinkIdentifier - INFO - libmail.so: 0 items loaded.
2025-08-16 00:03:34,863 - SinkIdentifier - INFO - libapkg2.so: 0 items loaded.
2025-08-16 00:03:34,863 - SinkIdentifier - INFO - libaccount.so: 0 items loaded.
2025-08-16 00:03:34,863 - SinkIdentifier - INFO - libsmbif.so: 16 items loaded.
2025-08-16 00:03:34,863 - SinkIdentifier - INFO - libmycloud.so: 0 items loaded.
2025-08-16 00:03:34,863 - SinkIdentifier - INFO - libwto.so: 5 items loaded.
2025-08-16 00:19:33,716 - SinkIdentifier - INFO - Skipping libnat.so: already exists in database.
2025-08-16 00:19:33,717 - SinkIdentifier - INFO - Skipping libnvram.so: already exists in database.
2025-08-16 00:19:33,717 - SinkIdentifier - INFO - Skipping libacos_shared.so: already exists in database.
2025-08-16 00:19:33,717 - SinkIdentifier - INFO - Skipping libcrypt.so.0: already exists in database.
2025-08-16 00:19:33,717 - SinkIdentifier - INFO - Skipping libgcc_s.so.1: already exists in database.
2025-08-16 00:19:33,718 - SinkIdentifier - INFO - [libnvram.so] Loaded successfully with 0 items.
2025-08-16 00:19:33,718 - SinkIdentifier - INFO - [libcrypt.so.0] Loaded successfully with 0 items.
2025-08-16 00:19:33,718 - SinkIdentifier - INFO - [libnat.so] Loaded successfully with 0 items.
2025-08-16 00:19:33,718 - SinkIdentifier - INFO - [libacos_shared.so] Loaded successfully with 102 items.
2025-08-16 00:19:33,719 - SinkIdentifier - INFO - [libgcc_s.so.1] Loaded successfully with 0 items.
2025-08-16 00:19:58,654 - SinkIdentifier - INFO - libnvram.so: 0 items loaded.
2025-08-16 00:19:58,654 - SinkIdentifier - INFO - libcrypt.so.0: 0 items loaded.
2025-08-16 00:19:58,654 - SinkIdentifier - INFO - libnat.so: 0 items loaded.
2025-08-16 00:19:58,654 - SinkIdentifier - INFO - libacos_shared.so: 102 items loaded.
2025-08-16 00:19:58,654 - SinkIdentifier - INFO - libgcc_s.so.1: 0 items loaded.
2025-08-16 01:23:22,561 - SinkIdentifier - INFO - Skipping libnat.so: already exists in database.
2025-08-16 01:23:22,561 - SinkIdentifier - INFO - Skipping libnvram.so: already exists in database.
2025-08-16 01:23:22,561 - SinkIdentifier - INFO - Skipping libacos_shared.so: already exists in database.
2025-08-16 01:23:22,561 - SinkIdentifier - INFO - Skipping libcrypt.so.0: already exists in database.
2025-08-16 01:23:22,561 - SinkIdentifier - INFO - Skipping libgcc_s.so.1: already exists in database.
2025-08-16 01:23:22,562 - SinkIdentifier - INFO - [libnvram.so] Loaded successfully with 0 items.
2025-08-16 01:23:22,562 - SinkIdentifier - INFO - [libcrypt.so.0] Loaded successfully with 0 items.
2025-08-16 01:23:22,562 - SinkIdentifier - INFO - [libnat.so] Loaded successfully with 0 items.
2025-08-16 01:23:22,563 - SinkIdentifier - INFO - [libacos_shared.so] Loaded successfully with 102 items.
2025-08-16 01:23:22,563 - SinkIdentifier - INFO - [libgcc_s.so.1] Loaded successfully with 0 items.
2025-08-16 01:23:41,422 - SinkIdentifier - INFO - libnvram.so: 0 items loaded.
2025-08-16 01:23:41,423 - SinkIdentifier - INFO - libcrypt.so.0: 0 items loaded.
2025-08-16 01:23:41,423 - SinkIdentifier - INFO - libnat.so: 0 items loaded.
2025-08-16 01:23:41,423 - SinkIdentifier - INFO - libacos_shared.so: 102 items loaded.
2025-08-16 01:23:41,423 - SinkIdentifier - INFO - libgcc_s.so.1: 0 items loaded.
2025-08-16 02:17:14,425 - SinkIdentifier - INFO - Skipping libnat.so: already exists in database.
2025-08-16 02:17:14,426 - SinkIdentifier - INFO - Skipping libnvram.so: already exists in database.
2025-08-16 02:17:14,426 - SinkIdentifier - INFO - Skipping libacos_shared.so: already exists in database.
2025-08-16 02:17:14,426 - SinkIdentifier - INFO - Skipping libcrypt.so.0: already exists in database.
2025-08-16 02:17:14,426 - SinkIdentifier - INFO - Skipping libgcc_s.so.1: already exists in database.
2025-08-16 02:17:14,428 - SinkIdentifier - INFO - [libnvram.so] Loaded successfully with 0 items.
2025-08-16 02:17:14,428 - SinkIdentifier - INFO - [libcrypt.so.0] Loaded successfully with 0 items.
2025-08-16 02:17:14,429 - SinkIdentifier - INFO - [libnat.so] Loaded successfully with 0 items.
2025-08-16 02:17:14,429 - SinkIdentifier - INFO - [libacos_shared.so] Loaded successfully with 69 items.
2025-08-16 02:17:14,429 - SinkIdentifier - INFO - [libgcc_s.so.1] Loaded successfully with 0 items.
2025-08-16 02:17:39,005 - SinkIdentifier - INFO - libnvram.so: 0 items loaded.
2025-08-16 02:17:39,005 - SinkIdentifier - INFO - libcrypt.so.0: 0 items loaded.
2025-08-16 02:17:39,005 - SinkIdentifier - INFO - libnat.so: 0 items loaded.
2025-08-16 02:17:39,005 - SinkIdentifier - INFO - libacos_shared.so: 69 items loaded.
2025-08-16 02:17:39,005 - SinkIdentifier - INFO - libgcc_s.so.1: 0 items loaded.
2025-08-16 03:09:46,244 - SinkIdentifier - INFO - Skipping libpthread.so.0: already exists in database.
2025-08-16 03:09:46,244 - SinkIdentifier - INFO - Skipping librt.so.0: already exists in database.
2025-08-16 03:09:46,244 - SinkIdentifier - INFO - Skipping libplcapi.so: already exists in database.
2025-08-16 03:09:46,244 - SinkIdentifier - INFO - Skipping libappconf.so: already exists in database.
2025-08-16 03:09:46,244 - SinkIdentifier - INFO - Skipping libgcc_s.so.1: already exists in database.
2025-08-16 03:09:46,245 - SinkIdentifier - INFO - [libplcapi.so] Loaded successfully with 0 items.
2025-08-16 03:09:46,245 - SinkIdentifier - INFO - [librt.so.0] Loaded successfully with 0 items.
2025-08-16 03:09:46,245 - SinkIdentifier - INFO - [libappconf.so] Loaded successfully with 0 items.
2025-08-16 03:09:46,246 - SinkIdentifier - INFO - [libpthread.so.0] Loaded successfully with 0 items.
2025-08-16 03:09:46,246 - SinkIdentifier - INFO - [libgcc_s.so.1] Loaded successfully with 0 items.
2025-08-16 03:09:46,246 - SinkIdentifier - INFO - libplcapi.so: 0 items loaded.
2025-08-16 03:09:46,246 - SinkIdentifier - INFO - librt.so.0: 0 items loaded.
2025-08-16 03:09:46,246 - SinkIdentifier - INFO - libappconf.so: 0 items loaded.
2025-08-16 03:09:46,246 - SinkIdentifier - INFO - libpthread.so.0: 0 items loaded.
2025-08-16 03:09:46,246 - SinkIdentifier - INFO - libgcc_s.so.1: 0 items loaded.
2025-08-16 06:14:54,240 - SinkIdentifier - INFO - Skipping libsutil.so: already exists in database.
2025-08-16 06:14:54,240 - SinkIdentifier - INFO - Skipping libproject.so: already exists in database.
2025-08-16 06:14:54,240 - SinkIdentifier - INFO - Skipping libipv6.so: already exists in database.
2025-08-16 06:14:54,240 - SinkIdentifier - INFO - Skipping libvct.so: already exists in database.
2025-08-16 06:14:54,240 - SinkIdentifier - INFO - Skipping libxmo.so: already exists in database.
2025-08-16 06:14:54,240 - SinkIdentifier - INFO - Skipping libm.so.0: already exists in database.
2025-08-16 06:14:54,241 - SinkIdentifier - INFO - Skipping libgcc_s.so.1: already exists in database.
2025-08-16 06:14:54,242 - SinkIdentifier - INFO - [libipv6.so] Loaded successfully with 2 items.
2025-08-16 06:14:54,242 - SinkIdentifier - INFO - [libvct.so] Loaded successfully with 2 items.
2025-08-16 06:14:54,242 - SinkIdentifier - INFO - [libproject.so] Loaded successfully with 2 items.
2025-08-16 06:14:54,242 - SinkIdentifier - INFO - [libsutil.so] Loaded successfully with 5 items.
2025-08-16 06:14:54,242 - SinkIdentifier - INFO - [libxmo.so] Loaded successfully with 0 items.
2025-08-16 06:14:54,242 - SinkIdentifier - INFO - [libm.so.0] Loaded successfully with 0 items.
2025-08-16 06:14:54,242 - SinkIdentifier - INFO - [libgcc_s.so.1] Loaded successfully with 0 items.
2025-08-16 06:15:13,652 - SinkIdentifier - INFO - libipv6.so: 2 items loaded.
2025-08-16 06:15:13,652 - SinkIdentifier - INFO - libvct.so: 2 items loaded.
2025-08-16 06:15:13,652 - SinkIdentifier - INFO - libproject.so: 2 items loaded.
2025-08-16 06:15:13,652 - SinkIdentifier - INFO - libsutil.so: 5 items loaded.
2025-08-16 06:15:13,652 - SinkIdentifier - INFO - libxmo.so: 0 items loaded.
2025-08-16 06:15:13,652 - SinkIdentifier - INFO - libm.so.0: 0 items loaded.
2025-08-16 06:15:13,652 - SinkIdentifier - INFO - libgcc_s.so.1: 0 items loaded.
2025-08-16 06:38:03,627 - SinkIdentifier - INFO - Skipping libucapi.so: already exists in database.
2025-08-16 06:38:03,627 - SinkIdentifier - INFO - Skipping libcms_msg.so: already exists in database.
2025-08-16 06:38:03,627 - SinkIdentifier - INFO - Skipping libkm.so: already exists in database.
2025-08-16 06:38:03,627 - SinkIdentifier - INFO - Skipping libcms_util.so: already exists in database.
2025-08-16 06:38:03,627 - SinkIdentifier - INFO - Skipping libbcm_flashutil.so: already exists in database.
2025-08-16 06:38:03,627 - SinkIdentifier - INFO - Skipping libcms_core.so: already exists in database.
2025-08-16 06:38:03,628 - SinkIdentifier - INFO - Skipping libdl.so.2: already exists in database.
2025-08-16 06:38:03,628 - SinkIdentifier - INFO - Skipping libnetctrl.so: already exists in database.
2025-08-16 06:38:03,628 - SinkIdentifier - INFO - Skipping libcfmd.so: already exists in database.
2025-08-16 06:38:03,628 - SinkIdentifier - INFO - Skipping libubus.so: already exists in database.
2025-08-16 06:38:03,629 - SinkIdentifier - INFO - Skipping libblobmsg_json.so: already exists in database.
2025-08-16 06:38:03,630 - SinkIdentifier - INFO - Skipping libubox.so: already exists in database.
2025-08-16 06:38:03,630 - SinkIdentifier - INFO - Skipping libpthread.so.0: already exists in database.
2025-08-16 06:38:03,632 - SinkIdentifier - INFO - [libcms_msg.so] Loaded successfully with 0 items.
2025-08-16 06:38:03,632 - SinkIdentifier - INFO - [libkm.so] Loaded successfully with 0 items.
2025-08-16 06:38:03,632 - SinkIdentifier - INFO - [libcms_util.so] Loaded successfully with 0 items.
2025-08-16 06:38:03,632 - SinkIdentifier - INFO - [libucapi.so] Loaded successfully with 0 items.
2025-08-16 06:38:03,633 - SinkIdentifier - INFO - [libdl.so.2] Loaded successfully with 0 items.
2025-08-16 06:38:03,633 - SinkIdentifier - INFO - [libbcm_flashutil.so] Loaded successfully with 1 items.
2025-08-16 06:38:03,633 - SinkIdentifier - INFO - [libnetctrl.so] Loaded successfully with 9 items.
2025-08-16 06:38:03,633 - SinkIdentifier - INFO - [libcfmd.so] Loaded successfully with 0 items.
2025-08-16 06:38:03,633 - SinkIdentifier - INFO - [libubus.so] Loaded successfully with 0 items.
2025-08-16 06:38:03,633 - SinkIdentifier - INFO - [libblobmsg_json.so] Loaded successfully with 0 items.
2025-08-16 06:38:03,633 - SinkIdentifier - INFO - [libcms_core.so] Loaded successfully with 11 items.
2025-08-16 06:38:03,634 - SinkIdentifier - INFO - [libubox.so] Loaded successfully with 0 items.
2025-08-16 06:38:03,634 - SinkIdentifier - INFO - [libpthread.so.0] Loaded successfully with 0 items.
2025-08-16 06:38:50,697 - SinkIdentifier - INFO - libcms_msg.so: 0 items loaded.
2025-08-16 06:38:50,697 - SinkIdentifier - INFO - libkm.so: 0 items loaded.
2025-08-16 06:38:50,698 - SinkIdentifier - INFO - libcms_util.so: 0 items loaded.
2025-08-16 06:38:50,698 - SinkIdentifier - INFO - libucapi.so: 0 items loaded.
2025-08-16 06:38:50,698 - SinkIdentifier - INFO - libdl.so.2: 0 items loaded.
2025-08-16 06:38:50,698 - SinkIdentifier - INFO - libbcm_flashutil.so: 1 items loaded.
2025-08-16 06:38:50,698 - SinkIdentifier - INFO - libnetctrl.so: 9 items loaded.
2025-08-16 06:38:50,698 - SinkIdentifier - INFO - libcfmd.so: 0 items loaded.
2025-08-16 06:38:50,698 - SinkIdentifier - INFO - libubus.so: 0 items loaded.
2025-08-16 06:38:50,698 - SinkIdentifier - INFO - libblobmsg_json.so: 0 items loaded.
2025-08-16 06:38:50,698 - SinkIdentifier - INFO - libcms_core.so: 11 items loaded.
2025-08-16 06:38:50,698 - SinkIdentifier - INFO - libubox.so: 0 items loaded.
2025-08-16 06:38:50,698 - SinkIdentifier - INFO - libpthread.so.0: 0 items loaded.
2025-08-16 06:47:02,268 - SinkIdentifier - INFO - Skipping libcommon.so: already exists in database.
2025-08-16 06:47:02,268 - SinkIdentifier - INFO - Skipping libm.so.0: already exists in database.
2025-08-16 06:47:02,269 - SinkIdentifier - INFO - Skipping libz.so: already exists in database.
2025-08-16 06:47:02,269 - SinkIdentifier - INFO - Skipping libpthread.so.0: already exists in database.
2025-08-16 06:47:02,269 - SinkIdentifier - INFO - Skipping libgcc_s.so.1: already exists in database.
2025-08-16 06:47:02,269 - SinkIdentifier - INFO - Skipping libcommonprod.so: already exists in database.
2025-08-16 06:47:02,269 - SinkIdentifier - INFO - Skipping libucapi.so: already exists in database.
2025-08-16 06:47:02,271 - SinkIdentifier - INFO - [libz.so] Loaded successfully with 0 items.
2025-08-16 06:47:02,271 - SinkIdentifier - INFO - [libpthread.so.0] Loaded successfully with 0 items.
2025-08-16 06:47:02,271 - SinkIdentifier - INFO - [libm.so.0] Loaded successfully with 0 items.
2025-08-16 06:47:02,271 - SinkIdentifier - INFO - [libcommon.so] Loaded successfully with 5 items.
2025-08-16 06:47:02,271 - SinkIdentifier - INFO - [libcommonprod.so] Loaded successfully with 0 items.
2025-08-16 06:47:02,271 - SinkIdentifier - INFO - [libgcc_s.so.1] Loaded successfully with 0 items.
2025-08-16 06:47:02,271 - SinkIdentifier - INFO - [libucapi.so] Loaded successfully with 0 items.
2025-08-16 06:47:28,335 - SinkIdentifier - INFO - libz.so: 0 items loaded.
2025-08-16 06:47:28,335 - SinkIdentifier - INFO - libpthread.so.0: 0 items loaded.
2025-08-16 06:47:28,335 - SinkIdentifier - INFO - libm.so.0: 0 items loaded.
2025-08-16 06:47:28,336 - SinkIdentifier - INFO - libcommon.so: 5 items loaded.
2025-08-16 06:47:28,336 - SinkIdentifier - INFO - libcommonprod.so: 0 items loaded.
2025-08-16 06:47:28,336 - SinkIdentifier - INFO - libgcc_s.so.1: 0 items loaded.
2025-08-16 06:47:28,336 - SinkIdentifier - INFO - libucapi.so: 0 items loaded.
2025-08-16 07:26:21,946 - SinkIdentifier - INFO - Skipping libcgi.so.1: already exists in database.
2025-08-16 07:26:21,946 - SinkIdentifier - INFO - Skipping libcrypt.so.1: already exists in database.
2025-08-16 07:26:21,947 - SinkIdentifier - INFO - Skipping libuci.so.0.7: already exists in database.
2025-08-16 07:26:21,947 - SinkIdentifier - INFO - Skipping libjansson.so.0: already exists in database.
2025-08-16 07:26:21,947 - SinkIdentifier - INFO - Skipping libcrypto.so.1.0.0: already exists in database.
2025-08-16 07:26:21,947 - SinkIdentifier - INFO - Skipping libgcc_s.so.1: already exists in database.
2025-08-16 07:26:21,948 - SinkIdentifier - INFO - [libcgi.so.1] Loaded successfully with 0 items.
2025-08-16 07:26:21,948 - SinkIdentifier - INFO - [libjansson.so.0] Loaded successfully with 0 items.
2025-08-16 07:26:21,948 - SinkIdentifier - INFO - [libcrypt.so.1] Loaded successfully with 0 items.
2025-08-16 07:26:21,948 - SinkIdentifier - INFO - [libuci.so.0.7] Loaded successfully with 0 items.
2025-08-16 07:26:21,948 - SinkIdentifier - INFO - [libgcc_s.so.1] Loaded successfully with 0 items.
2025-08-16 07:26:21,948 - SinkIdentifier - INFO - [libcrypto.so.1.0.0] Loaded successfully with 0 items.
2025-08-16 07:26:21,948 - SinkIdentifier - INFO - libcgi.so.1: 0 items loaded.
2025-08-16 07:26:21,948 - SinkIdentifier - INFO - libjansson.so.0: 0 items loaded.
2025-08-16 07:26:21,949 - SinkIdentifier - INFO - libcrypt.so.1: 0 items loaded.
2025-08-16 07:26:21,949 - SinkIdentifier - INFO - libuci.so.0.7: 0 items loaded.
2025-08-16 07:26:21,950 - SinkIdentifier - INFO - libgcc_s.so.1: 0 items loaded.
2025-08-16 07:26:21,951 - SinkIdentifier - INFO - libcrypto.so.1.0.0: 0 items loaded.
2025-08-16 08:34:21,042 - SinkIdentifier - INFO - Skipping libnvram.so: already exists in database.
2025-08-16 08:34:21,042 - SinkIdentifier - INFO - Skipping libshared.so: already exists in database.
2025-08-16 08:34:21,071 - SinkIdentifier - INFO - [libnvram.so] Loaded successfully with 19 items.
2025-08-16 08:34:21,072 - SinkIdentifier - INFO - [libshared.so] Loaded successfully with 59 items.
2025-08-16 08:34:51,834 - SinkIdentifier - INFO - libnvram.so: 19 items loaded.
2025-08-16 08:34:51,835 - SinkIdentifier - INFO - libshared.so: 59 items loaded.
2025-09-27 03:16:57,385 - SinkIdentifier - INFO - [libvos_util.so] Loaded successfully with 0 items.
2025-09-27 03:16:57,438 - SinkIdentifier - INFO - [libChipApi.so] Loaded successfully with 1 items.
2025-09-27 03:16:57,438 - SinkIdentifier - INFO - [libcommon.so] Loaded successfully with 8 items.
2025-09-27 03:16:57,439 - SinkIdentifier - INFO - [libCfm.so] Loaded successfully with 0 items.
2025-09-27 03:16:57,439 - SinkIdentifier - INFO - [libpthread.so.0] Loaded successfully with 0 items.
2025-09-27 03:16:57,439 - SinkIdentifier - INFO - [libm.so.0] Loaded successfully with 0 items.
2025-09-27 03:16:57,439 - SinkIdentifier - INFO - [libtpi.so] Loaded successfully with 0 items.
2025-09-27 03:16:57,439 - SinkIdentifier - INFO - [libucapi.so] Loaded successfully with 0 items.
2025-09-27 03:16:57,439 - SinkIdentifier - INFO - [libgcc_s.so.1] Loaded successfully with 0 items.
2025-09-27 03:17:15,018 - SinkIdentifier - INFO - libvos_util.so: 0 items loaded.
2025-09-27 03:17:15,018 - SinkIdentifier - INFO - libChipApi.so: 1 items loaded.
2025-09-27 03:17:15,018 - SinkIdentifier - INFO - libcommon.so: 8 items loaded.
2025-09-27 03:17:15,018 - SinkIdentifier - INFO - libCfm.so: 0 items loaded.
2025-09-27 03:17:15,018 - SinkIdentifier - INFO - libpthread.so.0: 0 items loaded.
2025-09-27 03:17:15,018 - SinkIdentifier - INFO - libm.so.0: 0 items loaded.
2025-09-27 03:17:15,018 - SinkIdentifier - INFO - libtpi.so: 0 items loaded.
2025-09-27 03:17:15,018 - SinkIdentifier - INFO - libucapi.so: 0 items loaded.
2025-09-27 03:17:15,019 - SinkIdentifier - INFO - libgcc_s.so.1: 0 items loaded.
2025-10-27 00:00:03,756 - SinkIdentifier - INFO - [libnvram.so] Loaded successfully with 19 items.
2025-10-27 00:00:03,825 - SinkIdentifier - INFO - [libshared.so] Loaded successfully with 116 items.
2025-10-27 00:00:35,334 - SinkIdentifier - INFO - libnvram.so: 19 items loaded.
2025-10-27 00:00:35,335 - SinkIdentifier - INFO - libshared.so: 116 items loaded.
2025-10-27 08:12:36,836 - SinkIdentifier - INFO - [libnvram.so] Loaded successfully with 19 items.
2025-10-27 08:12:36,837 - SinkIdentifier - INFO - [libshared.so] Loaded successfully with 116 items.
2025-10-29 20:30:49,712 - SinkIdentifier - INFO - [libnvram.so] Loaded successfully with 19 items.
2025-10-29 20:30:49,713 - SinkIdentifier - INFO - [libshared.so] Loaded successfully with 116 items.
2025-10-29 20:31:26,982 - SinkIdentifier - INFO - libnvram.so: 19 items loaded.
2025-10-29 20:31:27,692 - SinkIdentifier - INFO - libshared.so: 116 items loaded.
2025-10-30 05:36:07,483 - SinkIdentifier - INFO - [libnvram.so] Loaded successfully with 19 items.
2025-10-30 05:36:07,484 - SinkIdentifier - INFO - [libshared.so] Loaded successfully with 116 items.
2025-10-30 05:37:45,454 - SinkIdentifier - INFO - libnvram.so: 19 items loaded.
2025-10-30 05:37:46,133 - SinkIdentifier - INFO - libshared.so: 116 items loaded.
2025-10-30 06:20:30,962 - SinkIdentifier - INFO - [libnvram.so] Loaded successfully with 19 items.
2025-10-30 06:20:30,964 - SinkIdentifier - INFO - [libshared.so] Loaded successfully with 116 items.
2025-10-30 06:26:29,695 - SinkIdentifier - INFO - libnvram.so: 19 items loaded.
2025-10-30 06:26:30,303 - SinkIdentifier - INFO - libshared.so: 116 items loaded.
2025-10-30 06:30:10,794 - SinkIdentifier - INFO - [libnvram.so] Loaded successfully with 19 items.
2025-10-30 06:30:10,795 - SinkIdentifier - INFO - [libshared.so] Loaded successfully with 116 items.
2025-10-30 06:31:52,273 - SinkIdentifier - INFO - libnvram.so: 19 items loaded.
2025-10-30 06:31:53,354 - SinkIdentifier - INFO - libshared.so: 116 items loaded.
2025-11-03 00:11:29,030 - SinkIdentifier - INFO - [libnvram.so] Loaded successfully with 19 items.
2025-11-03 00:11:29,048 - SinkIdentifier - INFO - [libshared.so] Loaded successfully with 116 items.
2025-11-04 00:58:17,500 - SinkIdentifier - INFO - [libnvram.so] Loaded successfully with 19 items.
2025-11-04 00:58:17,501 - SinkIdentifier - INFO - [libshared.so] Loaded successfully with 116 items.
2025-11-04 00:58:58,884 - SinkIdentifier - INFO - libnvram.so: 19 items loaded.
2025-11-04 00:59:00,092 - SinkIdentifier - INFO - libshared.so: 116 items loaded.
2025-11-04 01:14:25,516 - SinkIdentifier - INFO - [libnvram.so] Loaded successfully with 19 items.
2025-11-04 01:14:25,517 - SinkIdentifier - INFO - [libshared.so] Loaded successfully with 116 items.
2025-11-04 01:15:04,054 - SinkIdentifier - INFO - libnvram.so: 19 items loaded.
2025-11-04 01:15:05,205 - SinkIdentifier - INFO - libshared.so: 116 items loaded.
2025-11-04 01:37:29,195 - SinkIdentifier - INFO - [libnvram.so] Loaded successfully with 19 items.
2025-11-04 01:37:29,196 - SinkIdentifier - INFO - [libshared.so] Loaded successfully with 116 items.
2025-11-04 01:38:05,430 - SinkIdentifier - INFO - libnvram.so: 19 items loaded.
2025-11-04 01:38:06,774 - SinkIdentifier - INFO - libshared.so: 116 items loaded.
2025-11-04 01:52:21,006 - SinkIdentifier - INFO - [libnvram.so] Loaded successfully with 19 items.
2025-11-04 01:52:21,007 - SinkIdentifier - INFO - [libshared.so] Loaded successfully with 116 items.
2025-11-04 01:52:55,671 - SinkIdentifier - INFO - libnvram.so: 19 items loaded.
2025-11-04 01:52:56,287 - SinkIdentifier - INFO - libshared.so: 116 items loaded.
2025-11-04 03:02:25,245 - SinkIdentifier - INFO - [libnvram.so] Loaded successfully with 19 items.
2025-11-04 03:02:25,245 - SinkIdentifier - INFO - [libshared.so] Loaded successfully with 116 items.
2025-11-04 03:03:00,691 - SinkIdentifier - INFO - libnvram.so: 19 items loaded.
2025-11-04 03:03:44,646 - SinkIdentifier - INFO - libshared.so: 116 items loaded.
2025-11-04 06:47:08,305 - SinkIdentifier - INFO - [libnvram.so] Loaded successfully with 19 items.
2025-11-04 06:47:08,305 - SinkIdentifier - INFO - [libshared.so] Loaded successfully with 116 items.
2025-11-04 06:56:10,020 - SinkIdentifier - INFO - libnvram.so: 19 items loaded.
2025-11-04 06:56:13,954 - SinkIdentifier - INFO - libshared.so: 116 items loaded.
2025-11-05 17:54:49,663 - SinkIdentifier - INFO - [libcms_msg.so] Loaded successfully with 0 items.
2025-11-05 17:54:49,664 - SinkIdentifier - INFO - [libkm.so] Loaded successfully with 0 items.
2025-11-05 17:54:49,664 - SinkIdentifier - INFO - [libcms_util.so] Loaded successfully with 0 items.
2025-11-05 17:54:49,664 - SinkIdentifier - INFO - [libucapi.so] Loaded successfully with 0 items.
2025-11-05 17:54:49,664 - SinkIdentifier - INFO - [libdl.so.2] Loaded successfully with 0 items.
2025-11-05 17:54:49,664 - SinkIdentifier - INFO - [libbcm_flashutil.so] Loaded successfully with 1 items.
2025-11-05 17:54:49,665 - SinkIdentifier - INFO - [libnetctrl.so] Loaded successfully with 9 items.
2025-11-05 17:54:49,665 - SinkIdentifier - INFO - [libcfmd.so] Loaded successfully with 0 items.
2025-11-05 17:54:49,665 - SinkIdentifier - INFO - [libubus.so] Loaded successfully with 0 items.
2025-11-05 17:54:49,665 - SinkIdentifier - INFO - [libblobmsg_json.so] Loaded successfully with 0 items.
2025-11-05 17:54:49,665 - SinkIdentifier - INFO - [libcms_core.so] Loaded successfully with 11 items.
2025-11-05 17:54:49,666 - SinkIdentifier - INFO - [libubox.so] Loaded successfully with 0 items.
2025-11-05 17:54:49,666 - SinkIdentifier - INFO - [libpthread.so.0] Loaded successfully with 0 items.
2025-11-05 17:55:25,338 - SinkIdentifier - INFO - libcms_msg.so: 0 items loaded.
2025-11-05 17:55:25,339 - SinkIdentifier - INFO - libkm.so: 0 items loaded.
2025-11-05 17:55:25,339 - SinkIdentifier - INFO - libcms_util.so: 0 items loaded.
2025-11-05 17:55:25,339 - SinkIdentifier - INFO - libucapi.so: 0 items loaded.
2025-11-05 17:55:25,339 - SinkIdentifier - INFO - libdl.so.2: 0 items loaded.
2025-11-05 17:55:25,339 - SinkIdentifier - INFO - libbcm_flashutil.so: 1 items loaded.
2025-11-05 17:55:25,339 - SinkIdentifier - INFO - libnetctrl.so: 9 items loaded.
2025-11-05 17:55:25,339 - SinkIdentifier - INFO - libcfmd.so: 0 items loaded.
2025-11-05 17:55:25,340 - SinkIdentifier - INFO - libubus.so: 0 items loaded.
2025-11-05 17:55:25,340 - SinkIdentifier - INFO - libblobmsg_json.so: 0 items loaded.
2025-11-05 17:55:25,340 - SinkIdentifier - INFO - libcms_core.so: 11 items loaded.
2025-11-05 17:55:25,340 - SinkIdentifier - INFO - libubox.so: 0 items loaded.
2025-11-05 17:55:25,340 - SinkIdentifier - INFO - libpthread.so.0: 0 items loaded.
2025-11-05 18:05:25,001 - SinkIdentifier - INFO - [libcms_msg.so] Loaded successfully with 0 items.
2025-11-05 18:05:25,002 - SinkIdentifier - INFO - [libkm.so] Loaded successfully with 0 items.
2025-11-05 18:05:25,002 - SinkIdentifier - INFO - [libcms_util.so] Loaded successfully with 0 items.
2025-11-05 18:05:25,003 - SinkIdentifier - INFO - [libucapi.so] Loaded successfully with 0 items.
2025-11-05 18:05:25,003 - SinkIdentifier - INFO - [libdl.so.2] Loaded successfully with 0 items.
2025-11-05 18:05:25,003 - SinkIdentifier - INFO - [libbcm_flashutil.so] Loaded successfully with 1 items.
2025-11-05 18:05:25,004 - SinkIdentifier - INFO - [libnetctrl.so] Loaded successfully with 9 items.
2025-11-05 18:05:25,004 - SinkIdentifier - INFO - [libcfmd.so] Loaded successfully with 0 items.
2025-11-05 18:05:25,005 - SinkIdentifier - INFO - [libubus.so] Loaded successfully with 0 items.
2025-11-05 18:05:25,005 - SinkIdentifier - INFO - [libblobmsg_json.so] Loaded successfully with 0 items.
2025-11-05 18:05:25,005 - SinkIdentifier - INFO - [libcms_core.so] Loaded successfully with 11 items.
2025-11-05 18:05:25,006 - SinkIdentifier - INFO - [libubox.so] Loaded successfully with 0 items.
2025-11-05 18:05:25,006 - SinkIdentifier - INFO - [libpthread.so.0] Loaded successfully with 0 items.
2025-11-05 18:05:59,662 - SinkIdentifier - INFO - libcms_msg.so: 0 items loaded.
2025-11-05 18:05:59,663 - SinkIdentifier - INFO - libkm.so: 0 items loaded.
2025-11-05 18:05:59,664 - SinkIdentifier - INFO - libcms_util.so: 0 items loaded.
2025-11-05 18:05:59,664 - SinkIdentifier - INFO - libucapi.so: 0 items loaded.
2025-11-05 18:05:59,666 - SinkIdentifier - INFO - libdl.so.2: 0 items loaded.
2025-11-05 18:05:59,666 - SinkIdentifier - INFO - libbcm_flashutil.so: 1 items loaded.
2025-11-05 18:05:59,667 - SinkIdentifier - INFO - libnetctrl.so: 9 items loaded.
2025-11-05 18:05:59,667 - SinkIdentifier - INFO - libcfmd.so: 0 items loaded.
2025-11-05 18:05:59,668 - SinkIdentifier - INFO - libubus.so: 0 items loaded.
2025-11-05 18:05:59,668 - SinkIdentifier - INFO - libblobmsg_json.so: 0 items loaded.
2025-11-05 18:05:59,669 - SinkIdentifier - INFO - libcms_core.so: 11 items loaded.
2025-11-05 18:05:59,671 - SinkIdentifier - INFO - libubox.so: 0 items loaded.
2025-11-05 18:05:59,671 - SinkIdentifier - INFO - libpthread.so.0: 0 items loaded.
2025-11-05 19:58:51,514 - SinkIdentifier - INFO - [libcms_msg.so] Loaded successfully with 0 items.
2025-11-05 19:58:51,515 - SinkIdentifier - INFO - [libkm.so] Loaded successfully with 0 items.
2025-11-05 19:58:51,515 - SinkIdentifier - INFO - [libcms_util.so] Loaded successfully with 0 items.
2025-11-05 19:58:51,515 - SinkIdentifier - INFO - [libucapi.so] Loaded successfully with 0 items.
2025-11-05 19:58:51,515 - SinkIdentifier - INFO - [libdl.so.2] Loaded successfully with 0 items.
2025-11-05 19:58:51,516 - SinkIdentifier - INFO - [libbcm_flashutil.so] Loaded successfully with 1 items.
2025-11-05 19:58:51,516 - SinkIdentifier - INFO - [libnetctrl.so] Loaded successfully with 9 items.
2025-11-05 19:58:51,516 - SinkIdentifier - INFO - [libcfmd.so] Loaded successfully with 0 items.
2025-11-05 19:58:51,516 - SinkIdentifier - INFO - [libubus.so] Loaded successfully with 0 items.
2025-11-05 19:58:51,516 - SinkIdentifier - INFO - [libblobmsg_json.so] Loaded successfully with 0 items.
2025-11-05 19:58:51,517 - SinkIdentifier - INFO - [libcms_core.so] Loaded successfully with 11 items.
2025-11-05 19:58:51,517 - SinkIdentifier - INFO - [libubox.so] Loaded successfully with 0 items.
2025-11-05 19:58:51,517 - SinkIdentifier - INFO - [libpthread.so.0] Loaded successfully with 0 items.
2025-11-05 19:59:17,943 - SinkIdentifier - INFO - libcms_msg.so: 0 items loaded.
2025-11-05 19:59:17,943 - SinkIdentifier - INFO - libkm.so: 0 items loaded.
2025-11-05 19:59:17,944 - SinkIdentifier - INFO - libcms_util.so: 0 items loaded.
2025-11-05 19:59:17,944 - SinkIdentifier - INFO - libucapi.so: 0 items loaded.
2025-11-05 19:59:17,944 - SinkIdentifier - INFO - libdl.so.2: 0 items loaded.
2025-11-05 19:59:17,944 - SinkIdentifier - INFO - libbcm_flashutil.so: 1 items loaded.
2025-11-05 19:59:17,944 - SinkIdentifier - INFO - libnetctrl.so: 9 items loaded.
2025-11-05 19:59:17,944 - SinkIdentifier - INFO - libcfmd.so: 0 items loaded.
2025-11-05 19:59:17,945 - SinkIdentifier - INFO - libubus.so: 0 items loaded.
2025-11-05 19:59:17,945 - SinkIdentifier - INFO - libblobmsg_json.so: 0 items loaded.
2025-11-05 19:59:17,945 - SinkIdentifier - INFO - libcms_core.so: 11 items loaded.
2025-11-05 19:59:17,945 - SinkIdentifier - INFO - libubox.so: 0 items loaded.
2025-11-05 19:59:17,945 - SinkIdentifier - INFO - libpthread.so.0: 0 items loaded.
2025-11-05 20:06:05,462 - SinkIdentifier - INFO - [libcms_msg.so] Loaded successfully with 0 items.
2025-11-05 20:06:05,462 - SinkIdentifier - INFO - [libkm.so] Loaded successfully with 0 items.
2025-11-05 20:06:05,463 - SinkIdentifier - INFO - [libcms_util.so] Loaded successfully with 0 items.
2025-11-05 20:06:05,463 - SinkIdentifier - INFO - [libucapi.so] Loaded successfully with 0 items.
2025-11-05 20:06:05,463 - SinkIdentifier - INFO - [libdl.so.2] Loaded successfully with 0 items.
2025-11-05 20:06:05,463 - SinkIdentifier - INFO - [libbcm_flashutil.so] Loaded successfully with 1 items.
2025-11-05 20:06:05,463 - SinkIdentifier - INFO - [libnetctrl.so] Loaded successfully with 9 items.
2025-11-05 20:06:05,464 - SinkIdentifier - INFO - [libcfmd.so] Loaded successfully with 0 items.
2025-11-05 20:06:05,464 - SinkIdentifier - INFO - [libubus.so] Loaded successfully with 0 items.
2025-11-05 20:06:05,464 - SinkIdentifier - INFO - [libblobmsg_json.so] Loaded successfully with 0 items.
2025-11-05 20:06:05,465 - SinkIdentifier - INFO - [libcms_core.so] Loaded successfully with 11 items.
2025-11-05 20:06:05,465 - SinkIdentifier - INFO - [libubox.so] Loaded successfully with 0 items.
2025-11-05 20:06:05,465 - SinkIdentifier - INFO - [libpthread.so.0] Loaded successfully with 0 items.
2025-11-05 20:06:31,263 - SinkIdentifier - INFO - libcms_msg.so: 0 items loaded.
2025-11-05 20:06:31,264 - SinkIdentifier - INFO - libkm.so: 0 items loaded.
2025-11-05 20:06:31,264 - SinkIdentifier - INFO - libcms_util.so: 0 items loaded.
2025-11-05 20:06:31,264 - SinkIdentifier - INFO - libucapi.so: 0 items loaded.
2025-11-05 20:06:31,264 - SinkIdentifier - INFO - libdl.so.2: 0 items loaded.
2025-11-05 20:06:31,264 - SinkIdentifier - INFO - libbcm_flashutil.so: 1 items loaded.
2025-11-05 20:06:31,264 - SinkIdentifier - INFO - libnetctrl.so: 9 items loaded.
2025-11-05 20:06:31,265 - SinkIdentifier - INFO - libcfmd.so: 0 items loaded.
2025-11-05 20:06:31,265 - SinkIdentifier - INFO - libubus.so: 0 items loaded.
2025-11-05 20:06:31,265 - SinkIdentifier - INFO - libblobmsg_json.so: 0 items loaded.
2025-11-05 20:06:31,265 - SinkIdentifier - INFO - libcms_core.so: 11 items loaded.
2025-11-05 20:06:31,265 - SinkIdentifier - INFO - libubox.so: 0 items loaded.
2025-11-05 20:06:31,266 - SinkIdentifier - INFO - libpthread.so.0: 0 items loaded.
2025-11-06 08:40:22,559 - SinkIdentifier - INFO - [libcms_msg.so] Loaded successfully with 0 items.
2025-11-06 08:40:22,559 - SinkIdentifier - INFO - [libkm.so] Loaded successfully with 0 items.
2025-11-06 08:40:22,559 - SinkIdentifier - INFO - [libcms_util.so] Loaded successfully with 0 items.
2025-11-06 08:40:22,560 - SinkIdentifier - INFO - [libucapi.so] Loaded successfully with 0 items.
2025-11-06 08:40:22,560 - SinkIdentifier - INFO - [libdl.so.2] Loaded successfully with 0 items.
2025-11-06 08:40:22,560 - SinkIdentifier - INFO - [libbcm_flashutil.so] Loaded successfully with 1 items.
2025-11-06 08:40:22,560 - SinkIdentifier - INFO - [libnetctrl.so] Loaded successfully with 9 items.
2025-11-06 08:40:22,560 - SinkIdentifier - INFO - [libcfmd.so] Loaded successfully with 0 items.
2025-11-06 08:40:22,561 - SinkIdentifier - INFO - [libubus.so] Loaded successfully with 0 items.
2025-11-06 08:40:22,561 - SinkIdentifier - INFO - [libblobmsg_json.so] Loaded successfully with 0 items.
2025-11-06 08:40:22,561 - SinkIdentifier - INFO - [libcms_core.so] Loaded successfully with 11 items.
2025-11-06 08:40:22,561 - SinkIdentifier - INFO - [libubox.so] Loaded successfully with 0 items.
2025-11-06 08:40:22,561 - SinkIdentifier - INFO - [libpthread.so.0] Loaded successfully with 0 items.
2025-11-06 08:40:49,327 - SinkIdentifier - INFO - libcms_msg.so: 0 items loaded.
2025-11-06 08:40:49,327 - SinkIdentifier - INFO - libkm.so: 0 items loaded.
2025-11-06 08:40:49,328 - SinkIdentifier - INFO - libcms_util.so: 0 items loaded.
2025-11-06 08:40:49,328 - SinkIdentifier - INFO - libucapi.so: 0 items loaded.
2025-11-06 08:40:49,328 - SinkIdentifier - INFO - libdl.so.2: 0 items loaded.
2025-11-06 08:40:49,328 - SinkIdentifier - INFO - libbcm_flashutil.so: 1 items loaded.
2025-11-06 08:40:49,328 - SinkIdentifier - INFO - libnetctrl.so: 9 items loaded.
2025-11-06 08:40:49,329 - SinkIdentifier - INFO - libcfmd.so: 0 items loaded.
2025-11-06 08:40:49,331 - SinkIdentifier - INFO - libubus.so: 0 items loaded.
2025-11-06 08:40:49,331 - SinkIdentifier - INFO - libblobmsg_json.so: 0 items loaded.
2025-11-06 08:40:49,331 - SinkIdentifier - INFO - libcms_core.so: 11 items loaded.
2025-11-06 08:40:49,331 - SinkIdentifier - INFO - libubox.so: 0 items loaded.
2025-11-06 08:40:49,331 - SinkIdentifier - INFO - libpthread.so.0: 0 items loaded.
2025-11-06 17:58:01,633 - SinkIdentifier - INFO - [libcms_msg.so] Loaded successfully with 0 items.
2025-11-06 17:58:01,633 - SinkIdentifier - INFO - [libkm.so] Loaded successfully with 0 items.
2025-11-06 17:58:01,633 - SinkIdentifier - INFO - [libcms_util.so] Loaded successfully with 0 items.
2025-11-06 17:58:01,634 - SinkIdentifier - INFO - [libucapi.so] Loaded successfully with 0 items.
2025-11-06 17:58:01,634 - SinkIdentifier - INFO - [libdl.so.2] Loaded successfully with 0 items.
2025-11-06 17:58:01,635 - SinkIdentifier - INFO - [libbcm_flashutil.so] Loaded successfully with 1 items.
2025-11-06 17:58:01,635 - SinkIdentifier - INFO - [libnetctrl.so] Loaded successfully with 9 items.
2025-11-06 17:58:01,635 - SinkIdentifier - INFO - [libcfmd.so] Loaded successfully with 0 items.
2025-11-06 17:58:01,635 - SinkIdentifier - INFO - [libubus.so] Loaded successfully with 0 items.
2025-11-06 17:58:01,636 - SinkIdentifier - INFO - [libblobmsg_json.so] Loaded successfully with 0 items.
2025-11-06 17:58:01,636 - SinkIdentifier - INFO - [libcms_core.so] Loaded successfully with 11 items.
2025-11-06 17:58:01,636 - SinkIdentifier - INFO - [libubox.so] Loaded successfully with 0 items.
2025-11-06 17:58:01,636 - SinkIdentifier - INFO - [libpthread.so.0] Loaded successfully with 0 items.
2025-11-06 17:59:25,638 - SinkIdentifier - INFO - libcms_msg.so: 0 items loaded.
2025-11-06 17:59:25,638 - SinkIdentifier - INFO - libkm.so: 0 items loaded.
2025-11-06 17:59:25,639 - SinkIdentifier - INFO - libcms_util.so: 0 items loaded.
2025-11-06 17:59:25,639 - SinkIdentifier - INFO - libucapi.so: 0 items loaded.
2025-11-06 17:59:25,639 - SinkIdentifier - INFO - libdl.so.2: 0 items loaded.
2025-11-06 17:59:25,639 - SinkIdentifier - INFO - libbcm_flashutil.so: 1 items loaded.
2025-11-06 17:59:25,639 - SinkIdentifier - INFO - libnetctrl.so: 9 items loaded.
2025-11-06 17:59:25,639 - SinkIdentifier - INFO - libcfmd.so: 0 items loaded.
2025-11-06 17:59:25,639 - SinkIdentifier - INFO - libubus.so: 0 items loaded.
2025-11-06 17:59:25,639 - SinkIdentifier - INFO - libblobmsg_json.so: 0 items loaded.
2025-11-06 17:59:25,639 - SinkIdentifier - INFO - libcms_core.so: 11 items loaded.
2025-11-06 17:59:25,640 - SinkIdentifier - INFO - libubox.so: 0 items loaded.
2025-11-06 17:59:25,640 - SinkIdentifier - INFO - libpthread.so.0: 0 items loaded.
2025-11-25 06:33:42,645 - SinkIdentifier - INFO - [libxmldbc.so] Loaded successfully with 0 items.
2025-11-25 06:33:42,655 - SinkIdentifier - INFO - [libshare.so] Loaded successfully with 0 items.
2025-11-25 06:33:42,655 - SinkIdentifier - INFO - [libcgic.so] Loaded successfully with 0 items.
2025-11-25 06:33:42,655 - SinkIdentifier - INFO - [libmmf.so] Loaded successfully with 1 items.
2025-11-25 06:33:42,655 - SinkIdentifier - INFO - [libsecdownload.so] Loaded successfully with 0 items.
2025-11-25 06:33:42,655 - SinkIdentifier - INFO - [libwto.so] Loaded successfully with 2 items.
2025-11-25 06:33:42,655 - SinkIdentifier - INFO - [libsafe_system.so] Loaded successfully with 0 items.
2025-11-25 06:33:42,656 - SinkIdentifier - INFO - [photocenter_mgr.cgi] Loaded successfully with 0 items.
2025-11-25 06:33:56,419 - SinkIdentifier - INFO - libxmldbc.so: 0 items loaded.
2025-11-25 06:33:56,420 - SinkIdentifier - INFO - libshare.so: 0 items loaded.
2025-11-25 06:33:56,420 - SinkIdentifier - INFO - libcgic.so: 0 items loaded.
2025-11-25 06:33:56,420 - SinkIdentifier - INFO - libmmf.so: 1 items loaded.
2025-11-25 06:33:56,420 - SinkIdentifier - INFO - libsecdownload.so: 0 items loaded.
2025-11-25 06:33:56,420 - SinkIdentifier - INFO - libwto.so: 2 items loaded.
2025-11-25 06:33:56,420 - SinkIdentifier - INFO - libsafe_system.so: 0 items loaded.
2025-11-25 06:33:56,420 - SinkIdentifier - INFO - photocenter_mgr.cgi: 0 items loaded.
2025-11-25 17:51:10,762 - SinkIdentifier - INFO - Skipping libcgic.so: already exists in database.
2025-11-25 17:51:10,779 - SinkIdentifier - INFO - Skipping libshare.so: already exists in database.
2025-11-25 17:51:10,779 - SinkIdentifier - INFO - Skipping libxmldbc.so: already exists in database.
2025-11-25 17:51:10,780 - SinkIdentifier - INFO - Skipping libmmf.so: already exists in database.
2025-11-25 17:51:10,780 - SinkIdentifier - INFO - Skipping libwto.so: already exists in database.
2025-11-25 17:51:10,780 - SinkIdentifier - INFO - Skipping libsecdownload.so: already exists in database.
2025-11-25 17:51:10,780 - SinkIdentifier - INFO - Skipping libsafe_system.so: already exists in database.
2025-11-25 17:51:10,780 - SinkIdentifier - INFO - Skipping photocenter_mgr.cgi: already exists in database.
2025-11-25 17:51:10,784 - SinkIdentifier - INFO - [libxmldbc.so] Loaded successfully with 0 items.
2025-11-25 17:51:10,785 - SinkIdentifier - INFO - [libshare.so] Loaded successfully with 0 items.
2025-11-25 17:51:10,785 - SinkIdentifier - INFO - [libcgic.so] Loaded successfully with 0 items.
2025-11-25 17:51:10,785 - SinkIdentifier - INFO - [libmmf.so] Loaded successfully with 1 items.
2025-11-25 17:51:10,785 - SinkIdentifier - INFO - [libsecdownload.so] Loaded successfully with 0 items.
2025-11-25 17:51:10,786 - SinkIdentifier - INFO - [libwto.so] Loaded successfully with 2 items.
2025-11-25 17:51:10,786 - SinkIdentifier - INFO - [libsafe_system.so] Loaded successfully with 0 items.
2025-11-25 17:51:10,786 - SinkIdentifier - INFO - [photocenter_mgr.cgi] Loaded successfully with 0 items.
2025-11-25 17:51:45,535 - SinkIdentifier - INFO - libxmldbc.so: 0 items loaded.
2025-11-25 17:51:45,537 - SinkIdentifier - INFO - libshare.so: 0 items loaded.
2025-11-25 17:51:45,537 - SinkIdentifier - INFO - libcgic.so: 0 items loaded.
2025-11-25 17:51:45,537 - SinkIdentifier - INFO - libmmf.so: 1 items loaded.
2025-11-25 17:51:45,537 - SinkIdentifier - INFO - libsecdownload.so: 0 items loaded.
2025-11-25 17:51:45,537 - SinkIdentifier - INFO - libwto.so: 2 items loaded.
2025-11-25 17:51:45,538 - SinkIdentifier - INFO - libsafe_system.so: 0 items loaded.
2025-11-25 17:51:45,538 - SinkIdentifier - INFO - photocenter_mgr.cgi: 0 items loaded.
2025-11-25 20:11:32,883 - SinkIdentifier - INFO - Skipping libcgic.so: already exists in database.
2025-11-25 20:11:32,883 - SinkIdentifier - INFO - Skipping libshare.so: already exists in database.
2025-11-25 20:11:32,883 - SinkIdentifier - INFO - Skipping libxmldbc.so: already exists in database.
2025-11-25 20:11:32,883 - SinkIdentifier - INFO - Skipping libmmf.so: already exists in database.
2025-11-25 20:11:32,884 - SinkIdentifier - INFO - Skipping libwto.so: already exists in database.
2025-11-25 20:11:32,884 - SinkIdentifier - INFO - Skipping libsecdownload.so: already exists in database.
2025-11-25 20:11:32,884 - SinkIdentifier - INFO - Skipping libsafe_system.so: already exists in database.
2025-11-25 20:11:32,884 - SinkIdentifier - INFO - Skipping photocenter_mgr.cgi: already exists in database.
2025-11-25 20:13:11,641 - SinkIdentifier - INFO - Skipping libcgic.so: already exists in database.
2025-11-25 20:13:11,641 - SinkIdentifier - INFO - Skipping libshare.so: already exists in database.
2025-11-25 20:13:11,642 - SinkIdentifier - INFO - Skipping libxmldbc.so: already exists in database.
2025-11-25 20:13:11,642 - SinkIdentifier - INFO - Skipping libmmf.so: already exists in database.
2025-11-25 20:13:11,642 - SinkIdentifier - INFO - Skipping libwto.so: already exists in database.
2025-11-25 20:13:11,642 - SinkIdentifier - INFO - Skipping libsecdownload.so: already exists in database.
2025-11-25 20:13:11,642 - SinkIdentifier - INFO - Skipping libsafe_system.so: already exists in database.
2025-11-25 20:13:11,642 - SinkIdentifier - INFO - Skipping photocenter_mgr.cgi: already exists in database.
2025-11-25 20:17:37,141 - SinkIdentifier - INFO - Skipping libcgic.so: already exists in database.
2025-11-25 20:17:37,141 - SinkIdentifier - INFO - Skipping libshare.so: already exists in database.
2025-11-25 20:17:37,141 - SinkIdentifier - INFO - Skipping libxmldbc.so: already exists in database.
2025-11-25 20:17:37,141 - SinkIdentifier - INFO - Skipping libmmf.so: already exists in database.
2025-11-25 20:17:37,141 - SinkIdentifier - INFO - Skipping libwto.so: already exists in database.
2025-11-25 20:17:37,142 - SinkIdentifier - INFO - Skipping libsecdownload.so: already exists in database.
2025-11-25 20:17:37,142 - SinkIdentifier - INFO - Skipping libsafe_system.so: already exists in database.
2025-11-25 20:17:37,142 - SinkIdentifier - INFO - Skipping photocenter_mgr.cgi: already exists in database.
2025-11-25 20:20:14,656 - SinkIdentifier - INFO - [libxmldbc.so] Loaded successfully with 0 items.
2025-11-25 20:20:40,978 - SinkIdentifier - INFO - [libshare.so] Loaded successfully with 0 items.
2025-11-25 20:20:43,992 - SinkIdentifier - INFO - [libcgic.so] Loaded successfully with 0 items.
2025-11-25 20:20:46,924 - SinkIdentifier - INFO - [libmmf.so] Loaded successfully with 1 items.
2025-11-25 20:20:50,833 - SinkIdentifier - INFO - [libsecdownload.so] Loaded successfully with 0 items.
2025-11-25 20:20:53,607 - SinkIdentifier - INFO - [libwto.so] Loaded successfully with 2 items.
2025-11-25 20:20:56,578 - SinkIdentifier - INFO - [libsafe_system.so] Loaded successfully with 0 items.
2025-11-25 20:20:59,082 - SinkIdentifier - INFO - [photocenter_mgr.cgi] Loaded successfully with 0 items.
2025-11-25 20:21:55,813 - SinkIdentifier - INFO - Skipping libcgic.so: already exists in database.
2025-11-25 20:21:55,813 - SinkIdentifier - INFO - Skipping libshare.so: already exists in database.
2025-11-25 20:21:55,813 - SinkIdentifier - INFO - Skipping libxmldbc.so: already exists in database.
2025-11-25 20:21:55,814 - SinkIdentifier - INFO - Skipping libmmf.so: already exists in database.
2025-11-25 20:21:55,814 - SinkIdentifier - INFO - Skipping libwto.so: already exists in database.
2025-11-25 20:21:55,814 - SinkIdentifier - INFO - Skipping libsecdownload.so: already exists in database.
2025-11-25 20:21:55,814 - SinkIdentifier - INFO - Skipping libsafe_system.so: already exists in database.
2025-11-25 20:21:55,814 - SinkIdentifier - INFO - Skipping photocenter_mgr.cgi: already exists in database.
2025-11-25 20:32:40,822 - SinkIdentifier - INFO - Skipping libcgic.so: already exists in database.
2025-11-25 20:32:40,823 - SinkIdentifier - INFO - Skipping libshare.so: already exists in database.
2025-11-25 20:32:40,823 - SinkIdentifier - INFO - Skipping libxmldbc.so: already exists in database.
2025-11-25 20:32:40,823 - SinkIdentifier - INFO - Skipping libmmf.so: already exists in database.
2025-11-25 20:32:40,823 - SinkIdentifier - INFO - Skipping libwto.so: already exists in database.
2025-11-25 20:32:40,823 - SinkIdentifier - INFO - Skipping libsecdownload.so: already exists in database.
2025-11-25 20:32:40,823 - SinkIdentifier - INFO - Skipping libsafe_system.so: already exists in database.
2025-11-25 20:32:40,823 - SinkIdentifier - INFO - Skipping photocenter_mgr.cgi: already exists in database.
2025-11-25 20:33:45,760 - SinkIdentifier - INFO - [libxmldbc.so] Loaded successfully with 0 items.
2025-11-25 20:33:45,761 - SinkIdentifier - INFO - [libshare.so] Loaded successfully with 0 items.
2025-11-25 20:33:45,761 - SinkIdentifier - INFO - [libcgic.so] Loaded successfully with 0 items.
2025-11-25 20:33:45,761 - SinkIdentifier - INFO - [libmmf.so] Loaded successfully with 1 items.
2025-11-25 20:33:45,761 - SinkIdentifier - INFO - [libsecdownload.so] Loaded successfully with 0 items.
2025-11-25 20:33:45,761 - SinkIdentifier - INFO - [libwto.so] Loaded successfully with 2 items.
2025-11-25 20:33:45,762 - SinkIdentifier - INFO - [libsafe_system.so] Loaded successfully with 0 items.
2025-11-25 20:33:45,762 - SinkIdentifier - INFO - [photocenter_mgr.cgi] Loaded successfully with 0 items.
2025-11-25 21:25:55,674 - SinkIdentifier - INFO - Skipping libcgic.so: already exists in database.
2025-11-25 21:25:55,674 - SinkIdentifier - INFO - Skipping libshare.so: already exists in database.
2025-11-25 21:25:55,674 - SinkIdentifier - INFO - Skipping libxmldbc.so: already exists in database.
2025-11-25 21:25:55,674 - SinkIdentifier - INFO - Skipping libmmf.so: already exists in database.
2025-11-25 21:25:55,674 - SinkIdentifier - INFO - Skipping libwto.so: already exists in database.
2025-11-25 21:25:55,674 - SinkIdentifier - INFO - Skipping libsecdownload.so: already exists in database.
2025-11-25 21:25:55,674 - SinkIdentifier - INFO - Skipping libsafe_system.so: already exists in database.
2025-11-25 21:25:55,674 - SinkIdentifier - INFO - Skipping photocenter_mgr.cgi: already exists in database.
2025-11-25 21:25:58,036 - SinkIdentifier - INFO - [libxmldbc.so] Loaded successfully with 0 items.
2025-11-25 21:25:58,036 - SinkIdentifier - INFO - [libshare.so] Loaded successfully with 0 items.
2025-11-25 21:25:58,036 - SinkIdentifier - INFO - [libcgic.so] Loaded successfully with 0 items.
2025-11-25 21:25:58,037 - SinkIdentifier - INFO - [libmmf.so] Loaded successfully with 1 items.
2025-11-25 21:25:58,037 - SinkIdentifier - INFO - [libsecdownload.so] Loaded successfully with 0 items.
2025-11-25 21:25:58,037 - SinkIdentifier - INFO - [libwto.so] Loaded successfully with 2 items.
2025-11-25 21:25:58,038 - SinkIdentifier - INFO - [libsafe_system.so] Loaded successfully with 0 items.
2025-11-25 21:25:58,038 - SinkIdentifier - INFO - [photocenter_mgr.cgi] Loaded successfully with 0 items.
2025-11-25 22:27:39,028 - SinkIdentifier - INFO - Skipping libcgic.so: already exists in database.
2025-11-25 22:27:39,029 - SinkIdentifier - INFO - Skipping libshare.so: already exists in database.
2025-11-25 22:27:39,029 - SinkIdentifier - INFO - Skipping libxmldbc.so: already exists in database.
2025-11-25 22:27:39,029 - SinkIdentifier - INFO - Skipping libmmf.so: already exists in database.
2025-11-25 22:27:39,034 - SinkIdentifier - INFO - Skipping libwto.so: already exists in database.
2025-11-25 22:27:39,034 - SinkIdentifier - INFO - Skipping libsecdownload.so: already exists in database.
2025-11-25 22:27:39,034 - SinkIdentifier - INFO - Skipping libsafe_system.so: already exists in database.
2025-11-25 22:27:39,035 - SinkIdentifier - INFO - Skipping photocenter_mgr.cgi: already exists in database.
2025-11-25 22:27:43,845 - SinkIdentifier - INFO - [libxmldbc.so] Loaded successfully with 0 items.
2025-11-25 22:27:43,846 - SinkIdentifier - INFO - [libshare.so] Loaded successfully with 0 items.
2025-11-25 22:27:43,847 - SinkIdentifier - INFO - [libcgic.so] Loaded successfully with 0 items.
2025-11-25 22:27:43,847 - SinkIdentifier - INFO - [libmmf.so] Loaded successfully with 1 items.
2025-11-25 22:27:43,847 - SinkIdentifier - INFO - [libsecdownload.so] Loaded successfully with 0 items.
2025-11-25 22:27:43,847 - SinkIdentifier - INFO - [libwto.so] Loaded successfully with 2 items.
2025-11-25 22:27:43,847 - SinkIdentifier - INFO - [libsafe_system.so] Loaded successfully with 0 items.
2025-11-25 22:27:43,848 - SinkIdentifier - INFO - [photocenter_mgr.cgi] Loaded successfully with 0 items.
2025-11-25 22:34:58,041 - SinkIdentifier - INFO - Skipping libcgic.so: already exists in database.
2025-11-25 22:34:58,041 - SinkIdentifier - INFO - Skipping libshare.so: already exists in database.
2025-11-25 22:34:58,042 - SinkIdentifier - INFO - Skipping libxmldbc.so: already exists in database.
2025-11-25 22:34:58,042 - SinkIdentifier - INFO - Skipping libmmf.so: already exists in database.
2025-11-25 22:34:58,042 - SinkIdentifier - INFO - Skipping libwto.so: already exists in database.
2025-11-25 22:34:58,042 - SinkIdentifier - INFO - Skipping libsecdownload.so: already exists in database.
2025-11-25 22:34:58,042 - SinkIdentifier - INFO - Skipping libsafe_system.so: already exists in database.
2025-11-25 22:34:58,042 - SinkIdentifier - INFO - Skipping photocenter_mgr.cgi: already exists in database.
2025-11-25 22:34:58,047 - SinkIdentifier - INFO - [libxmldbc.so] Loaded successfully with 0 items.
2025-11-25 22:34:58,047 - SinkIdentifier - INFO - [libshare.so] Loaded successfully with 0 items.
2025-11-25 22:34:58,047 - SinkIdentifier - INFO - [libcgic.so] Loaded successfully with 0 items.
2025-11-25 22:34:58,047 - SinkIdentifier - INFO - [libmmf.so] Loaded successfully with 1 items.
2025-11-25 22:34:58,047 - SinkIdentifier - INFO - [libsecdownload.so] Loaded successfully with 0 items.
2025-11-25 22:34:58,048 - SinkIdentifier - INFO - [libwto.so] Loaded successfully with 2 items.
2025-11-25 22:34:58,048 - SinkIdentifier - INFO - [libsafe_system.so] Loaded successfully with 0 items.
2025-11-25 22:34:58,048 - SinkIdentifier - INFO - [photocenter_mgr.cgi] Loaded successfully with 0 items.
2025-11-25 22:38:28,856 - SinkIdentifier - INFO - Skipping libcgic.so: already exists in database.
2025-11-25 22:38:28,856 - SinkIdentifier - INFO - Skipping libshare.so: already exists in database.
2025-11-25 22:38:28,857 - SinkIdentifier - INFO - Skipping libxmldbc.so: already exists in database.
2025-11-25 22:38:28,857 - SinkIdentifier - INFO - Skipping libmmf.so: already exists in database.
2025-11-25 22:38:28,857 - SinkIdentifier - INFO - Skipping libwto.so: already exists in database.
2025-11-25 22:38:28,857 - SinkIdentifier - INFO - Skipping libsecdownload.so: already exists in database.
2025-11-25 22:38:28,857 - SinkIdentifier - INFO - Skipping libsafe_system.so: already exists in database.
2025-11-25 22:38:28,857 - SinkIdentifier - INFO - Skipping photocenter_mgr.cgi: already exists in database.
2025-11-25 22:38:28,860 - SinkIdentifier - INFO - [libxmldbc.so] Loaded successfully with 0 items.
2025-11-25 22:38:28,860 - SinkIdentifier - INFO - [libshare.so] Loaded successfully with 0 items.
2025-11-25 22:38:28,860 - SinkIdentifier - INFO - [libcgic.so] Loaded successfully with 0 items.
2025-11-25 22:38:28,860 - SinkIdentifier - INFO - [libmmf.so] Loaded successfully with 1 items.
2025-11-25 22:38:28,861 - SinkIdentifier - INFO - [libsecdownload.so] Loaded successfully with 0 items.
2025-11-25 22:38:28,861 - SinkIdentifier - INFO - [libwto.so] Loaded successfully with 2 items.
2025-11-25 22:38:28,861 - SinkIdentifier - INFO - [libsafe_system.so] Loaded successfully with 0 items.
2025-11-25 22:38:28,861 - SinkIdentifier - INFO - [photocenter_mgr.cgi] Loaded successfully with 0 items.
2025-11-25 22:39:11,980 - SinkIdentifier - INFO - Skipping libcgic.so: already exists in database.
2025-11-25 22:39:11,980 - SinkIdentifier - INFO - Skipping libshare.so: already exists in database.
2025-11-25 22:39:11,980 - SinkIdentifier - INFO - Skipping libxmldbc.so: already exists in database.
2025-11-25 22:39:11,981 - SinkIdentifier - INFO - Skipping libmmf.so: already exists in database.
2025-11-25 22:39:11,981 - SinkIdentifier - INFO - Skipping libwto.so: already exists in database.
2025-11-25 22:39:11,983 - SinkIdentifier - INFO - Skipping libsecdownload.so: already exists in database.
2025-11-25 22:39:11,984 - SinkIdentifier - INFO - Skipping libsafe_system.so: already exists in database.
2025-11-25 22:39:11,984 - SinkIdentifier - INFO - Skipping photocenter_mgr.cgi: already exists in database.
2025-11-25 22:39:11,987 - SinkIdentifier - INFO - [libxmldbc.so] Loaded successfully with 0 items.
2025-11-25 22:39:11,988 - SinkIdentifier - INFO - [libshare.so] Loaded successfully with 0 items.
2025-11-25 22:39:11,988 - SinkIdentifier - INFO - [libcgic.so] Loaded successfully with 0 items.
2025-11-25 22:39:11,988 - SinkIdentifier - INFO - [libmmf.so] Loaded successfully with 1 items.
2025-11-25 22:39:11,988 - SinkIdentifier - INFO - [libsecdownload.so] Loaded successfully with 0 items.
2025-11-25 22:39:11,988 - SinkIdentifier - INFO - [libwto.so] Loaded successfully with 2 items.
2025-11-25 22:39:11,989 - SinkIdentifier - INFO - [libsafe_system.so] Loaded successfully with 0 items.
2025-11-25 22:39:11,989 - SinkIdentifier - INFO - [photocenter_mgr.cgi] Loaded successfully with 0 items.
2025-11-25 22:51:21,450 - SinkIdentifier - INFO - Skipping libcgic.so: already exists in database.
2025-11-25 22:51:21,450 - SinkIdentifier - INFO - Skipping libshare.so: already exists in database.
2025-11-25 22:51:21,450 - SinkIdentifier - INFO - Skipping libxmldbc.so: already exists in database.
2025-11-25 22:51:21,450 - SinkIdentifier - INFO - Skipping libmmf.so: already exists in database.
2025-11-25 22:51:21,451 - SinkIdentifier - INFO - Skipping libwto.so: already exists in database.
2025-11-25 22:51:21,451 - SinkIdentifier - INFO - Skipping libsecdownload.so: already exists in database.
2025-11-25 22:51:21,451 - SinkIdentifier - INFO - Skipping libsafe_system.so: already exists in database.
2025-11-25 22:51:21,451 - SinkIdentifier - INFO - Skipping photocenter_mgr.cgi: already exists in database.
2025-11-25 22:51:21,454 - SinkIdentifier - INFO - [libxmldbc.so] Loaded successfully with 0 items.
2025-11-25 22:51:21,454 - SinkIdentifier - INFO - [libshare.so] Loaded successfully with 0 items.
2025-11-25 22:51:21,454 - SinkIdentifier - INFO - [libcgic.so] Loaded successfully with 0 items.
2025-11-25 22:51:21,454 - SinkIdentifier - INFO - [libmmf.so] Loaded successfully with 1 items.
2025-11-25 22:51:21,455 - SinkIdentifier - INFO - [libsecdownload.so] Loaded successfully with 0 items.
2025-11-25 22:51:21,455 - SinkIdentifier - INFO - [libwto.so] Loaded successfully with 2 items.
2025-11-25 22:51:21,455 - SinkIdentifier - INFO - [libsafe_system.so] Loaded successfully with 0 items.
2025-11-25 22:51:21,455 - SinkIdentifier - INFO - [photocenter_mgr.cgi] Loaded successfully with 0 items.
2025-11-25 22:53:21,373 - SinkIdentifier - INFO - Skipping libcgic.so: already exists in database.
2025-11-25 22:53:21,373 - SinkIdentifier - INFO - Skipping libshare.so: already exists in database.
2025-11-25 22:53:21,374 - SinkIdentifier - INFO - Skipping libxmldbc.so: already exists in database.
2025-11-25 22:53:21,374 - SinkIdentifier - INFO - Skipping libmmf.so: already exists in database.
2025-11-25 22:53:21,374 - SinkIdentifier - INFO - Skipping libwto.so: already exists in database.
2025-11-25 22:53:21,374 - SinkIdentifier - INFO - Skipping libsecdownload.so: already exists in database.
2025-11-25 22:53:21,374 - SinkIdentifier - INFO - Skipping libsafe_system.so: already exists in database.
2025-11-25 22:53:21,374 - SinkIdentifier - INFO - Skipping photocenter_mgr.cgi: already exists in database.
2025-11-25 22:53:21,378 - SinkIdentifier - INFO - [libxmldbc.so] Loaded successfully with 0 items.
2025-11-25 22:53:21,378 - SinkIdentifier - INFO - [libshare.so] Loaded successfully with 0 items.
2025-11-25 22:53:21,379 - SinkIdentifier - INFO - [libcgic.so] Loaded successfully with 0 items.
2025-11-25 22:53:21,379 - SinkIdentifier - INFO - [libmmf.so] Loaded successfully with 1 items.
2025-11-25 22:53:21,379 - SinkIdentifier - INFO - [libsecdownload.so] Loaded successfully with 0 items.
2025-11-25 22:53:21,380 - SinkIdentifier - INFO - [libwto.so] Loaded successfully with 2 items.
2025-11-25 22:53:21,380 - SinkIdentifier - INFO - [libsafe_system.so] Loaded successfully with 0 items.
2025-11-25 22:53:21,380 - SinkIdentifier - INFO - [photocenter_mgr.cgi] Loaded successfully with 0 items.
2025-11-26 17:50:12,121 - SinkIdentifier - INFO - Skipping libcgic.so: already exists in database.
2025-11-26 17:50:12,122 - SinkIdentifier - INFO - Skipping libshare.so: already exists in database.
2025-11-26 17:50:12,122 - SinkIdentifier - INFO - Skipping libxmldbc.so: already exists in database.
2025-11-26 17:50:12,122 - SinkIdentifier - INFO - Skipping libmmf.so: already exists in database.
2025-11-26 17:50:12,122 - SinkIdentifier - INFO - Skipping libwto.so: already exists in database.
2025-11-26 17:50:12,123 - SinkIdentifier - INFO - Skipping libsecdownload.so: already exists in database.
2025-11-26 17:50:12,123 - SinkIdentifier - INFO - Skipping libsafe_system.so: already exists in database.
2025-11-26 17:50:12,123 - SinkIdentifier - INFO - Skipping photocenter_mgr.cgi: already exists in database.
2025-11-26 17:50:12,126 - SinkIdentifier - INFO - [libxmldbc.so] Loaded successfully with 0 items.
2025-11-26 17:50:12,127 - SinkIdentifier - INFO - [libshare.so] Loaded successfully with 0 items.
2025-11-26 17:50:12,127 - SinkIdentifier - INFO - [libcgic.so] Loaded successfully with 0 items.
2025-11-26 17:50:12,127 - SinkIdentifier - INFO - [libmmf.so] Loaded successfully with 1 items.
2025-11-26 17:50:12,128 - SinkIdentifier - INFO - [libsecdownload.so] Loaded successfully with 0 items.
2025-11-26 17:50:12,128 - SinkIdentifier - INFO - [libwto.so] Loaded successfully with 2 items.
2025-11-26 17:50:12,128 - SinkIdentifier - INFO - [libsafe_system.so] Loaded successfully with 0 items.
2025-11-26 17:50:12,128 - SinkIdentifier - INFO - [photocenter_mgr.cgi] Loaded successfully with 0 items.
2025-11-26 18:58:01,915 - SinkIdentifier - INFO - Skipping libcgic.so: already exists in database.
2025-11-26 18:58:01,915 - SinkIdentifier - INFO - Skipping libshare.so: already exists in database.
2025-11-26 18:58:01,916 - SinkIdentifier - INFO - Skipping libxmldbc.so: already exists in database.
2025-11-26 18:58:01,916 - SinkIdentifier - INFO - Skipping libmmf.so: already exists in database.
2025-11-26 18:58:01,916 - SinkIdentifier - INFO - Skipping libwto.so: already exists in database.
2025-11-26 18:58:01,916 - SinkIdentifier - INFO - Skipping libsecdownload.so: already exists in database.
2025-11-26 18:58:01,916 - SinkIdentifier - INFO - Skipping libsafe_system.so: already exists in database.
2025-11-26 18:58:01,916 - SinkIdentifier - INFO - Skipping photocenter_mgr.cgi: already exists in database.
2025-11-26 18:58:01,919 - SinkIdentifier - INFO - [libxmldbc.so] Loaded successfully with 0 items.
2025-11-26 18:58:01,919 - SinkIdentifier - INFO - [libshare.so] Loaded successfully with 0 items.
2025-11-26 18:58:01,919 - SinkIdentifier - INFO - [libcgic.so] Loaded successfully with 0 items.
2025-11-26 18:58:01,920 - SinkIdentifier - INFO - [libmmf.so] Loaded successfully with 1 items.
2025-11-26 18:58:01,920 - SinkIdentifier - INFO - [libsecdownload.so] Loaded successfully with 0 items.
2025-11-26 18:58:01,920 - SinkIdentifier - INFO - [libwto.so] Loaded successfully with 2 items.
2025-11-26 18:58:01,920 - SinkIdentifier - INFO - [libsafe_system.so] Loaded successfully with 0 items.
2025-11-26 18:58:01,920 - SinkIdentifier - INFO - [photocenter_mgr.cgi] Loaded successfully with 0 items.
2025-11-26 19:27:59,451 - SinkIdentifier - INFO - Skipping libcgic.so: already exists in database.
2025-11-26 19:27:59,451 - SinkIdentifier - INFO - Skipping libshare.so: already exists in database.
2025-11-26 19:27:59,452 - SinkIdentifier - INFO - Skipping libxmldbc.so: already exists in database.
2025-11-26 19:27:59,452 - SinkIdentifier - INFO - Skipping libmmf.so: already exists in database.
2025-11-26 19:27:59,452 - SinkIdentifier - INFO - Skipping libwto.so: already exists in database.
2025-11-26 19:27:59,452 - SinkIdentifier - INFO - Skipping libsecdownload.so: already exists in database.
2025-11-26 19:27:59,452 - SinkIdentifier - INFO - Skipping libsafe_system.so: already exists in database.
2025-11-26 19:27:59,452 - SinkIdentifier - INFO - Skipping photocenter_mgr.cgi: already exists in database.
2025-11-26 19:27:59,455 - SinkIdentifier - INFO - [libxmldbc.so] Loaded successfully with 0 items.
2025-11-26 19:27:59,456 - SinkIdentifier - INFO - [libshare.so] Loaded successfully with 0 items.
2025-11-26 19:27:59,456 - SinkIdentifier - INFO - [libcgic.so] Loaded successfully with 0 items.
2025-11-26 19:27:59,456 - SinkIdentifier - INFO - [libmmf.so] Loaded successfully with 1 items.
2025-11-26 19:27:59,456 - SinkIdentifier - INFO - [libsecdownload.so] Loaded successfully with 0 items.
2025-11-26 19:27:59,456 - SinkIdentifier - INFO - [libwto.so] Loaded successfully with 2 items.
2025-11-26 19:27:59,457 - SinkIdentifier - INFO - [libsafe_system.so] Loaded successfully with 0 items.
2025-11-26 19:27:59,457 - SinkIdentifier - INFO - [photocenter_mgr.cgi] Loaded successfully with 0 items.
2025-11-26 19:31:10,393 - SinkIdentifier - INFO - Skipping libcgic.so: already exists in database.
2025-11-26 19:31:10,393 - SinkIdentifier - INFO - Skipping libshare.so: already exists in database.
2025-11-26 19:31:10,393 - SinkIdentifier - INFO - Skipping libxmldbc.so: already exists in database.
2025-11-26 19:31:10,393 - SinkIdentifier - INFO - Skipping libmmf.so: already exists in database.
2025-11-26 19:31:10,393 - SinkIdentifier - INFO - Skipping libwto.so: already exists in database.
2025-11-26 19:31:10,393 - SinkIdentifier - INFO - Skipping libsecdownload.so: already exists in database.
2025-11-26 19:31:10,394 - SinkIdentifier - INFO - Skipping libsafe_system.so: already exists in database.
2025-11-26 19:31:10,394 - SinkIdentifier - INFO - Skipping photocenter_mgr.cgi: already exists in database.
2025-11-26 19:31:10,396 - SinkIdentifier - INFO - [libxmldbc.so] Loaded successfully with 0 items.
2025-11-26 19:31:10,396 - SinkIdentifier - INFO - [libshare.so] Loaded successfully with 0 items.
2025-11-26 19:31:10,396 - SinkIdentifier - INFO - [libcgic.so] Loaded successfully with 0 items.
2025-11-26 19:31:10,397 - SinkIdentifier - INFO - [libmmf.so] Loaded successfully with 1 items.
2025-11-26 19:31:10,397 - SinkIdentifier - INFO - [libsecdownload.so] Loaded successfully with 0 items.
2025-11-26 19:31:10,397 - SinkIdentifier - INFO - [libwto.so] Loaded successfully with 2 items.
2025-11-26 19:31:10,397 - SinkIdentifier - INFO - [libsafe_system.so] Loaded successfully with 0 items.
2025-11-26 19:31:10,397 - SinkIdentifier - INFO - [photocenter_mgr.cgi] Loaded successfully with 0 items.
2025-11-26 19:34:05,519 - SinkIdentifier - INFO - Skipping libcgic.so: already exists in database.
2025-11-26 19:34:05,520 - SinkIdentifier - INFO - Skipping libshare.so: already exists in database.
2025-11-26 19:34:05,520 - SinkIdentifier - INFO - Skipping libxmldbc.so: already exists in database.
2025-11-26 19:34:05,520 - SinkIdentifier - INFO - Skipping libmmf.so: already exists in database.
2025-11-26 19:34:05,520 - SinkIdentifier - INFO - Skipping libwto.so: already exists in database.
2025-11-26 19:34:05,520 - SinkIdentifier - INFO - Skipping libsecdownload.so: already exists in database.
2025-11-26 19:34:05,520 - SinkIdentifier - INFO - Skipping libsafe_system.so: already exists in database.
2025-11-26 19:34:05,521 - SinkIdentifier - INFO - Skipping photocenter_mgr.cgi: already exists in database.
2025-11-26 19:34:05,523 - SinkIdentifier - INFO - [libxmldbc.so] Loaded successfully with 0 items.
2025-11-26 19:34:05,523 - SinkIdentifier - INFO - [libshare.so] Loaded successfully with 0 items.
2025-11-26 19:34:05,524 - SinkIdentifier - INFO - [libcgic.so] Loaded successfully with 0 items.
2025-11-26 19:34:05,524 - SinkIdentifier - INFO - [libmmf.so] Loaded successfully with 1 items.
2025-11-26 19:34:05,524 - SinkIdentifier - INFO - [libsecdownload.so] Loaded successfully with 0 items.
2025-11-26 19:34:05,524 - SinkIdentifier - INFO - [libwto.so] Loaded successfully with 2 items.
2025-11-26 19:34:05,524 - SinkIdentifier - INFO - [libsafe_system.so] Loaded successfully with 0 items.
2025-11-26 19:34:05,524 - SinkIdentifier - INFO - [photocenter_mgr.cgi] Loaded successfully with 0 items.
2025-11-26 21:42:24,942 - SinkIdentifier - INFO - Skipping libcgic.so: already exists in database.
2025-11-26 21:42:24,942 - SinkIdentifier - INFO - Skipping libshare.so: already exists in database.
2025-11-26 21:42:24,942 - SinkIdentifier - INFO - Skipping libxmldbc.so: already exists in database.
2025-11-26 21:42:24,942 - SinkIdentifier - INFO - Skipping libmmf.so: already exists in database.
2025-11-26 21:42:24,942 - SinkIdentifier - INFO - Skipping libwto.so: already exists in database.
2025-11-26 21:42:24,943 - SinkIdentifier - INFO - Skipping libsecdownload.so: already exists in database.
2025-11-26 21:42:24,943 - SinkIdentifier - INFO - Skipping libsafe_system.so: already exists in database.
2025-11-26 21:42:24,943 - SinkIdentifier - INFO - Skipping photocenter_mgr.cgi: already exists in database.
2025-11-26 21:42:24,945 - SinkIdentifier - INFO - [libxmldbc.so] Loaded successfully with 0 items.
2025-11-26 21:42:24,946 - SinkIdentifier - INFO - [libshare.so] Loaded successfully with 0 items.
2025-11-26 21:42:24,946 - SinkIdentifier - INFO - [libcgic.so] Loaded successfully with 0 items.
2025-11-26 21:42:24,946 - SinkIdentifier - INFO - [libmmf.so] Loaded successfully with 1 items.
2025-11-26 21:42:24,946 - SinkIdentifier - INFO - [libsecdownload.so] Loaded successfully with 0 items.
2025-11-26 21:42:24,946 - SinkIdentifier - INFO - [libwto.so] Loaded successfully with 2 items.
2025-11-26 21:42:24,946 - SinkIdentifier - INFO - [libsafe_system.so] Loaded successfully with 0 items.
2025-11-26 21:42:24,946 - SinkIdentifier - INFO - [photocenter_mgr.cgi] Loaded successfully with 0 items.
2025-11-26 21:43:00,508 - SinkIdentifier - INFO - Skipping libcgic.so: already exists in database.
2025-11-26 21:43:00,509 - SinkIdentifier - INFO - Skipping libshare.so: already exists in database.
2025-11-26 21:43:00,509 - SinkIdentifier - INFO - Skipping libxmldbc.so: already exists in database.
2025-11-26 21:43:00,510 - SinkIdentifier - INFO - Skipping libmmf.so: already exists in database.
2025-11-26 21:43:00,510 - SinkIdentifier - INFO - Skipping libwto.so: already exists in database.
2025-11-26 21:43:00,510 - SinkIdentifier - INFO - Skipping libsecdownload.so: already exists in database.
2025-11-26 21:43:00,510 - SinkIdentifier - INFO - Skipping libsafe_system.so: already exists in database.
2025-11-26 21:43:00,510 - SinkIdentifier - INFO - Skipping photocenter_mgr.cgi: already exists in database.
2025-11-26 21:43:00,513 - SinkIdentifier - INFO - [libxmldbc.so] Loaded successfully with 0 items.
2025-11-26 21:43:00,513 - SinkIdentifier - INFO - [libshare.so] Loaded successfully with 0 items.
2025-11-26 21:43:00,513 - SinkIdentifier - INFO - [libcgic.so] Loaded successfully with 0 items.
2025-11-26 21:43:00,513 - SinkIdentifier - INFO - [libmmf.so] Loaded successfully with 1 items.
2025-11-26 21:43:00,514 - SinkIdentifier - INFO - [libsecdownload.so] Loaded successfully with 0 items.
2025-11-26 21:43:00,514 - SinkIdentifier - INFO - [libwto.so] Loaded successfully with 2 items.
2025-11-26 21:43:00,514 - SinkIdentifier - INFO - [libsafe_system.so] Loaded successfully with 0 items.
2025-11-26 21:43:00,515 - SinkIdentifier - INFO - [photocenter_mgr.cgi] Loaded successfully with 0 items.
2025-11-26 22:08:10,253 - SinkIdentifier - INFO - Skipping libcgic.so: already exists in database.
2025-11-26 22:08:10,253 - SinkIdentifier - INFO - Skipping libshare.so: already exists in database.
2025-11-26 22:08:10,253 - SinkIdentifier - INFO - Skipping libxmldbc.so: already exists in database.
2025-11-26 22:08:10,253 - SinkIdentifier - INFO - Skipping libmmf.so: already exists in database.
2025-11-26 22:08:10,253 - SinkIdentifier - INFO - Skipping libwto.so: already exists in database.
2025-11-26 22:08:10,253 - SinkIdentifier - INFO - Skipping libsecdownload.so: already exists in database.
2025-11-26 22:08:10,254 - SinkIdentifier - INFO - Skipping libsafe_system.so: already exists in database.
2025-11-26 22:08:10,254 - SinkIdentifier - INFO - Skipping photocenter_mgr.cgi: already exists in database.
2025-11-26 22:08:10,256 - SinkIdentifier - INFO - [libxmldbc.so] Loaded successfully with 0 items.
2025-11-26 22:08:10,256 - SinkIdentifier - INFO - [libshare.so] Loaded successfully with 0 items.
2025-11-26 22:08:10,257 - SinkIdentifier - INFO - [libcgic.so] Loaded successfully with 0 items.
2025-11-26 22:08:10,257 - SinkIdentifier - INFO - [libmmf.so] Loaded successfully with 1 items.
2025-11-26 22:08:10,257 - SinkIdentifier - INFO - [libsecdownload.so] Loaded successfully with 0 items.
2025-11-26 22:08:10,257 - SinkIdentifier - INFO - [libwto.so] Loaded successfully with 2 items.
2025-11-26 22:08:10,258 - SinkIdentifier - INFO - [libsafe_system.so] Loaded successfully with 0 items.
2025-11-26 22:08:10,258 - SinkIdentifier - INFO - [photocenter_mgr.cgi] Loaded successfully with 0 items.
2025-11-26 22:08:27,979 - SinkIdentifier - INFO - libxmldbc.so: 0 items loaded.
2025-11-26 22:08:27,980 - SinkIdentifier - INFO - libshare.so: 0 items loaded.
2025-11-26 22:08:27,980 - SinkIdentifier - INFO - libcgic.so: 0 items loaded.
2025-11-26 22:08:27,980 - SinkIdentifier - INFO - libmmf.so: 1 items loaded.
2025-11-26 22:08:27,981 - SinkIdentifier - INFO - libsecdownload.so: 0 items loaded.
2025-11-26 22:08:27,981 - SinkIdentifier - INFO - libwto.so: 2 items loaded.
2025-11-26 22:08:27,981 - SinkIdentifier - INFO - libsafe_system.so: 0 items loaded.
2025-11-26 22:08:27,981 - SinkIdentifier - INFO - photocenter_mgr.cgi: 0 items loaded.
2025-11-26 22:12:26,471 - SinkIdentifier - INFO - Skipping libcgic.so: already exists in database.
2025-11-26 22:12:26,471 - SinkIdentifier - INFO - Skipping libshare.so: already exists in database.
2025-11-26 22:12:26,471 - SinkIdentifier - INFO - Skipping libxmldbc.so: already exists in database.
2025-11-26 22:12:26,471 - SinkIdentifier - INFO - Skipping libmmf.so: already exists in database.
2025-11-26 22:12:26,471 - SinkIdentifier - INFO - Skipping libwto.so: already exists in database.
2025-11-26 22:12:26,471 - SinkIdentifier - INFO - Skipping libsecdownload.so: already exists in database.
2025-11-26 22:12:26,472 - SinkIdentifier - INFO - Skipping libsafe_system.so: already exists in database.
2025-11-26 22:12:26,472 - SinkIdentifier - INFO - Skipping photocenter_mgr.cgi: already exists in database.
2025-11-26 22:12:26,474 - SinkIdentifier - INFO - [libxmldbc.so] Loaded successfully with 0 items.
2025-11-26 22:12:26,474 - SinkIdentifier - INFO - [libshare.so] Loaded successfully with 0 items.
2025-11-26 22:12:26,474 - SinkIdentifier - INFO - [libcgic.so] Loaded successfully with 0 items.
2025-11-26 22:12:26,475 - SinkIdentifier - INFO - [libmmf.so] Loaded successfully with 1 items.
2025-11-26 22:12:26,475 - SinkIdentifier - INFO - [libsecdownload.so] Loaded successfully with 0 items.
2025-11-26 22:12:26,475 - SinkIdentifier - INFO - [libwto.so] Loaded successfully with 2 items.
2025-11-26 22:12:26,475 - SinkIdentifier - INFO - [libsafe_system.so] Loaded successfully with 0 items.
2025-11-26 22:12:26,475 - SinkIdentifier - INFO - [photocenter_mgr.cgi] Loaded successfully with 0 items.
2025-11-26 22:22:55,226 - SinkIdentifier - INFO - Skipping libcgic.so: already exists in database.
2025-11-26 22:22:55,226 - SinkIdentifier - INFO - Skipping libshare.so: already exists in database.
2025-11-26 22:22:55,226 - SinkIdentifier - INFO - Skipping libxmldbc.so: already exists in database.
2025-11-26 22:22:55,227 - SinkIdentifier - INFO - Skipping libmmf.so: already exists in database.
2025-11-26 22:22:55,227 - SinkIdentifier - INFO - Skipping libwto.so: already exists in database.
2025-11-26 22:22:55,227 - SinkIdentifier - INFO - Skipping libsecdownload.so: already exists in database.
2025-11-26 22:22:55,227 - SinkIdentifier - INFO - Skipping libsafe_system.so: already exists in database.
2025-11-26 22:22:55,227 - SinkIdentifier - INFO - Skipping photocenter_mgr.cgi: already exists in database.
2025-11-26 22:22:55,230 - SinkIdentifier - INFO - [libxmldbc.so] Loaded successfully with 0 items.
2025-11-26 22:22:55,230 - SinkIdentifier - INFO - [libshare.so] Loaded successfully with 0 items.
2025-11-26 22:22:55,230 - SinkIdentifier - INFO - [libcgic.so] Loaded successfully with 0 items.
2025-11-26 22:22:55,231 - SinkIdentifier - INFO - [libmmf.so] Loaded successfully with 1 items.
2025-11-26 22:22:55,231 - SinkIdentifier - INFO - [libsecdownload.so] Loaded successfully with 0 items.
2025-11-26 22:22:55,231 - SinkIdentifier - INFO - [libwto.so] Loaded successfully with 2 items.
2025-11-26 22:22:55,231 - SinkIdentifier - INFO - [libsafe_system.so] Loaded successfully with 0 items.
2025-11-26 22:22:55,231 - SinkIdentifier - INFO - [photocenter_mgr.cgi] Loaded successfully with 0 items.
2025-11-26 22:23:08,130 - SinkIdentifier - INFO - libxmldbc.so: 0 items loaded.
2025-11-26 22:23:08,131 - SinkIdentifier - INFO - libshare.so: 0 items loaded.
2025-11-26 22:23:08,131 - SinkIdentifier - INFO - libcgic.so: 0 items loaded.
2025-11-26 22:23:08,131 - SinkIdentifier - INFO - libmmf.so: 1 items loaded.
2025-11-26 22:23:08,132 - SinkIdentifier - INFO - libsecdownload.so: 0 items loaded.
2025-11-26 22:23:08,132 - SinkIdentifier - INFO - libwto.so: 2 items loaded.
2025-11-26 22:23:08,132 - SinkIdentifier - INFO - libsafe_system.so: 0 items loaded.
2025-11-26 22:23:08,132 - SinkIdentifier - INFO - photocenter_mgr.cgi: 0 items loaded.
2025-11-26 22:24:25,013 - SinkIdentifier - INFO - Skipping libcgic.so: already exists in database.
2025-11-26 22:24:25,014 - SinkIdentifier - INFO - Skipping libshare.so: already exists in database.
2025-11-26 22:24:25,014 - SinkIdentifier - INFO - Skipping libxmldbc.so: already exists in database.
2025-11-26 22:24:25,014 - SinkIdentifier - INFO - Skipping libmmf.so: already exists in database.
2025-11-26 22:24:25,014 - SinkIdentifier - INFO - Skipping libwto.so: already exists in database.
2025-11-26 22:24:25,015 - SinkIdentifier - INFO - Skipping libsecdownload.so: already exists in database.
2025-11-26 22:24:25,015 - SinkIdentifier - INFO - Skipping libsafe_system.so: already exists in database.
2025-11-26 22:24:25,015 - SinkIdentifier - INFO - Skipping photocenter_mgr.cgi: already exists in database.
2025-11-26 22:24:25,018 - SinkIdentifier - INFO - [libxmldbc.so] Loaded successfully with 0 items.
2025-11-26 22:24:25,018 - SinkIdentifier - INFO - [libshare.so] Loaded successfully with 0 items.
2025-11-26 22:24:25,018 - SinkIdentifier - INFO - [libcgic.so] Loaded successfully with 0 items.
2025-11-26 22:24:25,018 - SinkIdentifier - INFO - [libmmf.so] Loaded successfully with 1 items.
2025-11-26 22:24:25,018 - SinkIdentifier - INFO - [libsecdownload.so] Loaded successfully with 0 items.
2025-11-26 22:24:25,019 - SinkIdentifier - INFO - [libwto.so] Loaded successfully with 2 items.
2025-11-26 22:24:25,019 - SinkIdentifier - INFO - [libsafe_system.so] Loaded successfully with 0 items.
2025-11-26 22:24:25,019 - SinkIdentifier - INFO - [photocenter_mgr.cgi] Loaded successfully with 0 items.
2025-11-26 22:25:49,527 - SinkIdentifier - INFO - libxmldbc.so: 0 items loaded.
2025-11-26 22:25:49,528 - SinkIdentifier - INFO - libshare.so: 0 items loaded.
2025-11-26 22:25:49,528 - SinkIdentifier - INFO - libcgic.so: 0 items loaded.
2025-11-26 22:25:49,528 - SinkIdentifier - INFO - libmmf.so: 1 items loaded.
2025-11-26 22:25:49,528 - SinkIdentifier - INFO - libsecdownload.so: 0 items loaded.
2025-11-26 22:25:49,528 - SinkIdentifier - INFO - libwto.so: 2 items loaded.
2025-11-26 22:25:49,528 - SinkIdentifier - INFO - libsafe_system.so: 0 items loaded.
2025-11-26 22:25:49,529 - SinkIdentifier - INFO - photocenter_mgr.cgi: 0 items loaded.
2025-11-26 23:07:39,899 - SinkIdentifier - INFO - Skipping libcgic.so: already exists in database.
2025-11-26 23:07:39,899 - SinkIdentifier - INFO - Skipping libshare.so: already exists in database.
2025-11-26 23:07:39,899 - SinkIdentifier - INFO - Skipping libxmldbc.so: already exists in database.
2025-11-26 23:07:39,900 - SinkIdentifier - INFO - Skipping libmmf.so: already exists in database.
2025-11-26 23:07:39,900 - SinkIdentifier - INFO - Skipping libwto.so: already exists in database.
2025-11-26 23:07:39,900 - SinkIdentifier - INFO - Skipping libsecdownload.so: already exists in database.
2025-11-26 23:07:39,900 - SinkIdentifier - INFO - Skipping libsafe_system.so: already exists in database.
2025-11-26 23:07:39,900 - SinkIdentifier - INFO - Skipping photocenter_mgr.cgi: already exists in database.
2025-11-26 23:07:39,903 - SinkIdentifier - INFO - [libxmldbc.so] Loaded successfully with 0 items.
2025-11-26 23:07:39,903 - SinkIdentifier - INFO - [libshare.so] Loaded successfully with 0 items.
2025-11-26 23:07:39,904 - SinkIdentifier - INFO - [libcgic.so] Loaded successfully with 0 items.
2025-11-26 23:07:39,904 - SinkIdentifier - INFO - [libmmf.so] Loaded successfully with 1 items.
2025-11-26 23:07:39,904 - SinkIdentifier - INFO - [libsecdownload.so] Loaded successfully with 0 items.
2025-11-26 23:07:39,904 - SinkIdentifier - INFO - [libwto.so] Loaded successfully with 2 items.
2025-11-26 23:07:39,904 - SinkIdentifier - INFO - [libsafe_system.so] Loaded successfully with 0 items.
2025-11-26 23:07:39,905 - SinkIdentifier - INFO - [photocenter_mgr.cgi] Loaded successfully with 0 items.
2025-11-26 23:07:53,114 - SinkIdentifier - INFO - libxmldbc.so: 0 items loaded.
2025-11-26 23:07:53,114 - SinkIdentifier - INFO - libshare.so: 0 items loaded.
2025-11-26 23:07:53,115 - SinkIdentifier - INFO - libcgic.so: 0 items loaded.
2025-11-26 23:07:53,115 - SinkIdentifier - INFO - libmmf.so: 1 items loaded.
2025-11-26 23:07:53,116 - SinkIdentifier - INFO - libsecdownload.so: 0 items loaded.
2025-11-26 23:07:53,116 - SinkIdentifier - INFO - libwto.so: 2 items loaded.
2025-11-26 23:07:53,116 - SinkIdentifier - INFO - libsafe_system.so: 0 items loaded.
2025-11-26 23:07:53,116 - SinkIdentifier - INFO - photocenter_mgr.cgi: 0 items loaded.
2025-11-26 23:17:47,865 - SinkIdentifier - INFO - [libxmldbc.so] Loaded successfully with 0 items.
2025-11-26 23:17:47,866 - SinkIdentifier - INFO - [libshare.so] Loaded successfully with 0 items.
2025-11-26 23:17:47,867 - SinkIdentifier - INFO - [libcgic.so] Loaded successfully with 0 items.
2025-11-26 23:17:47,867 - SinkIdentifier - INFO - [libmmf.so] Loaded successfully with 1 items.
2025-11-26 23:17:47,868 - SinkIdentifier - INFO - [libsecdownload.so] Loaded successfully with 0 items.
2025-11-26 23:17:47,868 - SinkIdentifier - INFO - [libwto.so] Loaded successfully with 2 items.
2025-11-26 23:17:47,868 - SinkIdentifier - INFO - [libsafe_system.so] Loaded successfully with 0 items.
2025-11-26 23:17:47,868 - SinkIdentifier - INFO - [photocenter_mgr.cgi] Loaded successfully with 0 items.
2025-11-26 23:18:32,478 - SinkIdentifier - INFO - libxmldbc.so: 0 items loaded.
2025-11-26 23:18:32,479 - SinkIdentifier - INFO - libshare.so: 0 items loaded.
2025-11-26 23:18:32,479 - SinkIdentifier - INFO - libcgic.so: 0 items loaded.
2025-11-26 23:18:32,480 - SinkIdentifier - INFO - libmmf.so: 1 items loaded.
2025-11-26 23:18:32,480 - SinkIdentifier - INFO - libsecdownload.so: 0 items loaded.
2025-11-26 23:18:32,480 - SinkIdentifier - INFO - libwto.so: 2 items loaded.
2025-11-26 23:18:32,480 - SinkIdentifier - INFO - libsafe_system.so: 0 items loaded.
2025-11-26 23:18:32,480 - SinkIdentifier - INFO - photocenter_mgr.cgi: 0 items loaded.
2025-11-26 23:48:38,334 - SinkIdentifier - INFO - [libxmldbc.so] Loaded successfully with 0 items.
2025-11-26 23:48:38,335 - SinkIdentifier - INFO - [libcgic.so] Loaded successfully with 0 items.
2025-11-26 23:48:38,335 - SinkIdentifier - INFO - [libmmf.so] Loaded successfully with 1 items.
2025-11-26 23:48:38,336 - SinkIdentifier - INFO - [libshare.so] Loaded successfully with 0 items.
2025-11-26 23:48:38,336 - SinkIdentifier - INFO - [libsecdownload.so] Loaded successfully with 0 items.
2025-11-26 23:48:38,336 - SinkIdentifier - INFO - [libwto.so] Loaded successfully with 2 items.
2025-11-26 23:48:38,336 - SinkIdentifier - INFO - [libsafe_system.so] Loaded successfully with 0 items.
2025-11-26 23:48:38,337 - SinkIdentifier - INFO - [photocenter_mgr.cgi] Loaded successfully with 0 items.
2025-11-26 23:49:18,805 - SinkIdentifier - INFO - libxmldbc.so: 0 items loaded.
2025-11-26 23:49:18,805 - SinkIdentifier - INFO - libcgic.so: 0 items loaded.
2025-11-26 23:49:18,806 - SinkIdentifier - INFO - libmmf.so: 1 items loaded.
2025-11-26 23:49:18,806 - SinkIdentifier - INFO - libshare.so: 0 items loaded.
2025-11-26 23:49:18,806 - SinkIdentifier - INFO - libsecdownload.so: 0 items loaded.
2025-11-26 23:49:18,806 - SinkIdentifier - INFO - libwto.so: 2 items loaded.
2025-11-26 23:49:18,806 - SinkIdentifier - INFO - libsafe_system.so: 0 items loaded.
2025-11-26 23:49:18,806 - SinkIdentifier - INFO - photocenter_mgr.cgi: 0 items loaded.
2025-11-27 04:10:18,075 - SinkIdentifier - INFO - [libxmldbc.so] Loaded successfully with 0 items.
2025-11-27 04:10:18,077 - SinkIdentifier - INFO - [libcgic.so] Loaded successfully with 0 items.
2025-11-27 04:10:18,077 - SinkIdentifier - INFO - [libshare.so] Loaded successfully with 0 items.
2025-11-27 04:10:18,077 - SinkIdentifier - INFO - [libmmf.so] Loaded successfully with 1 items.
2025-11-27 04:10:18,077 - SinkIdentifier - INFO - [libsafe_system.so] Loaded successfully with 0 items.
2025-11-27 04:10:18,077 - SinkIdentifier - INFO - [libsecdownload.so] Loaded successfully with 0 items.
2025-11-27 04:10:18,078 - SinkIdentifier - INFO - [libwto.so] Loaded successfully with 2 items.
2025-11-27 04:10:18,078 - SinkIdentifier - INFO - [photocenter_mgr.cgi] Loaded successfully with 0 items.
2025-11-27 04:11:02,240 - SinkIdentifier - INFO - libxmldbc.so: 0 items loaded.
2025-11-27 04:11:02,240 - SinkIdentifier - INFO - libcgic.so: 0 items loaded.
2025-11-27 04:11:02,240 - SinkIdentifier - INFO - libshare.so: 0 items loaded.
2025-11-27 04:11:02,241 - SinkIdentifier - INFO - libmmf.so: 1 items loaded.
2025-11-27 04:11:02,241 - SinkIdentifier - INFO - libsafe_system.so: 0 items loaded.
2025-11-27 04:11:02,241 - SinkIdentifier - INFO - libsecdownload.so: 0 items loaded.
2025-11-27 04:11:02,241 - SinkIdentifier - INFO - libwto.so: 2 items loaded.
2025-11-27 04:11:02,241 - SinkIdentifier - INFO - photocenter_mgr.cgi: 0 items loaded.
2025-11-27 04:43:05,151 - SinkIdentifier - INFO - [libcgic.so] Loaded successfully with 0 items.
2025-11-27 04:43:05,154 - SinkIdentifier - INFO - [libxmldbc.so] Loaded successfully with 0 items.
2025-11-27 04:43:05,155 - SinkIdentifier - INFO - [libshare.so] Loaded successfully with 0 items.
2025-11-27 04:43:05,155 - SinkIdentifier - INFO - [libmmf.so] Loaded successfully with 1 items.
2025-11-27 04:43:05,155 - SinkIdentifier - INFO - [libsafe_system.so] Loaded successfully with 0 items.
2025-11-27 04:43:05,155 - SinkIdentifier - INFO - [libwto.so] Loaded successfully with 2 items.
2025-11-27 04:43:05,155 - SinkIdentifier - INFO - [libsecdownload.so] Loaded successfully with 0 items.
2025-11-27 04:43:05,155 - SinkIdentifier - INFO - [photocenter_mgr.cgi] Loaded successfully with 0 items.
2025-11-27 04:43:41,438 - SinkIdentifier - INFO - libcgic.so: 0 items loaded.
2025-11-27 04:43:41,438 - SinkIdentifier - INFO - libxmldbc.so: 0 items loaded.
2025-11-27 04:43:41,438 - SinkIdentifier - INFO - libshare.so: 0 items loaded.
2025-11-27 04:43:41,440 - SinkIdentifier - INFO - libmmf.so: 1 items loaded.
2025-11-27 04:43:41,441 - SinkIdentifier - INFO - libsafe_system.so: 0 items loaded.
2025-11-27 04:43:41,441 - SinkIdentifier - INFO - libwto.so: 2 items loaded.
2025-11-27 04:43:41,441 - SinkIdentifier - INFO - libsecdownload.so: 0 items loaded.
2025-11-27 04:43:41,441 - SinkIdentifier - INFO - photocenter_mgr.cgi: 0 items loaded.
2025-11-30 18:11:01,487 - SinkIdentifier - INFO - Skipping libcgic.so: already exists in database.
2025-11-30 18:11:01,488 - SinkIdentifier - INFO - Skipping libshare.so: already exists in database.
2025-11-30 18:11:01,488 - SinkIdentifier - INFO - Skipping libxmldbc.so: already exists in database.
2025-11-30 18:11:01,488 - SinkIdentifier - INFO - Skipping libmmf.so: already exists in database.
2025-11-30 18:11:01,488 - SinkIdentifier - INFO - Skipping libwto.so: already exists in database.
2025-11-30 18:11:01,488 - SinkIdentifier - INFO - Skipping libsecdownload.so: already exists in database.
2025-11-30 18:11:01,489 - SinkIdentifier - INFO - Skipping libsafe_system.so: already exists in database.
2025-11-30 18:11:01,489 - SinkIdentifier - INFO - Skipping photocenter_mgr.cgi: already exists in database.
2025-11-30 18:11:01,491 - SinkIdentifier - INFO - [libcgic.so] Loaded successfully with 0 items.
2025-11-30 18:11:01,492 - SinkIdentifier - INFO - [libxmldbc.so] Loaded successfully with 0 items.
2025-11-30 18:11:01,492 - SinkIdentifier - INFO - [libshare.so] Loaded successfully with 0 items.
2025-11-30 18:11:01,492 - SinkIdentifier - INFO - [libmmf.so] Loaded successfully with 1 items.
2025-11-30 18:11:01,492 - SinkIdentifier - INFO - [libsafe_system.so] Loaded successfully with 0 items.
2025-11-30 18:11:01,493 - SinkIdentifier - INFO - [libwto.so] Loaded successfully with 2 items.
2025-11-30 18:11:01,493 - SinkIdentifier - INFO - [libsecdownload.so] Loaded successfully with 0 items.
2025-11-30 18:11:01,493 - SinkIdentifier - INFO - [photocenter_mgr.cgi] Loaded successfully with 0 items.
2025-11-30 18:11:12,223 - SinkIdentifier - INFO - libcgic.so: 0 items loaded.
2025-11-30 18:11:12,223 - SinkIdentifier - INFO - libxmldbc.so: 0 items loaded.
2025-11-30 18:11:12,223 - SinkIdentifier - INFO - libshare.so: 0 items loaded.
2025-11-30 18:11:12,223 - SinkIdentifier - INFO - libmmf.so: 1 items loaded.
2025-11-30 18:11:12,224 - SinkIdentifier - INFO - libsafe_system.so: 0 items loaded.
2025-11-30 18:11:12,224 - SinkIdentifier - INFO - libwto.so: 2 items loaded.
2025-11-30 18:11:12,224 - SinkIdentifier - INFO - libsecdownload.so: 0 items loaded.
2025-11-30 18:11:12,224 - SinkIdentifier - INFO - photocenter_mgr.cgi: 0 items loaded.
2025-11-30 18:36:22,904 - SinkIdentifier - INFO - Skipping libcgic.so: already exists in database.
2025-11-30 18:36:22,905 - SinkIdentifier - INFO - Skipping libshare.so: already exists in database.
2025-11-30 18:36:22,905 - SinkIdentifier - INFO - Skipping libxmldbc.so: already exists in database.
2025-11-30 18:36:22,906 - SinkIdentifier - INFO - Skipping libmmf.so: already exists in database.
2025-11-30 18:36:22,906 - SinkIdentifier - INFO - Skipping libwto.so: already exists in database.
2025-11-30 18:36:22,907 - SinkIdentifier - INFO - Skipping libsecdownload.so: already exists in database.
2025-11-30 18:36:22,907 - SinkIdentifier - INFO - Skipping libsafe_system.so: already exists in database.
2025-11-30 18:36:22,908 - SinkIdentifier - INFO - Skipping photocenter_mgr.cgi: already exists in database.
2025-11-30 18:36:22,910 - SinkIdentifier - INFO - [libcgic.so] Loaded successfully with 0 items.
2025-11-30 18:36:22,911 - SinkIdentifier - INFO - [libxmldbc.so] Loaded successfully with 0 items.
2025-11-30 18:36:22,911 - SinkIdentifier - INFO - [libshare.so] Loaded successfully with 0 items.
2025-11-30 18:36:22,911 - SinkIdentifier - INFO - [libmmf.so] Loaded successfully with 1 items.
2025-11-30 18:36:22,912 - SinkIdentifier - INFO - [libsafe_system.so] Loaded successfully with 0 items.
2025-11-30 18:36:22,912 - SinkIdentifier - INFO - [libwto.so] Loaded successfully with 2 items.
2025-11-30 18:36:22,912 - SinkIdentifier - INFO - [libsecdownload.so] Loaded successfully with 0 items.
2025-11-30 18:36:22,913 - SinkIdentifier - INFO - [photocenter_mgr.cgi] Loaded successfully with 0 items.
2025-11-30 18:36:34,178 - SinkIdentifier - INFO - libcgic.so: 0 items loaded.
2025-11-30 18:36:34,178 - SinkIdentifier - INFO - libxmldbc.so: 0 items loaded.
2025-11-30 18:36:34,179 - SinkIdentifier - INFO - libshare.so: 0 items loaded.
2025-11-30 18:36:34,179 - SinkIdentifier - INFO - libmmf.so: 1 items loaded.
2025-11-30 18:36:34,179 - SinkIdentifier - INFO - libsafe_system.so: 0 items loaded.
2025-11-30 18:36:34,179 - SinkIdentifier - INFO - libwto.so: 2 items loaded.
2025-11-30 18:36:34,180 - SinkIdentifier - INFO - libsecdownload.so: 0 items loaded.
2025-11-30 18:36:34,180 - SinkIdentifier - INFO - photocenter_mgr.cgi: 0 items loaded.
2025-11-30 18:43:51,710 - SinkIdentifier - INFO - Skipping libcgic.so: already exists in database.
2025-11-30 18:43:51,711 - SinkIdentifier - INFO - Skipping libshare.so: already exists in database.
2025-11-30 18:43:51,711 - SinkIdentifier - INFO - Skipping libxmldbc.so: already exists in database.
2025-11-30 18:43:51,711 - SinkIdentifier - INFO - Skipping libmmf.so: already exists in database.
2025-11-30 18:43:51,711 - SinkIdentifier - INFO - Skipping libwto.so: already exists in database.
2025-11-30 18:43:51,711 - SinkIdentifier - INFO - Skipping libsecdownload.so: already exists in database.
2025-11-30 18:43:51,711 - SinkIdentifier - INFO - Skipping libsafe_system.so: already exists in database.
2025-11-30 18:43:51,712 - SinkIdentifier - INFO - Skipping photocenter_mgr.cgi: already exists in database.
2025-11-30 18:43:51,714 - SinkIdentifier - INFO - [libcgic.so] Loaded successfully with 0 items.
2025-11-30 18:43:51,714 - SinkIdentifier - INFO - [libxmldbc.so] Loaded successfully with 0 items.
2025-11-30 18:43:51,714 - SinkIdentifier - INFO - [libshare.so] Loaded successfully with 0 items.
2025-11-30 18:43:51,715 - SinkIdentifier - INFO - [libmmf.so] Loaded successfully with 1 items.
2025-11-30 18:43:51,715 - SinkIdentifier - INFO - [libsafe_system.so] Loaded successfully with 0 items.
2025-11-30 18:43:51,716 - SinkIdentifier - INFO - [libwto.so] Loaded successfully with 2 items.
2025-11-30 18:43:51,716 - SinkIdentifier - INFO - [libsecdownload.so] Loaded successfully with 0 items.
2025-11-30 18:43:51,716 - SinkIdentifier - INFO - [photocenter_mgr.cgi] Loaded successfully with 0 items.
2025-11-30 18:44:03,045 - SinkIdentifier - INFO - libcgic.so: 0 items loaded.
2025-11-30 18:44:03,046 - SinkIdentifier - INFO - libxmldbc.so: 0 items loaded.
2025-11-30 18:44:03,046 - SinkIdentifier - INFO - libshare.so: 0 items loaded.
2025-11-30 18:44:03,046 - SinkIdentifier - INFO - libmmf.so: 1 items loaded.
2025-11-30 18:44:03,046 - SinkIdentifier - INFO - libsafe_system.so: 0 items loaded.
2025-11-30 18:44:03,046 - SinkIdentifier - INFO - libwto.so: 2 items loaded.
2025-11-30 18:44:03,047 - SinkIdentifier - INFO - libsecdownload.so: 0 items loaded.
2025-11-30 18:44:03,047 - SinkIdentifier - INFO - photocenter_mgr.cgi: 0 items loaded.
2025-12-01 01:07:51,860 - SinkIdentifier - INFO - Skipping libucapi.so: already exists in database.
2025-12-01 01:07:51,862 - SinkIdentifier - INFO - Skipping libcms_msg.so: already exists in database.
2025-12-01 01:07:51,862 - SinkIdentifier - INFO - Skipping libkm.so: already exists in database.
2025-12-01 01:07:51,862 - SinkIdentifier - INFO - Skipping libcms_util.so: already exists in database.
2025-12-01 01:07:51,863 - SinkIdentifier - INFO - Skipping libbcm_flashutil.so: already exists in database.
2025-12-01 01:07:51,863 - SinkIdentifier - INFO - Skipping libcms_core.so: already exists in database.
2025-12-01 01:07:51,863 - SinkIdentifier - INFO - Skipping libdl.so.2: already exists in database.
2025-12-01 01:07:51,863 - SinkIdentifier - INFO - Skipping libnetctrl.so: already exists in database.
2025-12-01 01:07:51,864 - SinkIdentifier - INFO - Skipping libcfmd.so: already exists in database.
2025-12-01 01:07:51,864 - SinkIdentifier - INFO - Skipping libubus.so: already exists in database.
2025-12-01 01:07:51,864 - SinkIdentifier - INFO - Skipping libblobmsg_json.so: already exists in database.
2025-12-01 01:07:51,864 - SinkIdentifier - INFO - Skipping libubox.so: already exists in database.
2025-12-01 01:07:51,864 - SinkIdentifier - INFO - Skipping libpthread.so.0: already exists in database.
2025-12-01 01:09:27,808 - SinkIdentifier - INFO - [libcms_msg.so] Loaded successfully with 0 items.
2025-12-01 01:09:27,808 - SinkIdentifier - INFO - [libkm.so] Loaded successfully with 0 items.
2025-12-01 01:09:27,809 - SinkIdentifier - INFO - [libcms_util.so] Loaded successfully with 0 items.
2025-12-01 01:09:27,809 - SinkIdentifier - INFO - [libucapi.so] Loaded successfully with 0 items.
2025-12-01 01:09:27,809 - SinkIdentifier - INFO - [libdl.so.2] Loaded successfully with 0 items.
2025-12-01 01:09:27,809 - SinkIdentifier - INFO - [libbcm_flashutil.so] Loaded successfully with 1 items.
2025-12-01 01:09:27,809 - SinkIdentifier - INFO - [libnetctrl.so] Loaded successfully with 9 items.
2025-12-01 01:09:27,810 - SinkIdentifier - INFO - [libcfmd.so] Loaded successfully with 0 items.
2025-12-01 01:09:27,810 - SinkIdentifier - INFO - [libubus.so] Loaded successfully with 0 items.
2025-12-01 01:09:27,810 - SinkIdentifier - INFO - [libblobmsg_json.so] Loaded successfully with 0 items.
2025-12-01 01:09:27,810 - SinkIdentifier - INFO - [libcms_core.so] Loaded successfully with 11 items.
2025-12-01 01:09:27,811 - SinkIdentifier - INFO - [libubox.so] Loaded successfully with 0 items.
2025-12-01 01:09:27,811 - SinkIdentifier - INFO - [libpthread.so.0] Loaded successfully with 0 items.
2025-12-01 01:09:27,811 - SinkIdentifier - INFO - [tdhttpd] Loaded successfully with 0 items.
2025-12-01 01:10:49,670 - SinkIdentifier - INFO - libcms_msg.so: 0 items loaded.
2025-12-01 01:10:49,670 - SinkIdentifier - INFO - libkm.so: 0 items loaded.
2025-12-01 01:10:49,670 - SinkIdentifier - INFO - libcms_util.so: 0 items loaded.
2025-12-01 01:10:49,670 - SinkIdentifier - INFO - libucapi.so: 0 items loaded.
2025-12-01 01:10:49,671 - SinkIdentifier - INFO - libdl.so.2: 0 items loaded.
2025-12-01 01:10:49,671 - SinkIdentifier - INFO - libbcm_flashutil.so: 1 items loaded.
2025-12-01 01:10:49,671 - SinkIdentifier - INFO - libnetctrl.so: 9 items loaded.
2025-12-01 01:10:49,671 - SinkIdentifier - INFO - libcfmd.so: 0 items loaded.
2025-12-01 01:10:49,671 - SinkIdentifier - INFO - libubus.so: 0 items loaded.
2025-12-01 01:10:49,671 - SinkIdentifier - INFO - libblobmsg_json.so: 0 items loaded.
2025-12-01 01:10:49,672 - SinkIdentifier - INFO - libcms_core.so: 11 items loaded.
2025-12-01 01:10:49,672 - SinkIdentifier - INFO - libubox.so: 0 items loaded.
2025-12-01 01:10:49,672 - SinkIdentifier - INFO - libpthread.so.0: 0 items loaded.
2025-12-01 01:10:49,672 - SinkIdentifier - INFO - tdhttpd: 0 items loaded.
2025-12-01 01:18:35,740 - SinkIdentifier - INFO - Skipping libucapi.so: already exists in database.
2025-12-01 01:18:35,740 - SinkIdentifier - INFO - Skipping libcms_msg.so: already exists in database.
2025-12-01 01:18:35,740 - SinkIdentifier - INFO - Skipping libkm.so: already exists in database.
2025-12-01 01:18:35,741 - SinkIdentifier - INFO - Skipping libcms_util.so: already exists in database.
2025-12-01 01:18:35,741 - SinkIdentifier - INFO - Skipping libbcm_flashutil.so: already exists in database.
2025-12-01 01:18:35,741 - SinkIdentifier - INFO - Skipping libcms_core.so: already exists in database.
2025-12-01 01:18:35,741 - SinkIdentifier - INFO - Skipping libdl.so.2: already exists in database.
2025-12-01 01:18:35,741 - SinkIdentifier - INFO - Skipping libnetctrl.so: already exists in database.
2025-12-01 01:18:35,741 - SinkIdentifier - INFO - Skipping libcfmd.so: already exists in database.
2025-12-01 01:18:35,741 - SinkIdentifier - INFO - Skipping libubus.so: already exists in database.
2025-12-01 01:18:35,742 - SinkIdentifier - INFO - Skipping libblobmsg_json.so: already exists in database.
2025-12-01 01:18:35,742 - SinkIdentifier - INFO - Skipping libubox.so: already exists in database.
2025-12-01 01:18:35,742 - SinkIdentifier - INFO - Skipping libpthread.so.0: already exists in database.
2025-12-01 01:18:35,742 - SinkIdentifier - INFO - Skipping tdhttpd: already exists in database.
2025-12-01 01:18:35,745 - SinkIdentifier - INFO - [libcms_msg.so] Loaded successfully with 0 items.
2025-12-01 01:18:35,745 - SinkIdentifier - INFO - [libkm.so] Loaded successfully with 0 items.
2025-12-01 01:18:35,745 - SinkIdentifier - INFO - [libcms_util.so] Loaded successfully with 0 items.
2025-12-01 01:18:35,745 - SinkIdentifier - INFO - [libucapi.so] Loaded successfully with 0 items.
2025-12-01 01:18:35,745 - SinkIdentifier - INFO - [libdl.so.2] Loaded successfully with 0 items.
2025-12-01 01:18:35,746 - SinkIdentifier - INFO - [libbcm_flashutil.so] Loaded successfully with 1 items.
2025-12-01 01:18:35,746 - SinkIdentifier - INFO - [libnetctrl.so] Loaded successfully with 9 items.
2025-12-01 01:18:35,746 - SinkIdentifier - INFO - [libcfmd.so] Loaded successfully with 0 items.
2025-12-01 01:18:35,746 - SinkIdentifier - INFO - [libubus.so] Loaded successfully with 0 items.
2025-12-01 01:18:35,746 - SinkIdentifier - INFO - [libblobmsg_json.so] Loaded successfully with 0 items.
2025-12-01 01:18:35,747 - SinkIdentifier - INFO - [libcms_core.so] Loaded successfully with 11 items.
2025-12-01 01:18:35,747 - SinkIdentifier - INFO - [libubox.so] Loaded successfully with 0 items.
2025-12-01 01:18:35,747 - SinkIdentifier - INFO - [libpthread.so.0] Loaded successfully with 0 items.
2025-12-01 01:18:35,747 - SinkIdentifier - INFO - [tdhttpd] Loaded successfully with 0 items.
2025-12-01 01:29:39,684 - SinkIdentifier - INFO - Skipping libucapi.so: already exists in database.
2025-12-01 01:29:39,684 - SinkIdentifier - INFO - Skipping libcms_msg.so: already exists in database.
2025-12-01 01:29:39,684 - SinkIdentifier - INFO - Skipping libkm.so: already exists in database.
2025-12-01 01:29:39,684 - SinkIdentifier - INFO - Skipping libcms_util.so: already exists in database.
2025-12-01 01:29:39,685 - SinkIdentifier - INFO - Skipping libbcm_flashutil.so: already exists in database.
2025-12-01 01:29:39,685 - SinkIdentifier - INFO - Skipping libcms_core.so: already exists in database.
2025-12-01 01:29:39,685 - SinkIdentifier - INFO - Skipping libdl.so.2: already exists in database.
2025-12-01 01:29:39,685 - SinkIdentifier - INFO - Skipping libnetctrl.so: already exists in database.
2025-12-01 01:29:39,685 - SinkIdentifier - INFO - Skipping libcfmd.so: already exists in database.
2025-12-01 01:29:39,685 - SinkIdentifier - INFO - Skipping libubus.so: already exists in database.
2025-12-01 01:29:39,686 - SinkIdentifier - INFO - Skipping libblobmsg_json.so: already exists in database.
2025-12-01 01:29:39,686 - SinkIdentifier - INFO - Skipping libubox.so: already exists in database.
2025-12-01 01:29:39,686 - SinkIdentifier - INFO - Skipping libpthread.so.0: already exists in database.
2025-12-01 01:29:39,686 - SinkIdentifier - INFO - Skipping tdhttpd: already exists in database.
2025-12-01 01:29:39,689 - SinkIdentifier - INFO - [libcms_msg.so] Loaded successfully with 0 items.
2025-12-01 01:29:39,689 - SinkIdentifier - INFO - [libkm.so] Loaded successfully with 0 items.
2025-12-01 01:29:39,689 - SinkIdentifier - INFO - [libcms_util.so] Loaded successfully with 0 items.
2025-12-01 01:29:39,689 - SinkIdentifier - INFO - [libucapi.so] Loaded successfully with 0 items.
2025-12-01 01:29:39,690 - SinkIdentifier - INFO - [libdl.so.2] Loaded successfully with 0 items.
2025-12-01 01:29:39,690 - SinkIdentifier - INFO - [libbcm_flashutil.so] Loaded successfully with 1 items.
2025-12-01 01:29:39,690 - SinkIdentifier - INFO - [libnetctrl.so] Loaded successfully with 9 items.
2025-12-01 01:29:39,690 - SinkIdentifier - INFO - [libcfmd.so] Loaded successfully with 0 items.
2025-12-01 01:29:39,691 - SinkIdentifier - INFO - [libubus.so] Loaded successfully with 0 items.
2025-12-01 01:29:39,691 - SinkIdentifier - INFO - [libblobmsg_json.so] Loaded successfully with 0 items.
2025-12-01 01:29:39,691 - SinkIdentifier - INFO - [libcms_core.so] Loaded successfully with 11 items.
2025-12-01 01:29:39,691 - SinkIdentifier - INFO - [libubox.so] Loaded successfully with 0 items.
2025-12-01 01:29:39,691 - SinkIdentifier - INFO - [libpthread.so.0] Loaded successfully with 0 items.
2025-12-01 01:29:39,691 - SinkIdentifier - INFO - [tdhttpd] Loaded successfully with 0 items.
2025-12-01 01:34:44,642 - SinkIdentifier - INFO - Skipping libucapi.so: already exists in database.
2025-12-01 01:34:44,642 - SinkIdentifier - INFO - Skipping libcms_msg.so: already exists in database.
2025-12-01 01:34:44,642 - SinkIdentifier - INFO - Skipping libkm.so: already exists in database.
2025-12-01 01:34:44,642 - SinkIdentifier - INFO - Skipping libcms_util.so: already exists in database.
2025-12-01 01:34:44,642 - SinkIdentifier - INFO - Skipping libbcm_flashutil.so: already exists in database.
2025-12-01 01:34:44,643 - SinkIdentifier - INFO - Skipping libcms_core.so: already exists in database.
2025-12-01 01:34:44,643 - SinkIdentifier - INFO - Skipping libdl.so.2: already exists in database.
2025-12-01 01:34:44,643 - SinkIdentifier - INFO - Skipping libnetctrl.so: already exists in database.
2025-12-01 01:34:44,643 - SinkIdentifier - INFO - Skipping libcfmd.so: already exists in database.
2025-12-01 01:34:44,643 - SinkIdentifier - INFO - Skipping libubus.so: already exists in database.
2025-12-01 01:34:44,644 - SinkIdentifier - INFO - Skipping libblobmsg_json.so: already exists in database.
2025-12-01 01:34:44,644 - SinkIdentifier - INFO - Skipping libubox.so: already exists in database.
2025-12-01 01:34:44,644 - SinkIdentifier - INFO - Skipping libpthread.so.0: already exists in database.
2025-12-01 01:34:44,644 - SinkIdentifier - INFO - Skipping tdhttpd: already exists in database.
2025-12-01 01:34:44,647 - SinkIdentifier - INFO - [libcms_msg.so] Loaded successfully with 0 items.
2025-12-01 01:34:44,647 - SinkIdentifier - INFO - [libkm.so] Loaded successfully with 0 items.
2025-12-01 01:34:44,647 - SinkIdentifier - INFO - [libcms_util.so] Loaded successfully with 0 items.
2025-12-01 01:34:44,647 - SinkIdentifier - INFO - [libucapi.so] Loaded successfully with 0 items.
2025-12-01 01:34:44,648 - SinkIdentifier - INFO - [libdl.so.2] Loaded successfully with 0 items.
2025-12-01 01:34:44,648 - SinkIdentifier - INFO - [libbcm_flashutil.so] Loaded successfully with 1 items.
2025-12-01 01:34:44,648 - SinkIdentifier - INFO - [libnetctrl.so] Loaded successfully with 9 items.
2025-12-01 01:34:44,648 - SinkIdentifier - INFO - [libcfmd.so] Loaded successfully with 0 items.
2025-12-01 01:34:44,648 - SinkIdentifier - INFO - [libubus.so] Loaded successfully with 0 items.
2025-12-01 01:34:44,649 - SinkIdentifier - INFO - [libblobmsg_json.so] Loaded successfully with 0 items.
2025-12-01 01:34:44,649 - SinkIdentifier - INFO - [libcms_core.so] Loaded successfully with 11 items.
2025-12-01 01:34:44,649 - SinkIdentifier - INFO - [libubox.so] Loaded successfully with 0 items.
2025-12-01 01:34:44,649 - SinkIdentifier - INFO - [libpthread.so.0] Loaded successfully with 0 items.
2025-12-01 01:34:44,649 - SinkIdentifier - INFO - [tdhttpd] Loaded successfully with 0 items.
2025-12-01 01:35:11,042 - SinkIdentifier - INFO - libcms_msg.so: 0 items loaded.
2025-12-01 01:35:11,042 - SinkIdentifier - INFO - libkm.so: 0 items loaded.
2025-12-01 01:35:11,043 - SinkIdentifier - INFO - libcms_util.so: 0 items loaded.
2025-12-01 01:35:11,043 - SinkIdentifier - INFO - libucapi.so: 0 items loaded.
2025-12-01 01:35:11,043 - SinkIdentifier - INFO - libdl.so.2: 0 items loaded.
2025-12-01 01:35:11,043 - SinkIdentifier - INFO - libbcm_flashutil.so: 1 items loaded.
2025-12-01 01:35:11,043 - SinkIdentifier - INFO - libnetctrl.so: 9 items loaded.
2025-12-01 01:35:11,044 - SinkIdentifier - INFO - libcfmd.so: 0 items loaded.
2025-12-01 01:35:11,044 - SinkIdentifier - INFO - libubus.so: 0 items loaded.
2025-12-01 01:35:11,045 - SinkIdentifier - INFO - libblobmsg_json.so: 0 items loaded.
2025-12-01 01:35:11,045 - SinkIdentifier - INFO - libcms_core.so: 11 items loaded.
2025-12-01 01:35:11,045 - SinkIdentifier - INFO - libubox.so: 0 items loaded.
2025-12-01 01:35:11,045 - SinkIdentifier - INFO - libpthread.so.0: 0 items loaded.
2025-12-01 01:35:11,046 - SinkIdentifier - INFO - tdhttpd: 0 items loaded.
2025-12-02 06:44:06,190 - SinkIdentifier - INFO - Skipping libCfm.so: already exists in database.
2025-12-02 06:44:06,190 - SinkIdentifier - INFO - Skipping libcommon.so: already exists in database.
2025-12-02 06:44:06,191 - SinkIdentifier - INFO - Skipping libChipApi.so: already exists in database.
2025-12-02 06:44:06,191 - SinkIdentifier - INFO - Skipping libvos_util.so: already exists in database.
2025-12-02 06:44:06,191 - SinkIdentifier - INFO - Skipping libpthread.so.0: already exists in database.
2025-12-02 06:44:06,191 - SinkIdentifier - INFO - Skipping libtpi.so: already exists in database.
2025-12-02 06:44:06,192 - SinkIdentifier - INFO - Skipping libm.so.0: already exists in database.
2025-12-02 06:44:06,192 - SinkIdentifier - INFO - Skipping libucapi.so: already exists in database.
2025-12-02 06:44:06,192 - SinkIdentifier - INFO - Skipping libgcc_s.so.1: already exists in database.
2025-12-02 06:44:59,246 - SinkIdentifier - INFO - [libvos_util.so] Loaded successfully with 0 items.
2025-12-02 06:44:59,247 - SinkIdentifier - INFO - [libChipApi.so] Loaded successfully with 1 items.
2025-12-02 06:44:59,247 - SinkIdentifier - INFO - [libCfm.so] Loaded successfully with 0 items.
2025-12-02 06:44:59,247 - SinkIdentifier - INFO - [libcommon.so] Loaded successfully with 8 items.
2025-12-02 06:44:59,247 - SinkIdentifier - INFO - [libpthread.so.0] Loaded successfully with 0 items.
2025-12-02 06:44:59,247 - SinkIdentifier - INFO - [libm.so.0] Loaded successfully with 0 items.
2025-12-02 06:44:59,247 - SinkIdentifier - INFO - [libucapi.so] Loaded successfully with 0 items.
2025-12-02 06:44:59,247 - SinkIdentifier - INFO - [libtpi.so] Loaded successfully with 0 items.
2025-12-02 06:44:59,249 - SinkIdentifier - INFO - [libgcc_s.so.1] Loaded successfully with 0 items.
2025-12-02 06:44:59,249 - SinkIdentifier - INFO - [httpd] Loaded successfully with 0 items.
2025-12-02 06:48:20,798 - SinkIdentifier - INFO - Skipping libCfm.so: already exists in database.
2025-12-02 06:48:20,798 - SinkIdentifier - INFO - Skipping libcommon.so: already exists in database.
2025-12-02 06:48:20,798 - SinkIdentifier - INFO - Skipping libChipApi.so: already exists in database.
2025-12-02 06:48:20,799 - SinkIdentifier - INFO - Skipping libvos_util.so: already exists in database.
2025-12-02 06:48:20,799 - SinkIdentifier - INFO - Skipping libpthread.so.0: already exists in database.
2025-12-02 06:48:20,799 - SinkIdentifier - INFO - Skipping libtpi.so: already exists in database.
2025-12-02 06:48:20,799 - SinkIdentifier - INFO - Skipping libm.so.0: already exists in database.
2025-12-02 06:48:20,799 - SinkIdentifier - INFO - Skipping libucapi.so: already exists in database.
2025-12-02 06:48:20,800 - SinkIdentifier - INFO - Skipping libgcc_s.so.1: already exists in database.
2025-12-02 06:48:20,800 - SinkIdentifier - INFO - Skipping httpd: already exists in database.
2025-12-02 06:48:20,803 - SinkIdentifier - INFO - [libvos_util.so] Loaded successfully with 0 items.
2025-12-02 06:48:20,803 - SinkIdentifier - INFO - [libChipApi.so] Loaded successfully with 1 items.
2025-12-02 06:48:20,804 - SinkIdentifier - INFO - [libCfm.so] Loaded successfully with 0 items.
2025-12-02 06:48:20,804 - SinkIdentifier - INFO - [libcommon.so] Loaded successfully with 8 items.
2025-12-02 06:48:20,804 - SinkIdentifier - INFO - [libpthread.so.0] Loaded successfully with 0 items.
2025-12-02 06:48:20,804 - SinkIdentifier - INFO - [libm.so.0] Loaded successfully with 0 items.
2025-12-02 06:48:20,805 - SinkIdentifier - INFO - [libucapi.so] Loaded successfully with 0 items.
2025-12-02 06:48:20,805 - SinkIdentifier - INFO - [libtpi.so] Loaded successfully with 0 items.
2025-12-02 06:48:20,805 - SinkIdentifier - INFO - [libgcc_s.so.1] Loaded successfully with 0 items.
2025-12-02 06:48:20,805 - SinkIdentifier - INFO - [httpd] Loaded successfully with 0 items.
2025-12-02 06:55:43,663 - SinkIdentifier - INFO - Skipping libCfm.so: already exists in database.
2025-12-02 06:55:43,663 - SinkIdentifier - INFO - Skipping libcommon.so: already exists in database.
2025-12-02 06:55:43,663 - SinkIdentifier - INFO - Skipping libChipApi.so: already exists in database.
2025-12-02 06:55:43,663 - SinkIdentifier - INFO - Skipping libvos_util.so: already exists in database.
2025-12-02 06:55:43,664 - SinkIdentifier - INFO - Skipping libpthread.so.0: already exists in database.
2025-12-02 06:55:43,664 - SinkIdentifier - INFO - Skipping libtpi.so: already exists in database.
2025-12-02 06:55:43,664 - SinkIdentifier - INFO - Skipping libm.so.0: already exists in database.
2025-12-02 06:55:43,664 - SinkIdentifier - INFO - Skipping libucapi.so: already exists in database.
2025-12-02 06:55:43,664 - SinkIdentifier - INFO - Skipping libgcc_s.so.1: already exists in database.
2025-12-02 06:55:43,665 - SinkIdentifier - INFO - Skipping httpd: already exists in database.
2025-12-02 06:55:43,667 - SinkIdentifier - INFO - [libvos_util.so] Loaded successfully with 0 items.
2025-12-02 06:55:43,668 - SinkIdentifier - INFO - [libChipApi.so] Loaded successfully with 1 items.
2025-12-02 06:55:43,668 - SinkIdentifier - INFO - [libCfm.so] Loaded successfully with 0 items.
2025-12-02 06:55:43,668 - SinkIdentifier - INFO - [libcommon.so] Loaded successfully with 8 items.
2025-12-02 06:55:43,668 - SinkIdentifier - INFO - [libpthread.so.0] Loaded successfully with 0 items.
2025-12-02 06:55:43,669 - SinkIdentifier - INFO - [libm.so.0] Loaded successfully with 0 items.
2025-12-02 06:55:43,669 - SinkIdentifier - INFO - [libucapi.so] Loaded successfully with 0 items.
2025-12-02 06:55:43,669 - SinkIdentifier - INFO - [libtpi.so] Loaded successfully with 0 items.
2025-12-02 06:55:43,669 - SinkIdentifier - INFO - [libgcc_s.so.1] Loaded successfully with 0 items.
2025-12-02 06:55:43,669 - SinkIdentifier - INFO - [httpd] Loaded successfully with 0 items.
2025-12-02 06:58:20,836 - SinkIdentifier - INFO - Skipping libCfm.so: already exists in database.
2025-12-02 06:58:20,836 - SinkIdentifier - INFO - Skipping libcommon.so: already exists in database.
2025-12-02 06:58:20,836 - SinkIdentifier - INFO - Skipping libChipApi.so: already exists in database.
2025-12-02 06:58:20,836 - SinkIdentifier - INFO - Skipping libvos_util.so: already exists in database.
2025-12-02 06:58:20,836 - SinkIdentifier - INFO - Skipping libpthread.so.0: already exists in database.
2025-12-02 06:58:20,836 - SinkIdentifier - INFO - Skipping libtpi.so: already exists in database.
2025-12-02 06:58:20,837 - SinkIdentifier - INFO - Skipping libm.so.0: already exists in database.
2025-12-02 06:58:20,837 - SinkIdentifier - INFO - Skipping libucapi.so: already exists in database.
2025-12-02 06:58:20,837 - SinkIdentifier - INFO - Skipping libgcc_s.so.1: already exists in database.
2025-12-02 06:58:20,837 - SinkIdentifier - INFO - Skipping httpd: already exists in database.
2025-12-02 06:58:20,840 - SinkIdentifier - INFO - [libvos_util.so] Loaded successfully with 0 items.
2025-12-02 06:58:20,840 - SinkIdentifier - INFO - [libChipApi.so] Loaded successfully with 1 items.
2025-12-02 06:58:20,840 - SinkIdentifier - INFO - [libCfm.so] Loaded successfully with 0 items.
2025-12-02 06:58:20,840 - SinkIdentifier - INFO - [libcommon.so] Loaded successfully with 8 items.
2025-12-02 06:58:20,840 - SinkIdentifier - INFO - [libpthread.so.0] Loaded successfully with 0 items.
2025-12-02 06:58:20,841 - SinkIdentifier - INFO - [libm.so.0] Loaded successfully with 0 items.
2025-12-02 06:58:20,841 - SinkIdentifier - INFO - [libucapi.so] Loaded successfully with 0 items.
2025-12-02 06:58:20,841 - SinkIdentifier - INFO - [libtpi.so] Loaded successfully with 0 items.
2025-12-02 06:58:20,841 - SinkIdentifier - INFO - [libgcc_s.so.1] Loaded successfully with 0 items.
2025-12-02 06:58:20,841 - SinkIdentifier - INFO - [httpd] Loaded successfully with 0 items.
2025-12-02 07:00:11,173 - SinkIdentifier - INFO - Skipping libCfm.so: already exists in database.
2025-12-02 07:00:11,173 - SinkIdentifier - INFO - Skipping libcommon.so: already exists in database.
2025-12-02 07:00:11,174 - SinkIdentifier - INFO - Skipping libChipApi.so: already exists in database.
2025-12-02 07:00:11,174 - SinkIdentifier - INFO - Skipping libvos_util.so: already exists in database.
2025-12-02 07:00:11,174 - SinkIdentifier - INFO - Skipping libpthread.so.0: already exists in database.
2025-12-02 07:00:11,174 - SinkIdentifier - INFO - Skipping libtpi.so: already exists in database.
2025-12-02 07:00:11,174 - SinkIdentifier - INFO - Skipping libm.so.0: already exists in database.
2025-12-02 07:00:11,175 - SinkIdentifier - INFO - Skipping libucapi.so: already exists in database.
2025-12-02 07:00:11,175 - SinkIdentifier - INFO - Skipping libgcc_s.so.1: already exists in database.
2025-12-02 07:00:11,175 - SinkIdentifier - INFO - Skipping httpd: already exists in database.
2025-12-02 07:00:11,178 - SinkIdentifier - INFO - [libvos_util.so] Loaded successfully with 0 items.
2025-12-02 07:00:11,178 - SinkIdentifier - INFO - [libChipApi.so] Loaded successfully with 1 items.
2025-12-02 07:00:11,178 - SinkIdentifier - INFO - [libCfm.so] Loaded successfully with 0 items.
2025-12-02 07:00:11,178 - SinkIdentifier - INFO - [libcommon.so] Loaded successfully with 8 items.
2025-12-02 07:00:11,178 - SinkIdentifier - INFO - [libpthread.so.0] Loaded successfully with 0 items.
2025-12-02 07:00:11,179 - SinkIdentifier - INFO - [libm.so.0] Loaded successfully with 0 items.
2025-12-02 07:00:11,179 - SinkIdentifier - INFO - [libucapi.so] Loaded successfully with 0 items.
2025-12-02 07:00:11,179 - SinkIdentifier - INFO - [libtpi.so] Loaded successfully with 0 items.
2025-12-02 07:00:11,179 - SinkIdentifier - INFO - [libgcc_s.so.1] Loaded successfully with 0 items.
2025-12-02 07:00:11,179 - SinkIdentifier - INFO - [httpd] Loaded successfully with 0 items.
2025-12-02 07:01:51,860 - SinkIdentifier - INFO - libvos_util.so: 0 items loaded.
2025-12-02 07:01:51,861 - SinkIdentifier - INFO - libChipApi.so: 1 items loaded.
2025-12-02 07:01:51,861 - SinkIdentifier - INFO - libCfm.so: 0 items loaded.
2025-12-02 07:01:51,861 - SinkIdentifier - INFO - libcommon.so: 8 items loaded.
2025-12-02 07:01:51,862 - SinkIdentifier - INFO - libpthread.so.0: 0 items loaded.
2025-12-02 07:01:51,862 - SinkIdentifier - INFO - libm.so.0: 0 items loaded.
2025-12-02 07:01:51,862 - SinkIdentifier - INFO - libucapi.so: 0 items loaded.
2025-12-02 07:01:51,862 - SinkIdentifier - INFO - libtpi.so: 0 items loaded.
2025-12-02 07:01:51,862 - SinkIdentifier - INFO - libgcc_s.so.1: 0 items loaded.
2025-12-02 07:01:51,862 - SinkIdentifier - INFO - httpd: 0 items loaded.
2025-12-02 07:04:23,581 - SinkIdentifier - INFO - Skipping libCfm.so: already exists in database.
2025-12-02 07:04:23,582 - SinkIdentifier - INFO - Skipping libcommon.so: already exists in database.
2025-12-02 07:04:23,582 - SinkIdentifier - INFO - Skipping libChipApi.so: already exists in database.
2025-12-02 07:04:23,582 - SinkIdentifier - INFO - Skipping libvos_util.so: already exists in database.
2025-12-02 07:04:23,582 - SinkIdentifier - INFO - Skipping libpthread.so.0: already exists in database.
2025-12-02 07:04:23,582 - SinkIdentifier - INFO - Skipping libtpi.so: already exists in database.
2025-12-02 07:04:23,582 - SinkIdentifier - INFO - Skipping libm.so.0: already exists in database.
2025-12-02 07:04:23,582 - SinkIdentifier - INFO - Skipping libucapi.so: already exists in database.
2025-12-02 07:04:23,582 - SinkIdentifier - INFO - Skipping libgcc_s.so.1: already exists in database.
2025-12-02 07:04:23,583 - SinkIdentifier - INFO - Skipping httpd: already exists in database.
2025-12-02 07:04:23,586 - SinkIdentifier - INFO - [libvos_util.so] Loaded successfully with 0 items.
2025-12-02 07:04:23,586 - SinkIdentifier - INFO - [libChipApi.so] Loaded successfully with 1 items.
2025-12-02 07:04:23,586 - SinkIdentifier - INFO - [libCfm.so] Loaded successfully with 0 items.
2025-12-02 07:04:23,586 - SinkIdentifier - INFO - [libcommon.so] Loaded successfully with 8 items.
2025-12-02 07:04:23,586 - SinkIdentifier - INFO - [libpthread.so.0] Loaded successfully with 0 items.
2025-12-02 07:04:23,587 - SinkIdentifier - INFO - [libm.so.0] Loaded successfully with 0 items.
2025-12-02 07:04:23,587 - SinkIdentifier - INFO - [libucapi.so] Loaded successfully with 0 items.
2025-12-02 07:04:23,587 - SinkIdentifier - INFO - [libtpi.so] Loaded successfully with 0 items.
2025-12-02 07:04:23,587 - SinkIdentifier - INFO - [libgcc_s.so.1] Loaded successfully with 0 items.
2025-12-02 07:04:23,587 - SinkIdentifier - INFO - [httpd] Loaded successfully with 0 items.
2025-12-02 07:05:04,557 - SinkIdentifier - INFO - Skipping libCfm.so: already exists in database.
2025-12-02 07:05:04,558 - SinkIdentifier - INFO - Skipping libcommon.so: already exists in database.
2025-12-02 07:05:04,558 - SinkIdentifier - INFO - Skipping libChipApi.so: already exists in database.
2025-12-02 07:05:04,558 - SinkIdentifier - INFO - Skipping libvos_util.so: already exists in database.
2025-12-02 07:05:04,558 - SinkIdentifier - INFO - Skipping libpthread.so.0: already exists in database.
2025-12-02 07:05:04,558 - SinkIdentifier - INFO - Skipping libtpi.so: already exists in database.
2025-12-02 07:05:04,558 - SinkIdentifier - INFO - Skipping libm.so.0: already exists in database.
2025-12-02 07:05:04,559 - SinkIdentifier - INFO - Skipping libucapi.so: already exists in database.
2025-12-02 07:05:04,559 - SinkIdentifier - INFO - Skipping libgcc_s.so.1: already exists in database.
2025-12-02 07:05:04,559 - SinkIdentifier - INFO - Skipping httpd: already exists in database.
2025-12-02 07:05:04,562 - SinkIdentifier - INFO - [libvos_util.so] Loaded successfully with 0 items.
2025-12-02 07:05:04,562 - SinkIdentifier - INFO - [libChipApi.so] Loaded successfully with 1 items.
2025-12-02 07:05:04,562 - SinkIdentifier - INFO - [libCfm.so] Loaded successfully with 0 items.
2025-12-02 07:05:04,562 - SinkIdentifier - INFO - [libcommon.so] Loaded successfully with 8 items.
2025-12-02 07:05:04,563 - SinkIdentifier - INFO - [libpthread.so.0] Loaded successfully with 0 items.
2025-12-02 07:05:04,563 - SinkIdentifier - INFO - [libm.so.0] Loaded successfully with 0 items.
2025-12-02 07:05:04,563 - SinkIdentifier - INFO - [libucapi.so] Loaded successfully with 0 items.
2025-12-02 07:05:04,563 - SinkIdentifier - INFO - [libtpi.so] Loaded successfully with 0 items.
2025-12-02 07:05:04,563 - SinkIdentifier - INFO - [libgcc_s.so.1] Loaded successfully with 0 items.
2025-12-02 07:05:04,563 - SinkIdentifier - INFO - [httpd] Loaded successfully with 0 items.
2025-12-02 07:05:22,742 - SinkIdentifier - INFO - Skipping libCfm.so: already exists in database.
2025-12-02 07:05:22,743 - SinkIdentifier - INFO - Skipping libcommon.so: already exists in database.
2025-12-02 07:05:22,743 - SinkIdentifier - INFO - Skipping libChipApi.so: already exists in database.
2025-12-02 07:05:22,743 - SinkIdentifier - INFO - Skipping libvos_util.so: already exists in database.
2025-12-02 07:05:22,743 - SinkIdentifier - INFO - Skipping libpthread.so.0: already exists in database.
2025-12-02 07:05:22,743 - SinkIdentifier - INFO - Skipping libtpi.so: already exists in database.
2025-12-02 07:05:22,744 - SinkIdentifier - INFO - Skipping libm.so.0: already exists in database.
2025-12-02 07:05:22,744 - SinkIdentifier - INFO - Skipping libucapi.so: already exists in database.
2025-12-02 07:05:22,744 - SinkIdentifier - INFO - Skipping libgcc_s.so.1: already exists in database.
2025-12-02 07:05:22,744 - SinkIdentifier - INFO - Skipping httpd: already exists in database.
2025-12-02 07:05:22,747 - SinkIdentifier - INFO - [libvos_util.so] Loaded successfully with 0 items.
2025-12-02 07:05:22,747 - SinkIdentifier - INFO - [libChipApi.so] Loaded successfully with 1 items.
2025-12-02 07:05:22,747 - SinkIdentifier - INFO - [libCfm.so] Loaded successfully with 0 items.
2025-12-02 07:05:22,748 - SinkIdentifier - INFO - [libcommon.so] Loaded successfully with 8 items.
2025-12-02 07:05:22,748 - SinkIdentifier - INFO - [libpthread.so.0] Loaded successfully with 0 items.
2025-12-02 07:05:22,748 - SinkIdentifier - INFO - [libm.so.0] Loaded successfully with 0 items.
2025-12-02 07:05:22,748 - SinkIdentifier - INFO - [libucapi.so] Loaded successfully with 0 items.
2025-12-02 07:05:22,749 - SinkIdentifier - INFO - [libtpi.so] Loaded successfully with 0 items.
2025-12-02 07:05:22,749 - SinkIdentifier - INFO - [libgcc_s.so.1] Loaded successfully with 0 items.
2025-12-02 07:05:22,749 - SinkIdentifier - INFO - [httpd] Loaded successfully with 0 items.
2025-12-02 07:06:22,423 - SinkIdentifier - INFO - Skipping libCfm.so: already exists in database.
2025-12-02 07:06:22,424 - SinkIdentifier - INFO - Skipping libcommon.so: already exists in database.
2025-12-02 07:06:22,424 - SinkIdentifier - INFO - Skipping libChipApi.so: already exists in database.
2025-12-02 07:06:22,424 - SinkIdentifier - INFO - Skipping libvos_util.so: already exists in database.
2025-12-02 07:06:22,424 - SinkIdentifier - INFO - Skipping libpthread.so.0: already exists in database.
2025-12-02 07:06:22,424 - SinkIdentifier - INFO - Skipping libtpi.so: already exists in database.
2025-12-02 07:06:22,425 - SinkIdentifier - INFO - Skipping libm.so.0: already exists in database.
2025-12-02 07:06:22,425 - SinkIdentifier - INFO - Skipping libucapi.so: already exists in database.
2025-12-02 07:06:22,425 - SinkIdentifier - INFO - Skipping libgcc_s.so.1: already exists in database.
2025-12-02 07:06:22,425 - SinkIdentifier - INFO - Skipping httpd: already exists in database.
2025-12-02 07:06:22,428 - SinkIdentifier - INFO - [libvos_util.so] Loaded successfully with 0 items.
2025-12-02 07:06:22,428 - SinkIdentifier - INFO - [libChipApi.so] Loaded successfully with 1 items.
2025-12-02 07:06:22,429 - SinkIdentifier - INFO - [libCfm.so] Loaded successfully with 0 items.
2025-12-02 07:06:22,429 - SinkIdentifier - INFO - [libcommon.so] Loaded successfully with 8 items.
2025-12-02 07:06:22,429 - SinkIdentifier - INFO - [libpthread.so.0] Loaded successfully with 0 items.
2025-12-02 07:06:22,429 - SinkIdentifier - INFO - [libm.so.0] Loaded successfully with 0 items.
2025-12-02 07:06:22,430 - SinkIdentifier - INFO - [libucapi.so] Loaded successfully with 0 items.
2025-12-02 07:06:22,430 - SinkIdentifier - INFO - [libtpi.so] Loaded successfully with 0 items.
2025-12-02 07:06:22,430 - SinkIdentifier - INFO - [libgcc_s.so.1] Loaded successfully with 0 items.
2025-12-02 07:06:22,430 - SinkIdentifier - INFO - [httpd] Loaded successfully with 0 items.
2025-12-02 07:06:50,159 - SinkIdentifier - INFO - libvos_util.so: 0 items loaded.
2025-12-02 07:06:50,160 - SinkIdentifier - INFO - libChipApi.so: 1 items loaded.
2025-12-02 07:06:50,160 - SinkIdentifier - INFO - libCfm.so: 0 items loaded.
2025-12-02 07:06:50,161 - SinkIdentifier - INFO - libcommon.so: 8 items loaded.
2025-12-02 07:06:50,161 - SinkIdentifier - INFO - libpthread.so.0: 0 items loaded.
2025-12-02 07:06:50,161 - SinkIdentifier - INFO - libm.so.0: 0 items loaded.
2025-12-02 07:06:50,162 - SinkIdentifier - INFO - libucapi.so: 0 items loaded.
2025-12-02 07:06:50,162 - SinkIdentifier - INFO - libtpi.so: 0 items loaded.
2025-12-02 07:06:50,162 - SinkIdentifier - INFO - libgcc_s.so.1: 0 items loaded.
2025-12-02 07:06:50,163 - SinkIdentifier - INFO - httpd: 0 items loaded.
2025-12-02 07:07:21,879 - SinkIdentifier - INFO - Skipping libCfm.so: already exists in database.
2025-12-02 07:07:21,880 - SinkIdentifier - INFO - Skipping libcommon.so: already exists in database.
2025-12-02 07:07:21,880 - SinkIdentifier - INFO - Skipping libChipApi.so: already exists in database.
2025-12-02 07:07:21,880 - SinkIdentifier - INFO - Skipping libvos_util.so: already exists in database.
2025-12-02 07:07:21,880 - SinkIdentifier - INFO - Skipping libpthread.so.0: already exists in database.
2025-12-02 07:07:21,880 - SinkIdentifier - INFO - Skipping libtpi.so: already exists in database.
2025-12-02 07:07:21,881 - SinkIdentifier - INFO - Skipping libm.so.0: already exists in database.
2025-12-02 07:07:21,881 - SinkIdentifier - INFO - Skipping libucapi.so: already exists in database.
2025-12-02 07:07:21,881 - SinkIdentifier - INFO - Skipping libgcc_s.so.1: already exists in database.
2025-12-02 07:07:21,881 - SinkIdentifier - INFO - Skipping httpd: already exists in database.
2025-12-02 07:07:21,884 - SinkIdentifier - INFO - [libvos_util.so] Loaded successfully with 0 items.
2025-12-02 07:07:21,884 - SinkIdentifier - INFO - [libChipApi.so] Loaded successfully with 1 items.
2025-12-02 07:07:21,884 - SinkIdentifier - INFO - [libCfm.so] Loaded successfully with 0 items.
2025-12-02 07:07:21,884 - SinkIdentifier - INFO - [libcommon.so] Loaded successfully with 8 items.
2025-12-02 07:07:21,885 - SinkIdentifier - INFO - [libpthread.so.0] Loaded successfully with 0 items.
2025-12-02 07:07:21,885 - SinkIdentifier - INFO - [libm.so.0] Loaded successfully with 0 items.
2025-12-02 07:07:21,885 - SinkIdentifier - INFO - [libucapi.so] Loaded successfully with 0 items.
2025-12-02 07:07:21,885 - SinkIdentifier - INFO - [libtpi.so] Loaded successfully with 0 items.
2025-12-02 07:07:21,885 - SinkIdentifier - INFO - [libgcc_s.so.1] Loaded successfully with 0 items.
2025-12-02 07:07:21,885 - SinkIdentifier - INFO - [httpd] Loaded successfully with 0 items.
2025-12-02 07:07:35,350 - SinkIdentifier - INFO - libvos_util.so: 0 items loaded.
2025-12-02 07:07:35,351 - SinkIdentifier - INFO - libChipApi.so: 1 items loaded.
2025-12-02 07:07:35,351 - SinkIdentifier - INFO - libCfm.so: 0 items loaded.
2025-12-02 07:07:35,351 - SinkIdentifier - INFO - libcommon.so: 8 items loaded.
2025-12-02 07:07:35,351 - SinkIdentifier - INFO - libpthread.so.0: 0 items loaded.
2025-12-02 07:07:35,352 - SinkIdentifier - INFO - libm.so.0: 0 items loaded.
2025-12-02 07:07:35,352 - SinkIdentifier - INFO - libucapi.so: 0 items loaded.
2025-12-02 07:07:35,352 - SinkIdentifier - INFO - libtpi.so: 0 items loaded.
2025-12-02 07:07:35,353 - SinkIdentifier - INFO - libgcc_s.so.1: 0 items loaded.
2025-12-02 07:07:35,353 - SinkIdentifier - INFO - httpd: 0 items loaded.
2025-12-02 07:17:40,475 - SinkIdentifier - INFO - Skipping libCfm.so: already exists in database.
2025-12-02 07:17:40,475 - SinkIdentifier - INFO - Skipping libcommon.so: already exists in database.
2025-12-02 07:17:40,475 - SinkIdentifier - INFO - Skipping libChipApi.so: already exists in database.
2025-12-02 07:17:40,476 - SinkIdentifier - INFO - Skipping libvos_util.so: already exists in database.
2025-12-02 07:17:40,476 - SinkIdentifier - INFO - Skipping libpthread.so.0: already exists in database.
2025-12-02 07:17:40,476 - SinkIdentifier - INFO - Skipping libtpi.so: already exists in database.
2025-12-02 07:17:40,477 - SinkIdentifier - INFO - Skipping libm.so.0: already exists in database.
2025-12-02 07:17:40,477 - SinkIdentifier - INFO - Skipping libucapi.so: already exists in database.
2025-12-02 07:17:40,477 - SinkIdentifier - INFO - Skipping libgcc_s.so.1: already exists in database.
2025-12-02 07:17:40,477 - SinkIdentifier - INFO - Skipping httpd: already exists in database.
2025-12-02 07:17:40,481 - SinkIdentifier - INFO - [libvos_util.so] Loaded successfully with 0 items.
2025-12-02 07:17:40,481 - SinkIdentifier - INFO - [libChipApi.so] Loaded successfully with 1 items.
2025-12-02 07:17:40,481 - SinkIdentifier - INFO - [libCfm.so] Loaded successfully with 0 items.
2025-12-02 07:17:40,481 - SinkIdentifier - INFO - [libcommon.so] Loaded successfully with 8 items.
2025-12-02 07:17:40,482 - SinkIdentifier - INFO - [libpthread.so.0] Loaded successfully with 0 items.
2025-12-02 07:17:40,482 - SinkIdentifier - INFO - [libm.so.0] Loaded successfully with 0 items.
2025-12-02 07:17:40,482 - SinkIdentifier - INFO - [libucapi.so] Loaded successfully with 0 items.
2025-12-02 07:17:40,482 - SinkIdentifier - INFO - [libtpi.so] Loaded successfully with 0 items.
2025-12-02 07:17:40,483 - SinkIdentifier - INFO - [libgcc_s.so.1] Loaded successfully with 0 items.
2025-12-02 07:17:40,483 - SinkIdentifier - INFO - [httpd] Loaded successfully with 0 items.
2025-12-02 07:18:12,640 - SinkIdentifier - INFO - libvos_util.so: 0 items loaded.
2025-12-02 07:18:12,641 - SinkIdentifier - INFO - libChipApi.so: 1 items loaded.
2025-12-02 07:18:12,641 - SinkIdentifier - INFO - libCfm.so: 0 items loaded.
2025-12-02 07:18:12,641 - SinkIdentifier - INFO - libcommon.so: 8 items loaded.
2025-12-02 07:18:12,641 - SinkIdentifier - INFO - libpthread.so.0: 0 items loaded.
2025-12-02 07:18:12,642 - SinkIdentifier - INFO - libm.so.0: 0 items loaded.
2025-12-02 07:18:12,642 - SinkIdentifier - INFO - libucapi.so: 0 items loaded.
2025-12-02 07:18:12,643 - SinkIdentifier - INFO - libtpi.so: 0 items loaded.
2025-12-02 07:18:12,643 - SinkIdentifier - INFO - libgcc_s.so.1: 0 items loaded.
2025-12-02 07:18:12,643 - SinkIdentifier - INFO - httpd: 0 items loaded.
2025-12-02 07:18:38,123 - SinkIdentifier - INFO - Skipping libCfm.so: already exists in database.
2025-12-02 07:18:38,123 - SinkIdentifier - INFO - Skipping libcommon.so: already exists in database.
2025-12-02 07:18:38,123 - SinkIdentifier - INFO - Skipping libChipApi.so: already exists in database.
2025-12-02 07:18:38,123 - SinkIdentifier - INFO - Skipping libvos_util.so: already exists in database.
2025-12-02 07:18:38,123 - SinkIdentifier - INFO - Skipping libpthread.so.0: already exists in database.
2025-12-02 07:18:38,124 - SinkIdentifier - INFO - Skipping libtpi.so: already exists in database.
2025-12-02 07:18:38,124 - SinkIdentifier - INFO - Skipping libm.so.0: already exists in database.
2025-12-02 07:18:38,124 - SinkIdentifier - INFO - Skipping libucapi.so: already exists in database.
2025-12-02 07:18:38,124 - SinkIdentifier - INFO - Skipping libgcc_s.so.1: already exists in database.
2025-12-02 07:18:38,124 - SinkIdentifier - INFO - Skipping httpd: already exists in database.
2025-12-02 07:18:38,127 - SinkIdentifier - INFO - [libvos_util.so] Loaded successfully with 0 items.
2025-12-02 07:18:38,127 - SinkIdentifier - INFO - [libChipApi.so] Loaded successfully with 1 items.
2025-12-02 07:18:38,127 - SinkIdentifier - INFO - [libCfm.so] Loaded successfully with 0 items.
2025-12-02 07:18:38,128 - SinkIdentifier - INFO - [libcommon.so] Loaded successfully with 8 items.
2025-12-02 07:18:38,128 - SinkIdentifier - INFO - [libpthread.so.0] Loaded successfully with 0 items.
2025-12-02 07:18:38,128 - SinkIdentifier - INFO - [libm.so.0] Loaded successfully with 0 items.
2025-12-02 07:18:38,128 - SinkIdentifier - INFO - [libucapi.so] Loaded successfully with 0 items.
2025-12-02 07:18:38,128 - SinkIdentifier - INFO - [libtpi.so] Loaded successfully with 0 items.
2025-12-02 07:18:38,128 - SinkIdentifier - INFO - [libgcc_s.so.1] Loaded successfully with 0 items.
2025-12-02 07:18:38,129 - SinkIdentifier - INFO - [httpd] Loaded successfully with 0 items.
2025-12-02 07:19:02,379 - SinkIdentifier - INFO - Skipping libCfm.so: already exists in database.
2025-12-02 07:19:02,380 - SinkIdentifier - INFO - Skipping libcommon.so: already exists in database.
2025-12-02 07:19:02,380 - SinkIdentifier - INFO - Skipping libChipApi.so: already exists in database.
2025-12-02 07:19:02,380 - SinkIdentifier - INFO - Skipping libvos_util.so: already exists in database.
2025-12-02 07:19:02,380 - SinkIdentifier - INFO - Skipping libpthread.so.0: already exists in database.
2025-12-02 07:19:02,380 - SinkIdentifier - INFO - Skipping libtpi.so: already exists in database.
2025-12-02 07:19:02,380 - SinkIdentifier - INFO - Skipping libm.so.0: already exists in database.
2025-12-02 07:19:02,381 - SinkIdentifier - INFO - Skipping libucapi.so: already exists in database.
2025-12-02 07:19:02,381 - SinkIdentifier - INFO - Skipping libgcc_s.so.1: already exists in database.
2025-12-02 07:19:02,381 - SinkIdentifier - INFO - Skipping httpd: already exists in database.
2025-12-02 07:19:02,384 - SinkIdentifier - INFO - [libvos_util.so] Loaded successfully with 0 items.
2025-12-02 07:19:02,384 - SinkIdentifier - INFO - [libChipApi.so] Loaded successfully with 1 items.
2025-12-02 07:19:02,384 - SinkIdentifier - INFO - [libCfm.so] Loaded successfully with 0 items.
2025-12-02 07:19:02,384 - SinkIdentifier - INFO - [libcommon.so] Loaded successfully with 8 items.
2025-12-02 07:19:02,385 - SinkIdentifier - INFO - [libpthread.so.0] Loaded successfully with 0 items.
2025-12-02 07:19:02,385 - SinkIdentifier - INFO - [libm.so.0] Loaded successfully with 0 items.
2025-12-02 07:19:02,385 - SinkIdentifier - INFO - [libucapi.so] Loaded successfully with 0 items.
2025-12-02 07:19:02,385 - SinkIdentifier - INFO - [libtpi.so] Loaded successfully with 0 items.
2025-12-02 07:19:02,385 - SinkIdentifier - INFO - [libgcc_s.so.1] Loaded successfully with 0 items.
2025-12-02 07:19:02,385 - SinkIdentifier - INFO - [httpd] Loaded successfully with 0 items.
2025-12-02 07:19:21,945 - SinkIdentifier - INFO - libvos_util.so: 0 items loaded.
2025-12-02 07:19:21,946 - SinkIdentifier - INFO - libChipApi.so: 1 items loaded.
2025-12-02 07:19:21,946 - SinkIdentifier - INFO - libCfm.so: 0 items loaded.
2025-12-02 07:19:21,946 - SinkIdentifier - INFO - libcommon.so: 8 items loaded.
2025-12-02 07:19:21,946 - SinkIdentifier - INFO - libpthread.so.0: 0 items loaded.
2025-12-02 07:19:21,946 - SinkIdentifier - INFO - libm.so.0: 0 items loaded.
2025-12-02 07:19:21,946 - SinkIdentifier - INFO - libucapi.so: 0 items loaded.
2025-12-02 07:19:21,946 - SinkIdentifier - INFO - libtpi.so: 0 items loaded.
2025-12-02 07:19:21,947 - SinkIdentifier - INFO - libgcc_s.so.1: 0 items loaded.
2025-12-02 07:19:21,947 - SinkIdentifier - INFO - httpd: 0 items loaded.
2025-12-02 07:19:35,808 - SinkIdentifier - INFO - Skipping libCfm.so: already exists in database.
2025-12-02 07:19:35,809 - SinkIdentifier - INFO - Skipping libcommon.so: already exists in database.
2025-12-02 07:19:35,809 - SinkIdentifier - INFO - Skipping libChipApi.so: already exists in database.
2025-12-02 07:19:35,809 - SinkIdentifier - INFO - Skipping libvos_util.so: already exists in database.
2025-12-02 07:19:35,809 - SinkIdentifier - INFO - Skipping libpthread.so.0: already exists in database.
2025-12-02 07:19:35,809 - SinkIdentifier - INFO - Skipping libtpi.so: already exists in database.
2025-12-02 07:19:35,810 - SinkIdentifier - INFO - Skipping libm.so.0: already exists in database.
2025-12-02 07:19:35,810 - SinkIdentifier - INFO - Skipping libucapi.so: already exists in database.
2025-12-02 07:19:35,810 - SinkIdentifier - INFO - Skipping libgcc_s.so.1: already exists in database.
2025-12-02 07:19:35,810 - SinkIdentifier - INFO - Skipping httpd: already exists in database.
2025-12-02 07:19:35,814 - SinkIdentifier - INFO - [libvos_util.so] Loaded successfully with 0 items.
2025-12-02 07:19:35,814 - SinkIdentifier - INFO - [libChipApi.so] Loaded successfully with 1 items.
2025-12-02 07:19:35,815 - SinkIdentifier - INFO - [libCfm.so] Loaded successfully with 0 items.
2025-12-02 07:19:35,815 - SinkIdentifier - INFO - [libcommon.so] Loaded successfully with 8 items.
2025-12-02 07:19:35,815 - SinkIdentifier - INFO - [libpthread.so.0] Loaded successfully with 0 items.
2025-12-02 07:19:35,815 - SinkIdentifier - INFO - [libm.so.0] Loaded successfully with 0 items.
2025-12-02 07:19:35,816 - SinkIdentifier - INFO - [libucapi.so] Loaded successfully with 0 items.
2025-12-02 07:19:35,816 - SinkIdentifier - INFO - [libtpi.so] Loaded successfully with 0 items.
2025-12-02 07:19:35,816 - SinkIdentifier - INFO - [libgcc_s.so.1] Loaded successfully with 0 items.
2025-12-02 07:19:35,816 - SinkIdentifier - INFO - [httpd] Loaded successfully with 0 items.
2025-12-02 07:20:11,057 - SinkIdentifier - INFO - Skipping libCfm.so: already exists in database.
2025-12-02 07:20:11,058 - SinkIdentifier - INFO - Skipping libcommon.so: already exists in database.
2025-12-02 07:20:11,058 - SinkIdentifier - INFO - Skipping libChipApi.so: already exists in database.
2025-12-02 07:20:11,058 - SinkIdentifier - INFO - Skipping libvos_util.so: already exists in database.
2025-12-02 07:20:11,058 - SinkIdentifier - INFO - Skipping libpthread.so.0: already exists in database.
2025-12-02 07:20:11,058 - SinkIdentifier - INFO - Skipping libtpi.so: already exists in database.
2025-12-02 07:20:11,058 - SinkIdentifier - INFO - Skipping libm.so.0: already exists in database.
2025-12-02 07:20:11,059 - SinkIdentifier - INFO - Skipping libucapi.so: already exists in database.
2025-12-02 07:20:11,059 - SinkIdentifier - INFO - Skipping libgcc_s.so.1: already exists in database.
2025-12-02 07:20:11,059 - SinkIdentifier - INFO - Skipping httpd: already exists in database.
2025-12-02 07:20:11,062 - SinkIdentifier - INFO - [libvos_util.so] Loaded successfully with 0 items.
2025-12-02 07:20:11,063 - SinkIdentifier - INFO - [libChipApi.so] Loaded successfully with 1 items.
2025-12-02 07:20:11,063 - SinkIdentifier - INFO - [libCfm.so] Loaded successfully with 0 items.
2025-12-02 07:20:11,063 - SinkIdentifier - INFO - [libcommon.so] Loaded successfully with 8 items.
2025-12-02 07:20:11,063 - SinkIdentifier - INFO - [libpthread.so.0] Loaded successfully with 0 items.
2025-12-02 07:20:11,064 - SinkIdentifier - INFO - [libm.so.0] Loaded successfully with 0 items.
2025-12-02 07:20:11,064 - SinkIdentifier - INFO - [libucapi.so] Loaded successfully with 0 items.
2025-12-02 07:20:11,064 - SinkIdentifier - INFO - [libtpi.so] Loaded successfully with 0 items.
2025-12-02 07:20:11,064 - SinkIdentifier - INFO - [libgcc_s.so.1] Loaded successfully with 0 items.
2025-12-02 07:20:11,064 - SinkIdentifier - INFO - [httpd] Loaded successfully with 0 items.
2025-12-02 07:20:35,426 - SinkIdentifier - INFO - libvos_util.so: 0 items loaded.
2025-12-02 07:20:35,426 - SinkIdentifier - INFO - libChipApi.so: 1 items loaded.
2025-12-02 07:20:35,426 - SinkIdentifier - INFO - libCfm.so: 0 items loaded.
2025-12-02 07:20:35,426 - SinkIdentifier - INFO - libcommon.so: 8 items loaded.
2025-12-02 07:20:35,426 - SinkIdentifier - INFO - libpthread.so.0: 0 items loaded.
2025-12-02 07:20:35,426 - SinkIdentifier - INFO - libm.so.0: 0 items loaded.
2025-12-02 07:20:35,426 - SinkIdentifier - INFO - libucapi.so: 0 items loaded.
2025-12-02 07:20:35,426 - SinkIdentifier - INFO - libtpi.so: 0 items loaded.
2025-12-02 07:20:35,426 - SinkIdentifier - INFO - libgcc_s.so.1: 0 items loaded.
2025-12-02 07:20:35,426 - SinkIdentifier - INFO - httpd: 0 items loaded.
2025-12-02 07:21:49,354 - SinkIdentifier - INFO - Skipping libCfm.so: already exists in database.
2025-12-02 07:21:49,354 - SinkIdentifier - INFO - Skipping libcommon.so: already exists in database.
2025-12-02 07:21:49,355 - SinkIdentifier - INFO - Skipping libChipApi.so: already exists in database.
2025-12-02 07:21:49,355 - SinkIdentifier - INFO - Skipping libvos_util.so: already exists in database.
2025-12-02 07:21:49,355 - SinkIdentifier - INFO - Skipping libpthread.so.0: already exists in database.
2025-12-02 07:21:49,355 - SinkIdentifier - INFO - Skipping libtpi.so: already exists in database.
2025-12-02 07:21:49,355 - SinkIdentifier - INFO - Skipping libm.so.0: already exists in database.
2025-12-02 07:21:49,355 - SinkIdentifier - INFO - Skipping libucapi.so: already exists in database.
2025-12-02 07:21:49,355 - SinkIdentifier - INFO - Skipping libgcc_s.so.1: already exists in database.
2025-12-02 07:21:49,355 - SinkIdentifier - INFO - Skipping httpd: already exists in database.
2025-12-02 07:21:49,359 - SinkIdentifier - INFO - [libvos_util.so] Loaded successfully with 0 items.
2025-12-02 07:21:49,359 - SinkIdentifier - INFO - [libChipApi.so] Loaded successfully with 1 items.
2025-12-02 07:21:49,360 - SinkIdentifier - INFO - [libCfm.so] Loaded successfully with 0 items.
2025-12-02 07:21:49,360 - SinkIdentifier - INFO - [libcommon.so] Loaded successfully with 8 items.
2025-12-02 07:21:49,360 - SinkIdentifier - INFO - [libpthread.so.0] Loaded successfully with 0 items.
2025-12-02 07:21:49,360 - SinkIdentifier - INFO - [libm.so.0] Loaded successfully with 0 items.
2025-12-02 07:21:49,360 - SinkIdentifier - INFO - [libucapi.so] Loaded successfully with 0 items.
2025-12-02 07:21:49,360 - SinkIdentifier - INFO - [libtpi.so] Loaded successfully with 0 items.
2025-12-02 07:21:49,360 - SinkIdentifier - INFO - [libgcc_s.so.1] Loaded successfully with 0 items.
2025-12-02 07:21:49,361 - SinkIdentifier - INFO - [httpd] Loaded successfully with 0 items.
2025-12-02 07:22:19,486 - SinkIdentifier - INFO - libvos_util.so: 0 items loaded.
2025-12-02 07:22:19,486 - SinkIdentifier - INFO - libChipApi.so: 1 items loaded.
2025-12-02 07:22:19,486 - SinkIdentifier - INFO - libCfm.so: 0 items loaded.
2025-12-02 07:22:19,487 - SinkIdentifier - INFO - libcommon.so: 8 items loaded.
2025-12-02 07:22:19,487 - SinkIdentifier - INFO - libpthread.so.0: 0 items loaded.
2025-12-02 07:22:19,487 - SinkIdentifier - INFO - libm.so.0: 0 items loaded.
2025-12-02 07:22:19,487 - SinkIdentifier - INFO - libucapi.so: 0 items loaded.
2025-12-02 07:22:19,487 - SinkIdentifier - INFO - libtpi.so: 0 items loaded.
2025-12-02 07:22:19,488 - SinkIdentifier - INFO - libgcc_s.so.1: 0 items loaded.
2025-12-02 07:22:19,488 - SinkIdentifier - INFO - httpd: 0 items loaded.
2025-12-02 07:22:27,861 - SinkIdentifier - INFO - Skipping libCfm.so: already exists in database.
2025-12-02 07:22:27,861 - SinkIdentifier - INFO - Skipping libcommon.so: already exists in database.
2025-12-02 07:22:27,861 - SinkIdentifier - INFO - Skipping libChipApi.so: already exists in database.
2025-12-02 07:22:27,862 - SinkIdentifier - INFO - Skipping libvos_util.so: already exists in database.
2025-12-02 07:22:27,862 - SinkIdentifier - INFO - Skipping libpthread.so.0: already exists in database.
2025-12-02 07:22:27,862 - SinkIdentifier - INFO - Skipping libtpi.so: already exists in database.
2025-12-02 07:22:27,862 - SinkIdentifier - INFO - Skipping libm.so.0: already exists in database.
2025-12-02 07:22:27,862 - SinkIdentifier - INFO - Skipping libucapi.so: already exists in database.
2025-12-02 07:22:27,862 - SinkIdentifier - INFO - Skipping libgcc_s.so.1: already exists in database.
2025-12-02 07:22:27,863 - SinkIdentifier - INFO - Skipping httpd: already exists in database.
2025-12-02 07:22:27,865 - SinkIdentifier - INFO - [libvos_util.so] Loaded successfully with 0 items.
2025-12-02 07:22:27,865 - SinkIdentifier - INFO - [libChipApi.so] Loaded successfully with 1 items.
2025-12-02 07:22:27,866 - SinkIdentifier - INFO - [libCfm.so] Loaded successfully with 0 items.
2025-12-02 07:22:27,866 - SinkIdentifier - INFO - [libcommon.so] Loaded successfully with 8 items.
2025-12-02 07:22:27,866 - SinkIdentifier - INFO - [libpthread.so.0] Loaded successfully with 0 items.
2025-12-02 07:22:27,867 - SinkIdentifier - INFO - [libm.so.0] Loaded successfully with 0 items.
2025-12-02 07:22:27,867 - SinkIdentifier - INFO - [libucapi.so] Loaded successfully with 0 items.
2025-12-02 07:22:27,867 - SinkIdentifier - INFO - [libtpi.so] Loaded successfully with 0 items.
2025-12-02 07:22:27,867 - SinkIdentifier - INFO - [libgcc_s.so.1] Loaded successfully with 0 items.
2025-12-02 07:22:27,868 - SinkIdentifier - INFO - [httpd] Loaded successfully with 0 items.
2025-12-02 07:23:01,619 - SinkIdentifier - INFO - Skipping libCfm.so: already exists in database.
2025-12-02 07:23:01,619 - SinkIdentifier - INFO - Skipping libcommon.so: already exists in database.
2025-12-02 07:23:01,619 - SinkIdentifier - INFO - Skipping libChipApi.so: already exists in database.
2025-12-02 07:23:01,620 - SinkIdentifier - INFO - Skipping libvos_util.so: already exists in database.
2025-12-02 07:23:01,620 - SinkIdentifier - INFO - Skipping libpthread.so.0: already exists in database.
2025-12-02 07:23:01,620 - SinkIdentifier - INFO - Skipping libtpi.so: already exists in database.
2025-12-02 07:23:01,621 - SinkIdentifier - INFO - Skipping libm.so.0: already exists in database.
2025-12-02 07:23:01,621 - SinkIdentifier - INFO - Skipping libucapi.so: already exists in database.
2025-12-02 07:23:01,622 - SinkIdentifier - INFO - Skipping libgcc_s.so.1: already exists in database.
2025-12-02 07:23:01,622 - SinkIdentifier - INFO - Skipping httpd: already exists in database.
2025-12-02 07:23:01,626 - SinkIdentifier - INFO - [libvos_util.so] Loaded successfully with 0 items.
2025-12-02 07:23:01,626 - SinkIdentifier - INFO - [libChipApi.so] Loaded successfully with 1 items.
2025-12-02 07:23:01,626 - SinkIdentifier - INFO - [libCfm.so] Loaded successfully with 0 items.
2025-12-02 07:23:01,627 - SinkIdentifier - INFO - [libcommon.so] Loaded successfully with 8 items.
2025-12-02 07:23:01,627 - SinkIdentifier - INFO - [libpthread.so.0] Loaded successfully with 0 items.
2025-12-02 07:23:01,627 - SinkIdentifier - INFO - [libm.so.0] Loaded successfully with 0 items.
2025-12-02 07:23:01,627 - SinkIdentifier - INFO - [libucapi.so] Loaded successfully with 0 items.
2025-12-02 07:23:01,628 - SinkIdentifier - INFO - [libtpi.so] Loaded successfully with 0 items.
2025-12-02 07:23:01,628 - SinkIdentifier - INFO - [libgcc_s.so.1] Loaded successfully with 0 items.
2025-12-02 07:23:01,628 - SinkIdentifier - INFO - [httpd] Loaded successfully with 0 items.
2025-12-02 07:23:25,033 - SinkIdentifier - INFO - libvos_util.so: 0 items loaded.
2025-12-02 07:23:25,033 - SinkIdentifier - INFO - libChipApi.so: 1 items loaded.
2025-12-02 07:23:25,033 - SinkIdentifier - INFO - libCfm.so: 0 items loaded.
2025-12-02 07:23:25,034 - SinkIdentifier - INFO - libcommon.so: 8 items loaded.
2025-12-02 07:23:25,034 - SinkIdentifier - INFO - libpthread.so.0: 0 items loaded.
2025-12-02 07:23:25,034 - SinkIdentifier - INFO - libm.so.0: 0 items loaded.
2025-12-02 07:23:25,034 - SinkIdentifier - INFO - libucapi.so: 0 items loaded.
2025-12-02 07:23:25,034 - SinkIdentifier - INFO - libtpi.so: 0 items loaded.
2025-12-02 07:23:25,035 - SinkIdentifier - INFO - libgcc_s.so.1: 0 items loaded.
2025-12-02 07:23:25,035 - SinkIdentifier - INFO - httpd: 0 items loaded.
2025-12-02 07:26:22,482 - SinkIdentifier - INFO - Skipping libCfm.so: already exists in database.
2025-12-02 07:26:22,483 - SinkIdentifier - INFO - Skipping libcommon.so: already exists in database.
2025-12-02 07:26:22,483 - SinkIdentifier - INFO - Skipping libChipApi.so: already exists in database.
2025-12-02 07:26:22,483 - SinkIdentifier - INFO - Skipping libvos_util.so: already exists in database.
2025-12-02 07:26:22,483 - SinkIdentifier - INFO - Skipping libpthread.so.0: already exists in database.
2025-12-02 07:26:22,483 - SinkIdentifier - INFO - Skipping libtpi.so: already exists in database.
2025-12-02 07:26:22,484 - SinkIdentifier - INFO - Skipping libm.so.0: already exists in database.
2025-12-02 07:26:22,484 - SinkIdentifier - INFO - Skipping libucapi.so: already exists in database.
2025-12-02 07:26:22,484 - SinkIdentifier - INFO - Skipping libgcc_s.so.1: already exists in database.
2025-12-02 07:26:22,484 - SinkIdentifier - INFO - Skipping httpd: already exists in database.
2025-12-02 07:26:22,487 - SinkIdentifier - INFO - [libvos_util.so] Loaded successfully with 0 items.
2025-12-02 07:26:22,487 - SinkIdentifier - INFO - [libChipApi.so] Loaded successfully with 1 items.
2025-12-02 07:26:22,487 - SinkIdentifier - INFO - [libCfm.so] Loaded successfully with 0 items.
2025-12-02 07:26:22,487 - SinkIdentifier - INFO - [libcommon.so] Loaded successfully with 8 items.
2025-12-02 07:26:22,488 - SinkIdentifier - INFO - [libpthread.so.0] Loaded successfully with 0 items.
2025-12-02 07:26:22,488 - SinkIdentifier - INFO - [libm.so.0] Loaded successfully with 0 items.
2025-12-02 07:26:22,488 - SinkIdentifier - INFO - [libucapi.so] Loaded successfully with 0 items.
2025-12-02 07:26:22,488 - SinkIdentifier - INFO - [libtpi.so] Loaded successfully with 0 items.
2025-12-02 07:26:22,489 - SinkIdentifier - INFO - [libgcc_s.so.1] Loaded successfully with 0 items.
2025-12-02 07:26:22,489 - SinkIdentifier - INFO - [httpd] Loaded successfully with 0 items.
2025-12-02 07:26:46,973 - SinkIdentifier - INFO - libvos_util.so: 0 items loaded.
2025-12-02 07:26:46,973 - SinkIdentifier - INFO - libChipApi.so: 1 items loaded.
2025-12-02 07:26:46,974 - SinkIdentifier - INFO - libCfm.so: 0 items loaded.
2025-12-02 07:26:46,974 - SinkIdentifier - INFO - libcommon.so: 8 items loaded.
2025-12-02 07:26:46,974 - SinkIdentifier - INFO - libpthread.so.0: 0 items loaded.
2025-12-02 07:26:46,975 - SinkIdentifier - INFO - libm.so.0: 0 items loaded.
2025-12-02 07:26:46,975 - SinkIdentifier - INFO - libucapi.so: 0 items loaded.
2025-12-02 07:26:46,975 - SinkIdentifier - INFO - libtpi.so: 0 items loaded.
2025-12-02 07:26:46,975 - SinkIdentifier - INFO - libgcc_s.so.1: 0 items loaded.
2025-12-02 07:26:46,976 - SinkIdentifier - INFO - httpd: 0 items loaded.
2025-12-02 07:27:02,013 - SinkIdentifier - INFO - Skipping libCfm.so: already exists in database.
2025-12-02 07:27:02,014 - SinkIdentifier - INFO - Skipping libcommon.so: already exists in database.
2025-12-02 07:27:02,014 - SinkIdentifier - INFO - Skipping libChipApi.so: already exists in database.
2025-12-02 07:27:02,014 - SinkIdentifier - INFO - Skipping libvos_util.so: already exists in database.
2025-12-02 07:27:02,014 - SinkIdentifier - INFO - Skipping libpthread.so.0: already exists in database.
2025-12-02 07:27:02,015 - SinkIdentifier - INFO - Skipping libtpi.so: already exists in database.
2025-12-02 07:27:02,015 - SinkIdentifier - INFO - Skipping libm.so.0: already exists in database.
2025-12-02 07:27:02,015 - SinkIdentifier - INFO - Skipping libucapi.so: already exists in database.
2025-12-02 07:27:02,015 - SinkIdentifier - INFO - Skipping libgcc_s.so.1: already exists in database.
2025-12-02 07:27:02,016 - SinkIdentifier - INFO - Skipping httpd: already exists in database.
2025-12-02 07:27:02,019 - SinkIdentifier - INFO - [libvos_util.so] Loaded successfully with 0 items.
2025-12-02 07:27:02,019 - SinkIdentifier - INFO - [libChipApi.so] Loaded successfully with 1 items.
2025-12-02 07:27:02,019 - SinkIdentifier - INFO - [libCfm.so] Loaded successfully with 0 items.
2025-12-02 07:27:02,019 - SinkIdentifier - INFO - [libcommon.so] Loaded successfully with 8 items.
2025-12-02 07:27:02,019 - SinkIdentifier - INFO - [libpthread.so.0] Loaded successfully with 0 items.
2025-12-02 07:27:02,020 - SinkIdentifier - INFO - [libm.so.0] Loaded successfully with 0 items.
2025-12-02 07:27:02,020 - SinkIdentifier - INFO - [libucapi.so] Loaded successfully with 0 items.
2025-12-02 07:27:02,020 - SinkIdentifier - INFO - [libtpi.so] Loaded successfully with 0 items.
2025-12-02 07:27:02,021 - SinkIdentifier - INFO - [libgcc_s.so.1] Loaded successfully with 0 items.
2025-12-02 07:27:02,021 - SinkIdentifier - INFO - [httpd] Loaded successfully with 0 items.
2025-12-02 07:27:37,429 - SinkIdentifier - INFO - Skipping libCfm.so: already exists in database.
2025-12-02 07:27:37,430 - SinkIdentifier - INFO - Skipping libcommon.so: already exists in database.
2025-12-02 07:27:37,430 - SinkIdentifier - INFO - Skipping libChipApi.so: already exists in database.
2025-12-02 07:27:37,430 - SinkIdentifier - INFO - Skipping libvos_util.so: already exists in database.
2025-12-02 07:27:37,430 - SinkIdentifier - INFO - Skipping libpthread.so.0: already exists in database.
2025-12-02 07:27:37,430 - SinkIdentifier - INFO - Skipping libtpi.so: already exists in database.
2025-12-02 07:27:37,430 - SinkIdentifier - INFO - Skipping libm.so.0: already exists in database.
2025-12-02 07:27:37,430 - SinkIdentifier - INFO - Skipping libucapi.so: already exists in database.
2025-12-02 07:27:37,431 - SinkIdentifier - INFO - Skipping libgcc_s.so.1: already exists in database.
2025-12-02 07:27:37,431 - SinkIdentifier - INFO - Skipping httpd: already exists in database.
2025-12-02 07:27:37,433 - SinkIdentifier - INFO - [libvos_util.so] Loaded successfully with 0 items.
2025-12-02 07:27:37,434 - SinkIdentifier - INFO - [libChipApi.so] Loaded successfully with 1 items.
2025-12-02 07:27:37,434 - SinkIdentifier - INFO - [libCfm.so] Loaded successfully with 0 items.
2025-12-02 07:27:37,434 - SinkIdentifier - INFO - [libcommon.so] Loaded successfully with 8 items.
2025-12-02 07:27:37,434 - SinkIdentifier - INFO - [libpthread.so.0] Loaded successfully with 0 items.
2025-12-02 07:27:37,434 - SinkIdentifier - INFO - [libm.so.0] Loaded successfully with 0 items.
2025-12-02 07:27:37,434 - SinkIdentifier - INFO - [libucapi.so] Loaded successfully with 0 items.
2025-12-02 07:27:37,435 - SinkIdentifier - INFO - [libtpi.so] Loaded successfully with 0 items.
2025-12-02 07:27:37,435 - SinkIdentifier - INFO - [libgcc_s.so.1] Loaded successfully with 0 items.
2025-12-02 07:27:37,435 - SinkIdentifier - INFO - [httpd] Loaded successfully with 0 items.
2025-12-02 07:29:14,932 - SinkIdentifier - INFO - Skipping libCfm.so: already exists in database.
2025-12-02 07:29:14,932 - SinkIdentifier - INFO - Skipping libcommon.so: already exists in database.
2025-12-02 07:29:14,933 - SinkIdentifier - INFO - Skipping libChipApi.so: already exists in database.
2025-12-02 07:29:14,933 - SinkIdentifier - INFO - Skipping libvos_util.so: already exists in database.
2025-12-02 07:29:14,933 - SinkIdentifier - INFO - Skipping libpthread.so.0: already exists in database.
2025-12-02 07:29:14,933 - SinkIdentifier - INFO - Skipping libtpi.so: already exists in database.
2025-12-02 07:29:14,933 - SinkIdentifier - INFO - Skipping libm.so.0: already exists in database.
2025-12-02 07:29:14,934 - SinkIdentifier - INFO - Skipping libucapi.so: already exists in database.
2025-12-02 07:29:14,934 - SinkIdentifier - INFO - Skipping libgcc_s.so.1: already exists in database.
2025-12-02 07:29:14,934 - SinkIdentifier - INFO - Skipping httpd: already exists in database.
2025-12-02 07:29:14,937 - SinkIdentifier - INFO - [libvos_util.so] Loaded successfully with 0 items.
2025-12-02 07:29:14,937 - SinkIdentifier - INFO - [libChipApi.so] Loaded successfully with 1 items.
2025-12-02 07:29:14,937 - SinkIdentifier - INFO - [libCfm.so] Loaded successfully with 0 items.
2025-12-02 07:29:14,938 - SinkIdentifier - INFO - [libcommon.so] Loaded successfully with 8 items.
2025-12-02 07:29:14,938 - SinkIdentifier - INFO - [libpthread.so.0] Loaded successfully with 0 items.
2025-12-02 07:29:14,938 - SinkIdentifier - INFO - [libm.so.0] Loaded successfully with 0 items.
2025-12-02 07:29:14,938 - SinkIdentifier - INFO - [libucapi.so] Loaded successfully with 0 items.
2025-12-02 07:29:14,938 - SinkIdentifier - INFO - [libtpi.so] Loaded successfully with 0 items.
2025-12-02 07:29:14,938 - SinkIdentifier - INFO - [libgcc_s.so.1] Loaded successfully with 0 items.
2025-12-02 07:29:14,939 - SinkIdentifier - INFO - [httpd] Loaded successfully with 0 items.
2025-12-02 07:30:25,383 - SinkIdentifier - INFO - libvos_util.so: 0 items loaded.
2025-12-02 07:30:25,383 - SinkIdentifier - INFO - libChipApi.so: 1 items loaded.
2025-12-02 07:30:25,384 - SinkIdentifier - INFO - libCfm.so: 0 items loaded.
2025-12-02 07:30:25,384 - SinkIdentifier - INFO - libcommon.so: 8 items loaded.
2025-12-02 07:30:25,384 - SinkIdentifier - INFO - libpthread.so.0: 0 items loaded.
2025-12-02 07:30:25,384 - SinkIdentifier - INFO - libm.so.0: 0 items loaded.
2025-12-02 07:30:25,385 - SinkIdentifier - INFO - libucapi.so: 0 items loaded.
2025-12-02 07:30:25,385 - SinkIdentifier - INFO - libtpi.so: 0 items loaded.
2025-12-02 07:30:25,385 - SinkIdentifier - INFO - libgcc_s.so.1: 0 items loaded.
2025-12-02 07:30:25,385 - SinkIdentifier - INFO - httpd: 0 items loaded.
2025-12-02 07:30:34,779 - SinkIdentifier - INFO - Skipping libCfm.so: already exists in database.
2025-12-02 07:30:34,779 - SinkIdentifier - INFO - Skipping libcommon.so: already exists in database.
2025-12-02 07:30:34,780 - SinkIdentifier - INFO - Skipping libChipApi.so: already exists in database.
2025-12-02 07:30:34,780 - SinkIdentifier - INFO - Skipping libvos_util.so: already exists in database.
2025-12-02 07:30:34,780 - SinkIdentifier - INFO - Skipping libpthread.so.0: already exists in database.
2025-12-02 07:30:34,781 - SinkIdentifier - INFO - Skipping libtpi.so: already exists in database.
2025-12-02 07:30:34,781 - SinkIdentifier - INFO - Skipping libm.so.0: already exists in database.
2025-12-02 07:30:34,782 - SinkIdentifier - INFO - Skipping libucapi.so: already exists in database.
2025-12-02 07:30:34,782 - SinkIdentifier - INFO - Skipping libgcc_s.so.1: already exists in database.
2025-12-02 07:30:34,782 - SinkIdentifier - INFO - Skipping httpd: already exists in database.
2025-12-02 07:30:34,785 - SinkIdentifier - INFO - [libvos_util.so] Loaded successfully with 0 items.
2025-12-02 07:30:34,785 - SinkIdentifier - INFO - [libChipApi.so] Loaded successfully with 1 items.
2025-12-02 07:30:34,785 - SinkIdentifier - INFO - [libCfm.so] Loaded successfully with 0 items.
2025-12-02 07:30:34,786 - SinkIdentifier - INFO - [libcommon.so] Loaded successfully with 8 items.
2025-12-02 07:30:34,786 - SinkIdentifier - INFO - [libpthread.so.0] Loaded successfully with 0 items.
2025-12-02 07:30:34,786 - SinkIdentifier - INFO - [libm.so.0] Loaded successfully with 0 items.
2025-12-02 07:30:34,786 - SinkIdentifier - INFO - [libucapi.so] Loaded successfully with 0 items.
2025-12-02 07:30:34,787 - SinkIdentifier - INFO - [libtpi.so] Loaded successfully with 0 items.
2025-12-02 07:30:34,787 - SinkIdentifier - INFO - [libgcc_s.so.1] Loaded successfully with 0 items.
2025-12-02 07:30:34,787 - SinkIdentifier - INFO - [httpd] Loaded successfully with 0 items.
2025-12-02 07:34:26,881 - SinkIdentifier - INFO - Skipping libCfm.so: already exists in database.
2025-12-02 07:34:26,882 - SinkIdentifier - INFO - Skipping libcommon.so: already exists in database.
2025-12-02 07:34:26,882 - SinkIdentifier - INFO - Skipping libChipApi.so: already exists in database.
2025-12-02 07:34:26,882 - SinkIdentifier - INFO - Skipping libvos_util.so: already exists in database.
2025-12-02 07:34:26,882 - SinkIdentifier - INFO - Skipping libpthread.so.0: already exists in database.
2025-12-02 07:34:26,882 - SinkIdentifier - INFO - Skipping libtpi.so: already exists in database.
2025-12-02 07:34:26,883 - SinkIdentifier - INFO - Skipping libm.so.0: already exists in database.
2025-12-02 07:34:26,883 - SinkIdentifier - INFO - Skipping libucapi.so: already exists in database.
2025-12-02 07:34:26,883 - SinkIdentifier - INFO - Skipping libgcc_s.so.1: already exists in database.
2025-12-02 07:34:26,883 - SinkIdentifier - INFO - Skipping httpd: already exists in database.
2025-12-02 07:34:26,887 - SinkIdentifier - INFO - [libvos_util.so] Loaded successfully with 0 items.
2025-12-02 07:34:26,887 - SinkIdentifier - INFO - [libChipApi.so] Loaded successfully with 1 items.
2025-12-02 07:34:26,887 - SinkIdentifier - INFO - [libCfm.so] Loaded successfully with 0 items.
2025-12-02 07:34:26,887 - SinkIdentifier - INFO - [libcommon.so] Loaded successfully with 8 items.
2025-12-02 07:34:26,887 - SinkIdentifier - INFO - [libpthread.so.0] Loaded successfully with 0 items.
2025-12-02 07:34:26,888 - SinkIdentifier - INFO - [libm.so.0] Loaded successfully with 0 items.
2025-12-02 07:34:26,888 - SinkIdentifier - INFO - [libucapi.so] Loaded successfully with 0 items.
2025-12-02 07:34:26,888 - SinkIdentifier - INFO - [libtpi.so] Loaded successfully with 0 items.
2025-12-02 07:34:26,888 - SinkIdentifier - INFO - [libgcc_s.so.1] Loaded successfully with 0 items.
2025-12-02 07:34:26,889 - SinkIdentifier - INFO - [httpd] Loaded successfully with 0 items.
2025-12-02 07:35:12,122 - SinkIdentifier - INFO - Skipping libCfm.so: already exists in database.
2025-12-02 07:35:12,122 - SinkIdentifier - INFO - Skipping libcommon.so: already exists in database.
2025-12-02 07:35:12,123 - SinkIdentifier - INFO - Skipping libChipApi.so: already exists in database.
2025-12-02 07:35:12,123 - SinkIdentifier - INFO - Skipping libvos_util.so: already exists in database.
2025-12-02 07:35:12,123 - SinkIdentifier - INFO - Skipping libpthread.so.0: already exists in database.
2025-12-02 07:35:12,123 - SinkIdentifier - INFO - Skipping libtpi.so: already exists in database.
2025-12-02 07:35:12,123 - SinkIdentifier - INFO - Skipping libm.so.0: already exists in database.
2025-12-02 07:35:12,124 - SinkIdentifier - INFO - Skipping libucapi.so: already exists in database.
2025-12-02 07:35:12,124 - SinkIdentifier - INFO - Skipping libgcc_s.so.1: already exists in database.
2025-12-02 07:35:12,124 - SinkIdentifier - INFO - Skipping httpd: already exists in database.
2025-12-02 07:35:12,127 - SinkIdentifier - INFO - [libvos_util.so] Loaded successfully with 0 items.
2025-12-02 07:35:12,128 - SinkIdentifier - INFO - [libChipApi.so] Loaded successfully with 1 items.
2025-12-02 07:35:12,128 - SinkIdentifier - INFO - [libCfm.so] Loaded successfully with 0 items.
2025-12-02 07:35:12,128 - SinkIdentifier - INFO - [libcommon.so] Loaded successfully with 8 items.
2025-12-02 07:35:12,129 - SinkIdentifier - INFO - [libpthread.so.0] Loaded successfully with 0 items.
2025-12-02 07:35:12,129 - SinkIdentifier - INFO - [libm.so.0] Loaded successfully with 0 items.
2025-12-02 07:35:12,129 - SinkIdentifier - INFO - [libucapi.so] Loaded successfully with 0 items.
2025-12-02 07:35:12,129 - SinkIdentifier - INFO - [libtpi.so] Loaded successfully with 0 items.
2025-12-02 07:35:12,129 - SinkIdentifier - INFO - [libgcc_s.so.1] Loaded successfully with 0 items.
2025-12-02 07:35:12,130 - SinkIdentifier - INFO - [httpd] Loaded successfully with 0 items.
2025-12-02 07:35:39,005 - SinkIdentifier - INFO - libvos_util.so: 0 items loaded.
2025-12-02 07:35:39,007 - SinkIdentifier - INFO - libChipApi.so: 1 items loaded.
2025-12-02 07:35:39,007 - SinkIdentifier - INFO - libCfm.so: 0 items loaded.
2025-12-02 07:35:39,007 - SinkIdentifier - INFO - libcommon.so: 8 items loaded.
2025-12-02 07:35:39,007 - SinkIdentifier - INFO - libpthread.so.0: 0 items loaded.
2025-12-02 07:35:39,008 - SinkIdentifier - INFO - libm.so.0: 0 items loaded.
2025-12-02 07:35:39,008 - SinkIdentifier - INFO - libucapi.so: 0 items loaded.
2025-12-02 07:35:39,008 - SinkIdentifier - INFO - libtpi.so: 0 items loaded.
2025-12-02 07:35:39,009 - SinkIdentifier - INFO - libgcc_s.so.1: 0 items loaded.
2025-12-02 07:35:39,009 - SinkIdentifier - INFO - httpd: 0 items loaded.
2025-12-02 07:36:39,839 - SinkIdentifier - INFO - Skipping libCfm.so: already exists in database.
2025-12-02 07:36:39,839 - SinkIdentifier - INFO - Skipping libcommon.so: already exists in database.
2025-12-02 07:36:39,839 - SinkIdentifier - INFO - Skipping libChipApi.so: already exists in database.
2025-12-02 07:36:39,840 - SinkIdentifier - INFO - Skipping libvos_util.so: already exists in database.
2025-12-02 07:36:39,840 - SinkIdentifier - INFO - Skipping libpthread.so.0: already exists in database.
2025-12-02 07:36:39,840 - SinkIdentifier - INFO - Skipping libtpi.so: already exists in database.
2025-12-02 07:36:39,840 - SinkIdentifier - INFO - Skipping libm.so.0: already exists in database.
2025-12-02 07:36:39,841 - SinkIdentifier - INFO - Skipping libucapi.so: already exists in database.
2025-12-02 07:36:39,841 - SinkIdentifier - INFO - Skipping libgcc_s.so.1: already exists in database.
2025-12-02 07:36:39,841 - SinkIdentifier - INFO - Skipping httpd: already exists in database.
2025-12-02 07:36:39,846 - SinkIdentifier - INFO - [libvos_util.so] Loaded successfully with 0 items.
2025-12-02 07:36:39,846 - SinkIdentifier - INFO - [libChipApi.so] Loaded successfully with 1 items.
2025-12-02 07:36:39,847 - SinkIdentifier - INFO - [libCfm.so] Loaded successfully with 0 items.
2025-12-02 07:36:39,847 - SinkIdentifier - INFO - [libcommon.so] Loaded successfully with 8 items.
2025-12-02 07:36:39,847 - SinkIdentifier - INFO - [libpthread.so.0] Loaded successfully with 0 items.
2025-12-02 07:36:39,848 - SinkIdentifier - INFO - [libm.so.0] Loaded successfully with 0 items.
2025-12-02 07:36:39,848 - SinkIdentifier - INFO - [libucapi.so] Loaded successfully with 0 items.
2025-12-02 07:36:39,848 - SinkIdentifier - INFO - [libtpi.so] Loaded successfully with 0 items.
2025-12-02 07:36:39,848 - SinkIdentifier - INFO - [libgcc_s.so.1] Loaded successfully with 0 items.
2025-12-02 07:36:39,849 - SinkIdentifier - INFO - [httpd] Loaded successfully with 0 items.
2025-12-02 07:37:01,492 - SinkIdentifier - INFO - libvos_util.so: 0 items loaded.
2025-12-02 07:37:01,493 - SinkIdentifier - INFO - libChipApi.so: 1 items loaded.
2025-12-02 07:37:01,493 - SinkIdentifier - INFO - libCfm.so: 0 items loaded.
2025-12-02 07:37:01,494 - SinkIdentifier - INFO - libcommon.so: 8 items loaded.
2025-12-02 07:37:01,494 - SinkIdentifier - INFO - libpthread.so.0: 0 items loaded.
2025-12-02 07:37:01,494 - SinkIdentifier - INFO - libm.so.0: 0 items loaded.
2025-12-02 07:37:01,494 - SinkIdentifier - INFO - libucapi.so: 0 items loaded.
2025-12-02 07:37:01,495 - SinkIdentifier - INFO - libtpi.so: 0 items loaded.
2025-12-02 07:37:01,495 - SinkIdentifier - INFO - libgcc_s.so.1: 0 items loaded.
2025-12-02 07:37:01,495 - SinkIdentifier - INFO - httpd: 0 items loaded.
2025-12-02 07:37:27,502 - SinkIdentifier - INFO - Skipping libCfm.so: already exists in database.
2025-12-02 07:37:27,502 - SinkIdentifier - INFO - Skipping libcommon.so: already exists in database.
2025-12-02 07:37:27,503 - SinkIdentifier - INFO - Skipping libChipApi.so: already exists in database.
2025-12-02 07:37:27,503 - SinkIdentifier - INFO - Skipping libvos_util.so: already exists in database.
2025-12-02 07:37:27,503 - SinkIdentifier - INFO - Skipping libpthread.so.0: already exists in database.
2025-12-02 07:37:27,503 - SinkIdentifier - INFO - Skipping libtpi.so: already exists in database.
2025-12-02 07:37:27,504 - SinkIdentifier - INFO - Skipping libm.so.0: already exists in database.
2025-12-02 07:37:27,504 - SinkIdentifier - INFO - Skipping libucapi.so: already exists in database.
2025-12-02 07:37:27,504 - SinkIdentifier - INFO - Skipping libgcc_s.so.1: already exists in database.
2025-12-02 07:37:27,504 - SinkIdentifier - INFO - Skipping httpd: already exists in database.
2025-12-02 07:37:27,508 - SinkIdentifier - INFO - [libvos_util.so] Loaded successfully with 0 items.
2025-12-02 07:37:27,509 - SinkIdentifier - INFO - [libChipApi.so] Loaded successfully with 1 items.
2025-12-02 07:37:27,510 - SinkIdentifier - INFO - [libCfm.so] Loaded successfully with 0 items.
2025-12-02 07:37:27,510 - SinkIdentifier - INFO - [libcommon.so] Loaded successfully with 8 items.
2025-12-02 07:37:27,511 - SinkIdentifier - INFO - [libpthread.so.0] Loaded successfully with 0 items.
2025-12-02 07:37:27,511 - SinkIdentifier - INFO - [libm.so.0] Loaded successfully with 0 items.
2025-12-02 07:37:27,511 - SinkIdentifier - INFO - [libucapi.so] Loaded successfully with 0 items.
2025-12-02 07:37:27,511 - SinkIdentifier - INFO - [libtpi.so] Loaded successfully with 0 items.
2025-12-02 07:37:27,512 - SinkIdentifier - INFO - [libgcc_s.so.1] Loaded successfully with 0 items.
2025-12-02 07:37:27,512 - SinkIdentifier - INFO - [httpd] Loaded successfully with 0 items.
2025-12-02 07:37:49,121 - SinkIdentifier - INFO - Skipping libCfm.so: already exists in database.
2025-12-02 07:37:49,121 - SinkIdentifier - INFO - Skipping libcommon.so: already exists in database.
2025-12-02 07:37:49,122 - SinkIdentifier - INFO - Skipping libChipApi.so: already exists in database.
2025-12-02 07:37:49,122 - SinkIdentifier - INFO - Skipping libvos_util.so: already exists in database.
2025-12-02 07:37:49,122 - SinkIdentifier - INFO - Skipping libpthread.so.0: already exists in database.
2025-12-02 07:37:49,123 - SinkIdentifier - INFO - Skipping libtpi.so: already exists in database.
2025-12-02 07:37:49,124 - SinkIdentifier - INFO - Skipping libm.so.0: already exists in database.
2025-12-02 07:37:49,124 - SinkIdentifier - INFO - Skipping libucapi.so: already exists in database.
2025-12-02 07:37:49,126 - SinkIdentifier - INFO - Skipping libgcc_s.so.1: already exists in database.
2025-12-02 07:37:49,126 - SinkIdentifier - INFO - Skipping httpd: already exists in database.
2025-12-02 07:37:49,130 - SinkIdentifier - INFO - [libvos_util.so] Loaded successfully with 0 items.
2025-12-02 07:37:49,131 - SinkIdentifier - INFO - [libChipApi.so] Loaded successfully with 1 items.
2025-12-02 07:37:49,131 - SinkIdentifier - INFO - [libCfm.so] Loaded successfully with 0 items.
2025-12-02 07:37:49,133 - SinkIdentifier - INFO - [libcommon.so] Loaded successfully with 8 items.
2025-12-02 07:37:49,133 - SinkIdentifier - INFO - [libpthread.so.0] Loaded successfully with 0 items.
2025-12-02 07:37:49,134 - SinkIdentifier - INFO - [libm.so.0] Loaded successfully with 0 items.
2025-12-02 07:37:49,134 - SinkIdentifier - INFO - [libucapi.so] Loaded successfully with 0 items.
2025-12-02 07:37:49,134 - SinkIdentifier - INFO - [libtpi.so] Loaded successfully with 0 items.
2025-12-02 07:37:49,135 - SinkIdentifier - INFO - [libgcc_s.so.1] Loaded successfully with 0 items.
2025-12-02 07:37:49,135 - SinkIdentifier - INFO - [httpd] Loaded successfully with 0 items.
2025-12-02 07:38:13,898 - SinkIdentifier - INFO - libvos_util.so: 0 items loaded.
2025-12-02 07:38:13,899 - SinkIdentifier - INFO - libChipApi.so: 1 items loaded.
2025-12-02 07:38:13,899 - SinkIdentifier - INFO - libCfm.so: 0 items loaded.
2025-12-02 07:38:13,899 - SinkIdentifier - INFO - libcommon.so: 8 items loaded.
2025-12-02 07:38:13,900 - SinkIdentifier - INFO - libpthread.so.0: 0 items loaded.
2025-12-02 07:38:13,900 - SinkIdentifier - INFO - libm.so.0: 0 items loaded.
2025-12-02 07:38:13,900 - SinkIdentifier - INFO - libucapi.so: 0 items loaded.
2025-12-02 07:38:13,900 - SinkIdentifier - INFO - libtpi.so: 0 items loaded.
2025-12-02 07:38:13,900 - SinkIdentifier - INFO - libgcc_s.so.1: 0 items loaded.
2025-12-02 07:38:13,901 - SinkIdentifier - INFO - httpd: 0 items loaded.
2025-12-02 07:39:35,681 - SinkIdentifier - INFO - Skipping libCfm.so: already exists in database.
2025-12-02 07:39:35,681 - SinkIdentifier - INFO - Skipping libcommon.so: already exists in database.
2025-12-02 07:39:35,681 - SinkIdentifier - INFO - Skipping libChipApi.so: already exists in database.
2025-12-02 07:39:35,682 - SinkIdentifier - INFO - Skipping libvos_util.so: already exists in database.
2025-12-02 07:39:35,682 - SinkIdentifier - INFO - Skipping libpthread.so.0: already exists in database.
2025-12-02 07:39:35,682 - SinkIdentifier - INFO - Skipping libtpi.so: already exists in database.
2025-12-02 07:39:35,682 - SinkIdentifier - INFO - Skipping libm.so.0: already exists in database.
2025-12-02 07:39:35,682 - SinkIdentifier - INFO - Skipping libucapi.so: already exists in database.
2025-12-02 07:39:35,682 - SinkIdentifier - INFO - Skipping libgcc_s.so.1: already exists in database.
2025-12-02 07:39:35,683 - SinkIdentifier - INFO - Skipping httpd: already exists in database.
2025-12-02 07:39:35,685 - SinkIdentifier - INFO - [libvos_util.so] Loaded successfully with 0 items.
2025-12-02 07:39:35,685 - SinkIdentifier - INFO - [libChipApi.so] Loaded successfully with 1 items.
2025-12-02 07:39:35,686 - SinkIdentifier - INFO - [libCfm.so] Loaded successfully with 0 items.
2025-12-02 07:39:35,686 - SinkIdentifier - INFO - [libcommon.so] Loaded successfully with 8 items.
2025-12-02 07:39:35,686 - SinkIdentifier - INFO - [libpthread.so.0] Loaded successfully with 0 items.
2025-12-02 07:39:35,686 - SinkIdentifier - INFO - [libm.so.0] Loaded successfully with 0 items.
2025-12-02 07:39:35,686 - SinkIdentifier - INFO - [libucapi.so] Loaded successfully with 0 items.
2025-12-02 07:39:35,687 - SinkIdentifier - INFO - [libtpi.so] Loaded successfully with 0 items.
2025-12-02 07:39:35,687 - SinkIdentifier - INFO - [libgcc_s.so.1] Loaded successfully with 0 items.
2025-12-02 07:39:35,687 - SinkIdentifier - INFO - [httpd] Loaded successfully with 0 items.
2025-12-02 07:39:57,747 - SinkIdentifier - INFO - libvos_util.so: 0 items loaded.
2025-12-02 07:39:57,747 - SinkIdentifier - INFO - libChipApi.so: 1 items loaded.
2025-12-02 07:39:57,747 - SinkIdentifier - INFO - libCfm.so: 0 items loaded.
2025-12-02 07:39:57,747 - SinkIdentifier - INFO - libcommon.so: 8 items loaded.
2025-12-02 07:39:57,747 - SinkIdentifier - INFO - libpthread.so.0: 0 items loaded.
2025-12-02 07:39:57,748 - SinkIdentifier - INFO - libm.so.0: 0 items loaded.
2025-12-02 07:39:57,748 - SinkIdentifier - INFO - libucapi.so: 0 items loaded.
2025-12-02 07:39:57,748 - SinkIdentifier - INFO - libtpi.so: 0 items loaded.
2025-12-02 07:39:57,749 - SinkIdentifier - INFO - libgcc_s.so.1: 0 items loaded.
2025-12-02 07:39:57,749 - SinkIdentifier - INFO - httpd: 0 items loaded.
2025-12-02 07:41:37,799 - SinkIdentifier - INFO - Skipping libCfm.so: already exists in database.
2025-12-02 07:41:37,799 - SinkIdentifier - INFO - Skipping libcommon.so: already exists in database.
2025-12-02 07:41:37,799 - SinkIdentifier - INFO - Skipping libChipApi.so: already exists in database.
2025-12-02 07:41:37,800 - SinkIdentifier - INFO - Skipping libvos_util.so: already exists in database.
2025-12-02 07:41:37,800 - SinkIdentifier - INFO - Skipping libpthread.so.0: already exists in database.
2025-12-02 07:41:37,800 - SinkIdentifier - INFO - Skipping libtpi.so: already exists in database.
2025-12-02 07:41:37,800 - SinkIdentifier - INFO - Skipping libm.so.0: already exists in database.
2025-12-02 07:41:37,801 - SinkIdentifier - INFO - Skipping libucapi.so: already exists in database.
2025-12-02 07:41:37,801 - SinkIdentifier - INFO - Skipping libgcc_s.so.1: already exists in database.
2025-12-02 07:41:37,801 - SinkIdentifier - INFO - Skipping httpd: already exists in database.
2025-12-02 07:41:37,805 - SinkIdentifier - INFO - [libvos_util.so] Loaded successfully with 0 items.
2025-12-02 07:41:37,806 - SinkIdentifier - INFO - [libChipApi.so] Loaded successfully with 1 items.
2025-12-02 07:41:37,806 - SinkIdentifier - INFO - [libCfm.so] Loaded successfully with 0 items.
2025-12-02 07:41:37,806 - SinkIdentifier - INFO - [libcommon.so] Loaded successfully with 8 items.
2025-12-02 07:41:37,807 - SinkIdentifier - INFO - [libpthread.so.0] Loaded successfully with 0 items.
2025-12-02 07:41:37,807 - SinkIdentifier - INFO - [libm.so.0] Loaded successfully with 0 items.
2025-12-02 07:41:37,807 - SinkIdentifier - INFO - [libucapi.so] Loaded successfully with 0 items.
2025-12-02 07:41:37,807 - SinkIdentifier - INFO - [libtpi.so] Loaded successfully with 0 items.
2025-12-02 07:41:37,808 - SinkIdentifier - INFO - [libgcc_s.so.1] Loaded successfully with 0 items.
2025-12-02 07:41:37,808 - SinkIdentifier - INFO - [httpd] Loaded successfully with 0 items.
2025-12-02 07:42:03,660 - SinkIdentifier - INFO - libvos_util.so: 0 items loaded.
2025-12-02 07:42:03,660 - SinkIdentifier - INFO - libChipApi.so: 1 items loaded.
2025-12-02 07:42:03,660 - SinkIdentifier - INFO - libCfm.so: 0 items loaded.
2025-12-02 07:42:03,660 - SinkIdentifier - INFO - libcommon.so: 8 items loaded.
2025-12-02 07:42:03,660 - SinkIdentifier - INFO - libpthread.so.0: 0 items loaded.
2025-12-02 07:42:03,661 - SinkIdentifier - INFO - libm.so.0: 0 items loaded.
2025-12-02 07:42:03,661 - SinkIdentifier - INFO - libucapi.so: 0 items loaded.
2025-12-02 07:42:03,661 - SinkIdentifier - INFO - libtpi.so: 0 items loaded.
2025-12-02 07:42:03,661 - SinkIdentifier - INFO - libgcc_s.so.1: 0 items loaded.
2025-12-02 07:42:03,661 - SinkIdentifier - INFO - httpd: 0 items loaded.
2025-12-02 07:42:34,967 - SinkIdentifier - INFO - Skipping libCfm.so: already exists in database.
2025-12-02 07:42:34,967 - SinkIdentifier - INFO - Skipping libcommon.so: already exists in database.
2025-12-02 07:42:34,967 - SinkIdentifier - INFO - Skipping libChipApi.so: already exists in database.
2025-12-02 07:42:34,967 - SinkIdentifier - INFO - Skipping libvos_util.so: already exists in database.
2025-12-02 07:42:34,967 - SinkIdentifier - INFO - Skipping libpthread.so.0: already exists in database.
2025-12-02 07:42:34,968 - SinkIdentifier - INFO - Skipping libtpi.so: already exists in database.
2025-12-02 07:42:34,968 - SinkIdentifier - INFO - Skipping libm.so.0: already exists in database.
2025-12-02 07:42:34,968 - SinkIdentifier - INFO - Skipping libucapi.so: already exists in database.
2025-12-02 07:42:34,968 - SinkIdentifier - INFO - Skipping libgcc_s.so.1: already exists in database.
2025-12-02 07:42:34,968 - SinkIdentifier - INFO - Skipping httpd: already exists in database.
2025-12-02 07:42:34,972 - SinkIdentifier - INFO - [libvos_util.so] Loaded successfully with 0 items.
2025-12-02 07:42:34,972 - SinkIdentifier - INFO - [libChipApi.so] Loaded successfully with 1 items.
2025-12-02 07:42:34,973 - SinkIdentifier - INFO - [libCfm.so] Loaded successfully with 0 items.
2025-12-02 07:42:34,973 - SinkIdentifier - INFO - [libcommon.so] Loaded successfully with 8 items.
2025-12-02 07:42:34,973 - SinkIdentifier - INFO - [libpthread.so.0] Loaded successfully with 0 items.
2025-12-02 07:42:34,973 - SinkIdentifier - INFO - [libm.so.0] Loaded successfully with 0 items.
2025-12-02 07:42:34,973 - SinkIdentifier - INFO - [libucapi.so] Loaded successfully with 0 items.
2025-12-02 07:42:34,973 - SinkIdentifier - INFO - [libtpi.so] Loaded successfully with 0 items.
2025-12-02 07:42:34,974 - SinkIdentifier - INFO - [libgcc_s.so.1] Loaded successfully with 0 items.
2025-12-02 07:42:34,974 - SinkIdentifier - INFO - [httpd] Loaded successfully with 0 items.
2025-12-02 07:43:04,633 - SinkIdentifier - INFO - libvos_util.so: 0 items loaded.
2025-12-02 07:43:04,634 - SinkIdentifier - INFO - libChipApi.so: 1 items loaded.
2025-12-02 07:43:04,634 - SinkIdentifier - INFO - libCfm.so: 0 items loaded.
2025-12-02 07:43:04,634 - SinkIdentifier - INFO - libcommon.so: 8 items loaded.
2025-12-02 07:43:04,634 - SinkIdentifier - INFO - libpthread.so.0: 0 items loaded.
2025-12-02 07:43:04,634 - SinkIdentifier - INFO - libm.so.0: 0 items loaded.
2025-12-02 07:43:04,635 - SinkIdentifier - INFO - libucapi.so: 0 items loaded.
2025-12-02 07:43:04,636 - SinkIdentifier - INFO - libtpi.so: 0 items loaded.
2025-12-02 07:43:04,637 - SinkIdentifier - INFO - libgcc_s.so.1: 0 items loaded.
2025-12-02 07:43:04,637 - SinkIdentifier - INFO - httpd: 0 items loaded.
2025-12-02 07:44:50,394 - SinkIdentifier - INFO - [libcgic.so] Loaded successfully with 0 items.
2025-12-02 07:44:50,394 - SinkIdentifier - INFO - [libshare.so] Loaded successfully with 0 items.
2025-12-02 07:44:50,394 - SinkIdentifier - INFO - [libxmldbc.so] Loaded successfully with 0 items.
2025-12-02 07:44:50,395 - SinkIdentifier - INFO - [libmmf.so] Loaded successfully with 1 items.
2025-12-02 07:44:50,395 - SinkIdentifier - INFO - [libsecdownload.so] Loaded successfully with 0 items.
2025-12-02 07:44:50,395 - SinkIdentifier - INFO - [libwto.so] Loaded successfully with 2 items.
2025-12-02 07:44:50,395 - SinkIdentifier - INFO - [libsafe_system.so] Loaded successfully with 0 items.
2025-12-02 07:44:50,395 - SinkIdentifier - INFO - [photocenter_mgr.cgi] Loaded successfully with 0 items.
2025-12-02 07:45:00,638 - SinkIdentifier - INFO - libcgic.so: 0 items loaded.
2025-12-02 07:45:00,638 - SinkIdentifier - INFO - libshare.so: 0 items loaded.
2025-12-02 07:45:00,639 - SinkIdentifier - INFO - libxmldbc.so: 0 items loaded.
2025-12-02 07:45:00,639 - SinkIdentifier - INFO - libmmf.so: 1 items loaded.
2025-12-02 07:45:00,639 - SinkIdentifier - INFO - libsecdownload.so: 0 items loaded.
2025-12-02 07:45:00,640 - SinkIdentifier - INFO - libwto.so: 2 items loaded.
2025-12-02 07:45:00,640 - SinkIdentifier - INFO - libsafe_system.so: 0 items loaded.
2025-12-02 07:45:00,640 - SinkIdentifier - INFO - photocenter_mgr.cgi: 0 items loaded.
2025-12-02 07:46:21,803 - SinkIdentifier - INFO - Skipping libcgic.so: already exists in database.
2025-12-02 07:46:21,803 - SinkIdentifier - INFO - Skipping libshare.so: already exists in database.
2025-12-02 07:46:21,804 - SinkIdentifier - INFO - Skipping libxmldbc.so: already exists in database.
2025-12-02 07:46:21,804 - SinkIdentifier - INFO - Skipping libmmf.so: already exists in database.
2025-12-02 07:46:21,804 - SinkIdentifier - INFO - Skipping libwto.so: already exists in database.
2025-12-02 07:46:21,804 - SinkIdentifier - INFO - Skipping libsecdownload.so: already exists in database.
2025-12-02 07:46:21,805 - SinkIdentifier - INFO - Skipping libsafe_system.so: already exists in database.
2025-12-02 07:46:21,805 - SinkIdentifier - INFO - Skipping photocenter_mgr.cgi: already exists in database.
2025-12-02 07:46:21,808 - SinkIdentifier - INFO - [libcgic.so] Loaded successfully with 0 items.
2025-12-02 07:46:21,808 - SinkIdentifier - INFO - [libshare.so] Loaded successfully with 0 items.
2025-12-02 07:46:21,809 - SinkIdentifier - INFO - [libxmldbc.so] Loaded successfully with 0 items.
2025-12-02 07:46:21,809 - SinkIdentifier - INFO - [libmmf.so] Loaded successfully with 1 items.
2025-12-02 07:46:21,809 - SinkIdentifier - INFO - [libsecdownload.so] Loaded successfully with 0 items.
2025-12-02 07:46:21,809 - SinkIdentifier - INFO - [libwto.so] Loaded successfully with 2 items.
2025-12-02 07:46:21,809 - SinkIdentifier - INFO - [libsafe_system.so] Loaded successfully with 0 items.
2025-12-02 07:46:21,810 - SinkIdentifier - INFO - [photocenter_mgr.cgi] Loaded successfully with 0 items.
2025-12-02 07:46:27,650 - SinkIdentifier - INFO - libcgic.so: 0 items loaded.
2025-12-02 07:46:27,651 - SinkIdentifier - INFO - libshare.so: 0 items loaded.
2025-12-02 07:46:27,651 - SinkIdentifier - INFO - libxmldbc.so: 0 items loaded.
2025-12-02 07:46:27,651 - SinkIdentifier - INFO - libmmf.so: 1 items loaded.
2025-12-02 07:46:27,652 - SinkIdentifier - INFO - libsecdownload.so: 0 items loaded.
2025-12-02 07:46:27,652 - SinkIdentifier - INFO - libwto.so: 2 items loaded.
2025-12-02 07:46:27,652 - SinkIdentifier - INFO - libsafe_system.so: 0 items loaded.
2025-12-02 07:46:27,652 - SinkIdentifier - INFO - photocenter_mgr.cgi: 0 items loaded.
2025-12-02 07:47:04,925 - SinkIdentifier - INFO - Skipping libcgic.so: already exists in database.
2025-12-02 07:47:04,925 - SinkIdentifier - INFO - Skipping libshare.so: already exists in database.
2025-12-02 07:47:04,925 - SinkIdentifier - INFO - Skipping libxmldbc.so: already exists in database.
2025-12-02 07:47:04,925 - SinkIdentifier - INFO - Skipping libmmf.so: already exists in database.
2025-12-02 07:47:04,926 - SinkIdentifier - INFO - Skipping libwto.so: already exists in database.
2025-12-02 07:47:04,926 - SinkIdentifier - INFO - Skipping libsecdownload.so: already exists in database.
2025-12-02 07:47:04,926 - SinkIdentifier - INFO - Skipping libsafe_system.so: already exists in database.
2025-12-02 07:47:04,926 - SinkIdentifier - INFO - Skipping photocenter_mgr.cgi: already exists in database.
2025-12-02 07:47:04,929 - SinkIdentifier - INFO - [libcgic.so] Loaded successfully with 0 items.
2025-12-02 07:47:04,930 - SinkIdentifier - INFO - [libshare.so] Loaded successfully with 0 items.
2025-12-02 07:47:04,930 - SinkIdentifier - INFO - [libxmldbc.so] Loaded successfully with 0 items.
2025-12-02 07:47:04,930 - SinkIdentifier - INFO - [libmmf.so] Loaded successfully with 1 items.
2025-12-02 07:47:04,930 - SinkIdentifier - INFO - [libsecdownload.so] Loaded successfully with 0 items.
2025-12-02 07:47:04,930 - SinkIdentifier - INFO - [libwto.so] Loaded successfully with 2 items.
2025-12-02 07:47:04,931 - SinkIdentifier - INFO - [libsafe_system.so] Loaded successfully with 0 items.
2025-12-02 07:47:04,931 - SinkIdentifier - INFO - [photocenter_mgr.cgi] Loaded successfully with 0 items.
2025-12-02 07:48:09,463 - SinkIdentifier - INFO - libcgic.so: 0 items loaded.
2025-12-02 07:48:09,464 - SinkIdentifier - INFO - libshare.so: 0 items loaded.
2025-12-02 07:48:09,464 - SinkIdentifier - INFO - libxmldbc.so: 0 items loaded.
2025-12-02 07:48:09,464 - SinkIdentifier - INFO - libmmf.so: 1 items loaded.
2025-12-02 07:48:09,464 - SinkIdentifier - INFO - libsecdownload.so: 0 items loaded.
2025-12-02 07:48:09,464 - SinkIdentifier - INFO - libwto.so: 2 items loaded.
2025-12-02 07:48:09,465 - SinkIdentifier - INFO - libsafe_system.so: 0 items loaded.
2025-12-02 07:48:09,465 - SinkIdentifier - INFO - photocenter_mgr.cgi: 0 items loaded.
2025-12-02 07:48:34,385 - SinkIdentifier - INFO - Skipping libcgic.so: already exists in database.
2025-12-02 07:48:34,385 - SinkIdentifier - INFO - Skipping libshare.so: already exists in database.
2025-12-02 07:48:34,385 - SinkIdentifier - INFO - Skipping libxmldbc.so: already exists in database.
2025-12-02 07:48:34,385 - SinkIdentifier - INFO - Skipping libmmf.so: already exists in database.
2025-12-02 07:48:34,386 - SinkIdentifier - INFO - Skipping libwto.so: already exists in database.
2025-12-02 07:48:34,386 - SinkIdentifier - INFO - Skipping libsecdownload.so: already exists in database.
2025-12-02 07:48:34,386 - SinkIdentifier - INFO - Skipping libsafe_system.so: already exists in database.
2025-12-02 07:48:34,386 - SinkIdentifier - INFO - Skipping photocenter_mgr.cgi: already exists in database.
2025-12-02 07:48:34,389 - SinkIdentifier - INFO - [libcgic.so] Loaded successfully with 0 items.
2025-12-02 07:48:34,389 - SinkIdentifier - INFO - [libshare.so] Loaded successfully with 0 items.
2025-12-02 07:48:34,390 - SinkIdentifier - INFO - [libxmldbc.so] Loaded successfully with 0 items.
2025-12-02 07:48:34,390 - SinkIdentifier - INFO - [libmmf.so] Loaded successfully with 1 items.
2025-12-02 07:48:34,390 - SinkIdentifier - INFO - [libsecdownload.so] Loaded successfully with 0 items.
2025-12-02 07:48:34,390 - SinkIdentifier - INFO - [libwto.so] Loaded successfully with 2 items.
2025-12-02 07:48:34,390 - SinkIdentifier - INFO - [libsafe_system.so] Loaded successfully with 0 items.
2025-12-02 07:48:34,390 - SinkIdentifier - INFO - [photocenter_mgr.cgi] Loaded successfully with 0 items.
2025-12-02 07:48:47,780 - SinkIdentifier - INFO - libcgic.so: 0 items loaded.
2025-12-02 07:48:47,781 - SinkIdentifier - INFO - libshare.so: 0 items loaded.
2025-12-02 07:48:47,781 - SinkIdentifier - INFO - libxmldbc.so: 0 items loaded.
2025-12-02 07:48:47,782 - SinkIdentifier - INFO - libmmf.so: 1 items loaded.
2025-12-02 07:48:47,782 - SinkIdentifier - INFO - libsecdownload.so: 0 items loaded.
2025-12-02 07:48:47,782 - SinkIdentifier - INFO - libwto.so: 2 items loaded.
2025-12-02 07:48:47,782 - SinkIdentifier - INFO - libsafe_system.so: 0 items loaded.
2025-12-02 07:48:47,782 - SinkIdentifier - INFO - photocenter_mgr.cgi: 0 items loaded.
2025-12-02 07:49:48,909 - SinkIdentifier - INFO - Skipping libnvram.so: already exists in database.
2025-12-02 07:49:48,909 - SinkIdentifier - INFO - Skipping libshared.so: already exists in database.
2025-12-02 07:50:31,685 - SinkIdentifier - INFO - [libnvram.so] Loaded successfully with 19 items.
2025-12-02 07:50:31,686 - SinkIdentifier - INFO - [libshared.so] Loaded successfully with 116 items.
2025-12-02 07:50:31,687 - SinkIdentifier - INFO - [jhttpd] Loaded successfully with 0 items.
2025-12-02 22:35:55,844 - SinkIdentifier - INFO - Skipping libcommon.so: already exists in database.
2025-12-02 22:35:55,844 - SinkIdentifier - INFO - Skipping libm.so.0: already exists in database.
2025-12-02 22:35:55,845 - SinkIdentifier - INFO - Skipping libz.so: already exists in database.
2025-12-02 22:35:55,845 - SinkIdentifier - INFO - Skipping libpthread.so.0: already exists in database.
2025-12-02 22:35:55,845 - SinkIdentifier - INFO - Skipping libgcc_s.so.1: already exists in database.
2025-12-02 22:35:55,846 - SinkIdentifier - INFO - Skipping libcommonprod.so: already exists in database.
2025-12-02 22:35:55,846 - SinkIdentifier - INFO - Skipping libucapi.so: already exists in database.
2025-12-02 22:37:19,302 - SinkIdentifier - INFO - [libz.so] Loaded successfully with 0 items.
2025-12-02 22:37:19,302 - SinkIdentifier - INFO - [libpthread.so.0] Loaded successfully with 0 items.
2025-12-02 22:37:19,302 - SinkIdentifier - INFO - [libm.so.0] Loaded successfully with 0 items.
2025-12-02 22:37:19,302 - SinkIdentifier - INFO - [libcommon.so] Loaded successfully with 5 items.
2025-12-02 22:37:19,303 - SinkIdentifier - INFO - [libcommonprod.so] Loaded successfully with 0 items.
2025-12-02 22:37:19,303 - SinkIdentifier - INFO - [libgcc_s.so.1] Loaded successfully with 0 items.
2025-12-02 22:37:19,303 - SinkIdentifier - INFO - [libucapi.so] Loaded successfully with 0 items.
2025-12-02 22:37:19,303 - SinkIdentifier - INFO - [httpd] Loaded successfully with 0 items.
2025-12-02 22:38:54,637 - SinkIdentifier - INFO - libz.so: 0 items loaded.
2025-12-02 22:38:54,637 - SinkIdentifier - INFO - libpthread.so.0: 0 items loaded.
2025-12-02 22:38:54,638 - SinkIdentifier - INFO - libm.so.0: 0 items loaded.
2025-12-02 22:38:54,638 - SinkIdentifier - INFO - libcommon.so: 5 items loaded.
2025-12-02 22:38:54,638 - SinkIdentifier - INFO - libcommonprod.so: 0 items loaded.
2025-12-02 22:38:54,638 - SinkIdentifier - INFO - libgcc_s.so.1: 0 items loaded.
2025-12-02 22:38:54,638 - SinkIdentifier - INFO - libucapi.so: 0 items loaded.
2025-12-02 22:38:54,639 - SinkIdentifier - INFO - httpd: 0 items loaded.
2025-12-02 22:40:52,559 - SinkIdentifier - INFO - Skipping libcommon.so: already exists in database.
2025-12-02 22:40:52,560 - SinkIdentifier - INFO - Skipping libm.so.0: already exists in database.
2025-12-02 22:40:52,560 - SinkIdentifier - INFO - Skipping libz.so: already exists in database.
2025-12-02 22:40:52,560 - SinkIdentifier - INFO - Skipping libpthread.so.0: already exists in database.
2025-12-02 22:40:52,560 - SinkIdentifier - INFO - Skipping libgcc_s.so.1: already exists in database.
2025-12-02 22:40:52,560 - SinkIdentifier - INFO - Skipping libcommonprod.so: already exists in database.
2025-12-02 22:40:52,561 - SinkIdentifier - INFO - Skipping libucapi.so: already exists in database.
2025-12-02 22:40:52,561 - SinkIdentifier - INFO - Skipping httpd: already exists in database.
2025-12-02 22:40:52,564 - SinkIdentifier - INFO - [libz.so] Loaded successfully with 0 items.
2025-12-02 22:40:52,564 - SinkIdentifier - INFO - [libpthread.so.0] Loaded successfully with 0 items.
2025-12-02 22:40:52,564 - SinkIdentifier - INFO - [libm.so.0] Loaded successfully with 0 items.
2025-12-02 22:40:52,565 - SinkIdentifier - INFO - [libcommon.so] Loaded successfully with 5 items.
2025-12-02 22:40:52,565 - SinkIdentifier - INFO - [libcommonprod.so] Loaded successfully with 0 items.
2025-12-02 22:40:52,565 - SinkIdentifier - INFO - [libgcc_s.so.1] Loaded successfully with 0 items.
2025-12-02 22:40:52,565 - SinkIdentifier - INFO - [libucapi.so] Loaded successfully with 0 items.
2025-12-02 22:40:52,565 - SinkIdentifier - INFO - [httpd] Loaded successfully with 0 items.
2025-12-02 22:41:07,462 - SinkIdentifier - INFO - libz.so: 0 items loaded.
2025-12-02 22:41:07,462 - SinkIdentifier - INFO - libpthread.so.0: 0 items loaded.
2025-12-02 22:41:07,462 - SinkIdentifier - INFO - libm.so.0: 0 items loaded.
2025-12-02 22:41:07,463 - SinkIdentifier - INFO - libcommon.so: 5 items loaded.
2025-12-02 22:41:07,463 - SinkIdentifier - INFO - libcommonprod.so: 0 items loaded.
2025-12-02 22:41:07,463 - SinkIdentifier - INFO - libgcc_s.so.1: 0 items loaded.
2025-12-02 22:41:07,463 - SinkIdentifier - INFO - libucapi.so: 0 items loaded.
2025-12-02 22:41:07,464 - SinkIdentifier - INFO - httpd: 0 items loaded.
2025-12-02 22:43:04,963 - SinkIdentifier - INFO - Skipping libcommon.so: already exists in database.
2025-12-02 22:43:04,963 - SinkIdentifier - INFO - Skipping libm.so.0: already exists in database.
2025-12-02 22:43:04,963 - SinkIdentifier - INFO - Skipping libz.so: already exists in database.
2025-12-02 22:43:04,963 - SinkIdentifier - INFO - Skipping libpthread.so.0: already exists in database.
2025-12-02 22:43:04,963 - SinkIdentifier - INFO - Skipping libgcc_s.so.1: already exists in database.
2025-12-02 22:43:04,964 - SinkIdentifier - INFO - Skipping libcommonprod.so: already exists in database.
2025-12-02 22:43:04,964 - SinkIdentifier - INFO - Skipping libucapi.so: already exists in database.
2025-12-02 22:43:04,964 - SinkIdentifier - INFO - Skipping httpd: already exists in database.
2025-12-02 22:43:04,967 - SinkIdentifier - INFO - [libz.so] Loaded successfully with 0 items.
2025-12-02 22:43:04,967 - SinkIdentifier - INFO - [libpthread.so.0] Loaded successfully with 0 items.
2025-12-02 22:43:04,967 - SinkIdentifier - INFO - [libm.so.0] Loaded successfully with 0 items.
2025-12-02 22:43:04,967 - SinkIdentifier - INFO - [libcommon.so] Loaded successfully with 5 items.
2025-12-02 22:43:04,967 - SinkIdentifier - INFO - [libcommonprod.so] Loaded successfully with 0 items.
2025-12-02 22:43:04,968 - SinkIdentifier - INFO - [libgcc_s.so.1] Loaded successfully with 0 items.
2025-12-02 22:43:04,968 - SinkIdentifier - INFO - [libucapi.so] Loaded successfully with 0 items.
2025-12-02 22:43:04,968 - SinkIdentifier - INFO - [httpd] Loaded successfully with 0 items.
2025-12-02 22:43:13,600 - SinkIdentifier - INFO - libz.so: 0 items loaded.
2025-12-02 22:43:13,600 - SinkIdentifier - INFO - libpthread.so.0: 0 items loaded.
2025-12-02 22:43:13,600 - SinkIdentifier - INFO - libm.so.0: 0 items loaded.
2025-12-02 22:43:13,600 - SinkIdentifier - INFO - libcommon.so: 5 items loaded.
2025-12-02 22:43:13,601 - SinkIdentifier - INFO - libcommonprod.so: 0 items loaded.
2025-12-02 22:43:13,601 - SinkIdentifier - INFO - libgcc_s.so.1: 0 items loaded.
2025-12-02 22:43:13,601 - SinkIdentifier - INFO - libucapi.so: 0 items loaded.
2025-12-02 22:43:13,601 - SinkIdentifier - INFO - httpd: 0 items loaded.
2025-12-02 22:43:50,866 - SinkIdentifier - INFO - Skipping libcommon.so: already exists in database.
2025-12-02 22:43:50,866 - SinkIdentifier - INFO - Skipping libm.so.0: already exists in database.
2025-12-02 22:43:50,866 - SinkIdentifier - INFO - Skipping libz.so: already exists in database.
2025-12-02 22:43:50,866 - SinkIdentifier - INFO - Skipping libpthread.so.0: already exists in database.
2025-12-02 22:43:50,867 - SinkIdentifier - INFO - Skipping libgcc_s.so.1: already exists in database.
2025-12-02 22:43:50,867 - SinkIdentifier - INFO - Skipping libcommonprod.so: already exists in database.
2025-12-02 22:43:50,867 - SinkIdentifier - INFO - Skipping libucapi.so: already exists in database.
2025-12-02 22:43:50,867 - SinkIdentifier - INFO - Skipping httpd: already exists in database.
2025-12-02 22:43:50,871 - SinkIdentifier - INFO - [libz.so] Loaded successfully with 0 items.
2025-12-02 22:43:50,872 - SinkIdentifier - INFO - [libpthread.so.0] Loaded successfully with 0 items.
2025-12-02 22:43:50,872 - SinkIdentifier - INFO - [libm.so.0] Loaded successfully with 0 items.
2025-12-02 22:43:50,872 - SinkIdentifier - INFO - [libcommon.so] Loaded successfully with 5 items.
2025-12-02 22:43:50,872 - SinkIdentifier - INFO - [libcommonprod.so] Loaded successfully with 0 items.
2025-12-02 22:43:50,873 - SinkIdentifier - INFO - [libgcc_s.so.1] Loaded successfully with 0 items.
2025-12-02 22:43:50,873 - SinkIdentifier - INFO - [libucapi.so] Loaded successfully with 0 items.
2025-12-02 22:43:50,873 - SinkIdentifier - INFO - [httpd] Loaded successfully with 0 items.
2025-12-02 22:43:56,884 - SinkIdentifier - INFO - libz.so: 0 items loaded.
2025-12-02 22:43:56,885 - SinkIdentifier - INFO - libpthread.so.0: 0 items loaded.
2025-12-02 22:43:56,885 - SinkIdentifier - INFO - libm.so.0: 0 items loaded.
2025-12-02 22:43:56,885 - SinkIdentifier - INFO - libcommon.so: 5 items loaded.
2025-12-02 22:43:56,885 - SinkIdentifier - INFO - libcommonprod.so: 0 items loaded.
2025-12-02 22:43:56,886 - SinkIdentifier - INFO - libgcc_s.so.1: 0 items loaded.
2025-12-02 22:43:56,886 - SinkIdentifier - INFO - libucapi.so: 0 items loaded.
2025-12-02 22:43:56,886 - SinkIdentifier - INFO - httpd: 0 items loaded.
2025-12-02 22:44:43,424 - SinkIdentifier - INFO - Skipping libcommon.so: already exists in database.
2025-12-02 22:44:43,425 - SinkIdentifier - INFO - Skipping libm.so.0: already exists in database.
2025-12-02 22:44:43,425 - SinkIdentifier - INFO - Skipping libz.so: already exists in database.
2025-12-02 22:44:43,425 - SinkIdentifier - INFO - Skipping libpthread.so.0: already exists in database.
2025-12-02 22:44:43,425 - SinkIdentifier - INFO - Skipping libgcc_s.so.1: already exists in database.
2025-12-02 22:44:43,425 - SinkIdentifier - INFO - Skipping libcommonprod.so: already exists in database.
2025-12-02 22:44:43,426 - SinkIdentifier - INFO - Skipping libucapi.so: already exists in database.
2025-12-02 22:44:43,426 - SinkIdentifier - INFO - Skipping httpd: already exists in database.
2025-12-02 22:44:43,429 - SinkIdentifier - INFO - [libz.so] Loaded successfully with 0 items.
2025-12-02 22:44:43,429 - SinkIdentifier - INFO - [libpthread.so.0] Loaded successfully with 0 items.
2025-12-02 22:44:43,429 - SinkIdentifier - INFO - [libm.so.0] Loaded successfully with 0 items.
2025-12-02 22:44:43,430 - SinkIdentifier - INFO - [libcommon.so] Loaded successfully with 5 items.
2025-12-02 22:44:43,430 - SinkIdentifier - INFO - [libcommonprod.so] Loaded successfully with 0 items.
2025-12-02 22:44:43,430 - SinkIdentifier - INFO - [libgcc_s.so.1] Loaded successfully with 0 items.
2025-12-02 22:44:43,430 - SinkIdentifier - INFO - [libucapi.so] Loaded successfully with 0 items.
2025-12-02 22:44:43,430 - SinkIdentifier - INFO - [httpd] Loaded successfully with 0 items.
2025-12-02 22:44:54,862 - SinkIdentifier - INFO - libz.so: 0 items loaded.
2025-12-02 22:44:54,863 - SinkIdentifier - INFO - libpthread.so.0: 0 items loaded.
2025-12-02 22:44:54,863 - SinkIdentifier - INFO - libm.so.0: 0 items loaded.
2025-12-02 22:44:54,863 - SinkIdentifier - INFO - libcommon.so: 5 items loaded.
2025-12-02 22:44:54,863 - SinkIdentifier - INFO - libcommonprod.so: 0 items loaded.
2025-12-02 22:44:54,863 - SinkIdentifier - INFO - libgcc_s.so.1: 0 items loaded.
2025-12-02 22:44:54,863 - SinkIdentifier - INFO - libucapi.so: 0 items loaded.
2025-12-02 22:44:54,863 - SinkIdentifier - INFO - httpd: 0 items loaded.
2025-12-03 01:10:43,278 - SinkIdentifier - INFO - [uhttpd] Loaded successfully with 0 items.
2025-12-03 01:10:43,279 - SinkIdentifier - INFO - uhttpd: 0 items loaded.
2025-12-03 01:23:31,561 - SinkIdentifier - INFO - Skipping libcgi.so.1: already exists in database.
2025-12-03 01:23:31,561 - SinkIdentifier - INFO - Skipping libcrypt.so.1: already exists in database.
2025-12-03 01:23:31,561 - SinkIdentifier - INFO - Skipping libuci.so.0.7: already exists in database.
2025-12-03 01:23:31,561 - SinkIdentifier - INFO - Skipping libjansson.so.0: already exists in database.
2025-12-03 01:23:31,562 - SinkIdentifier - INFO - Skipping libcrypto.so.1.0.0: already exists in database.
2025-12-03 01:23:31,562 - SinkIdentifier - INFO - Skipping libgcc_s.so.1: already exists in database.
2025-12-03 01:23:56,638 - SinkIdentifier - INFO - [libcgi.so.1] Loaded successfully with 0 items.
2025-12-03 01:23:56,639 - SinkIdentifier - INFO - [libjansson.so.0] Loaded successfully with 0 items.
2025-12-03 01:23:56,639 - SinkIdentifier - INFO - [libcrypt.so.1] Loaded successfully with 0 items.
2025-12-03 01:23:56,639 - SinkIdentifier - INFO - [libuci.so.0.7] Loaded successfully with 0 items.
2025-12-03 01:23:56,640 - SinkIdentifier - INFO - [libgcc_s.so.1] Loaded successfully with 0 items.
2025-12-03 01:23:56,640 - SinkIdentifier - INFO - [libcrypto.so.1.0.0] Loaded successfully with 0 items.
2025-12-03 01:23:56,640 - SinkIdentifier - INFO - [mainfunction.cgi] Loaded successfully with 0 items.
2025-12-03 01:23:56,641 - SinkIdentifier - INFO - libcgi.so.1: 0 items loaded.
2025-12-03 01:23:56,641 - SinkIdentifier - INFO - libjansson.so.0: 0 items loaded.
2025-12-03 01:23:56,642 - SinkIdentifier - INFO - libcrypt.so.1: 0 items loaded.
2025-12-03 01:23:56,642 - SinkIdentifier - INFO - libuci.so.0.7: 0 items loaded.
2025-12-03 01:23:56,642 - SinkIdentifier - INFO - libgcc_s.so.1: 0 items loaded.
2025-12-03 01:23:56,643 - SinkIdentifier - INFO - libcrypto.so.1.0.0: 0 items loaded.
2025-12-03 01:23:56,643 - SinkIdentifier - INFO - mainfunction.cgi: 0 items loaded.
2025-12-03 01:30:28,939 - SinkIdentifier - INFO - Skipping libnvram.so: already exists in database.
2025-12-03 01:30:28,939 - SinkIdentifier - INFO - Skipping libshared.so: already exists in database.
2025-12-03 01:30:28,939 - SinkIdentifier - INFO - Skipping jhttpd: already exists in database.
2025-12-03 01:30:28,943 - SinkIdentifier - INFO - [libnvram.so] Loaded successfully with 19 items.
2025-12-03 01:30:28,943 - SinkIdentifier - INFO - [libshared.so] Loaded successfully with 116 items.
2025-12-03 01:30:28,944 - SinkIdentifier - INFO - [jhttpd] Loaded successfully with 0 items.
2025-12-03 01:31:22,129 - SinkIdentifier - INFO - Skipping libucapi.so: already exists in database.
2025-12-03 01:31:22,129 - SinkIdentifier - INFO - Skipping libcms_msg.so: already exists in database.
2025-12-03 01:31:22,129 - SinkIdentifier - INFO - Skipping libkm.so: already exists in database.
2025-12-03 01:31:22,129 - SinkIdentifier - INFO - Skipping libcms_util.so: already exists in database.
2025-12-03 01:31:22,130 - SinkIdentifier - INFO - Skipping libbcm_flashutil.so: already exists in database.
2025-12-03 01:31:22,130 - SinkIdentifier - INFO - Skipping libcms_core.so: already exists in database.
2025-12-03 01:31:22,130 - SinkIdentifier - INFO - Skipping libdl.so.2: already exists in database.
2025-12-03 01:31:22,130 - SinkIdentifier - INFO - Skipping libnetctrl.so: already exists in database.
2025-12-03 01:31:22,130 - SinkIdentifier - INFO - Skipping libcfmd.so: already exists in database.
2025-12-03 01:31:22,130 - SinkIdentifier - INFO - Skipping libubus.so: already exists in database.
2025-12-03 01:31:22,130 - SinkIdentifier - INFO - Skipping libblobmsg_json.so: already exists in database.
2025-12-03 01:31:22,131 - SinkIdentifier - INFO - Skipping libubox.so: already exists in database.
2025-12-03 01:31:22,131 - SinkIdentifier - INFO - Skipping libpthread.so.0: already exists in database.
2025-12-03 01:31:22,131 - SinkIdentifier - INFO - Skipping tdhttpd: already exists in database.
2025-12-03 01:31:22,135 - SinkIdentifier - INFO - [libcms_msg.so] Loaded successfully with 0 items.
2025-12-03 01:31:22,136 - SinkIdentifier - INFO - [libkm.so] Loaded successfully with 0 items.
2025-12-03 01:31:22,136 - SinkIdentifier - INFO - [libcms_util.so] Loaded successfully with 0 items.
2025-12-03 01:31:22,136 - SinkIdentifier - INFO - [libucapi.so] Loaded successfully with 0 items.
2025-12-03 01:31:22,136 - SinkIdentifier - INFO - [libdl.so.2] Loaded successfully with 0 items.
2025-12-03 01:31:22,136 - SinkIdentifier - INFO - [libbcm_flashutil.so] Loaded successfully with 1 items.
2025-12-03 01:31:22,137 - SinkIdentifier - INFO - [libnetctrl.so] Loaded successfully with 9 items.
2025-12-03 01:31:22,137 - SinkIdentifier - INFO - [libcfmd.so] Loaded successfully with 0 items.
2025-12-03 01:31:22,137 - SinkIdentifier - INFO - [libubus.so] Loaded successfully with 0 items.
2025-12-03 01:31:22,137 - SinkIdentifier - INFO - [libblobmsg_json.so] Loaded successfully with 0 items.
2025-12-03 01:31:22,138 - SinkIdentifier - INFO - [libcms_core.so] Loaded successfully with 11 items.
2025-12-03 01:31:22,138 - SinkIdentifier - INFO - [libubox.so] Loaded successfully with 0 items.
2025-12-03 01:31:22,138 - SinkIdentifier - INFO - [libpthread.so.0] Loaded successfully with 0 items.
2025-12-03 01:31:22,138 - SinkIdentifier - INFO - [tdhttpd] Loaded successfully with 0 items.
2025-12-03 01:31:51,588 - SinkIdentifier - INFO - libcms_msg.so: 0 items loaded.
2025-12-03 01:31:51,589 - SinkIdentifier - INFO - libkm.so: 0 items loaded.
2025-12-03 01:31:51,589 - SinkIdentifier - INFO - libcms_util.so: 0 items loaded.
2025-12-03 01:31:51,589 - SinkIdentifier - INFO - libucapi.so: 0 items loaded.
2025-12-03 01:31:51,590 - SinkIdentifier - INFO - libdl.so.2: 0 items loaded.
2025-12-03 01:31:51,590 - SinkIdentifier - INFO - libbcm_flashutil.so: 1 items loaded.
2025-12-03 01:31:51,590 - SinkIdentifier - INFO - libnetctrl.so: 9 items loaded.
2025-12-03 01:31:51,590 - SinkIdentifier - INFO - libcfmd.so: 0 items loaded.
2025-12-03 01:31:51,591 - SinkIdentifier - INFO - libubus.so: 0 items loaded.
2025-12-03 01:31:51,591 - SinkIdentifier - INFO - libblobmsg_json.so: 0 items loaded.
2025-12-03 01:31:51,591 - SinkIdentifier - INFO - libcms_core.so: 11 items loaded.
2025-12-03 01:31:51,591 - SinkIdentifier - INFO - libubox.so: 0 items loaded.
2025-12-03 01:31:51,592 - SinkIdentifier - INFO - libpthread.so.0: 0 items loaded.
2025-12-03 01:31:51,592 - SinkIdentifier - INFO - tdhttpd: 0 items loaded.
2025-12-03 01:44:21,287 - SinkIdentifier - INFO - Skipping libucapi.so: already exists in database.
2025-12-03 01:44:21,287 - SinkIdentifier - INFO - Skipping libcms_msg.so: already exists in database.
2025-12-03 01:44:21,288 - SinkIdentifier - INFO - Skipping libkm.so: already exists in database.
2025-12-03 01:44:21,288 - SinkIdentifier - INFO - Skipping libcms_util.so: already exists in database.
2025-12-03 01:44:21,288 - SinkIdentifier - INFO - Skipping libbcm_flashutil.so: already exists in database.
2025-12-03 01:44:21,288 - SinkIdentifier - INFO - Skipping libcms_core.so: already exists in database.
2025-12-03 01:44:21,288 - SinkIdentifier - INFO - Skipping libdl.so.2: already exists in database.
2025-12-03 01:44:21,288 - SinkIdentifier - INFO - Skipping libnetctrl.so: already exists in database.
2025-12-03 01:44:21,288 - SinkIdentifier - INFO - Skipping libcfmd.so: already exists in database.
2025-12-03 01:44:21,289 - SinkIdentifier - INFO - Skipping libubus.so: already exists in database.
2025-12-03 01:44:21,289 - SinkIdentifier - INFO - Skipping libblobmsg_json.so: already exists in database.
2025-12-03 01:44:21,289 - SinkIdentifier - INFO - Skipping libubox.so: already exists in database.
2025-12-03 01:44:21,289 - SinkIdentifier - INFO - Skipping libpthread.so.0: already exists in database.
2025-12-03 01:44:21,289 - SinkIdentifier - INFO - Skipping tdhttpd: already exists in database.
2025-12-03 01:44:21,292 - SinkIdentifier - INFO - [libcms_msg.so] Loaded successfully with 0 items.
2025-12-03 01:44:21,292 - SinkIdentifier - INFO - [libkm.so] Loaded successfully with 0 items.
2025-12-03 01:44:21,293 - SinkIdentifier - INFO - [libcms_util.so] Loaded successfully with 0 items.
2025-12-03 01:44:21,293 - SinkIdentifier - INFO - [libucapi.so] Loaded successfully with 0 items.
2025-12-03 01:44:21,293 - SinkIdentifier - INFO - [libdl.so.2] Loaded successfully with 0 items.
2025-12-03 01:44:21,293 - SinkIdentifier - INFO - [libbcm_flashutil.so] Loaded successfully with 1 items.
2025-12-03 01:44:21,293 - SinkIdentifier - INFO - [libnetctrl.so] Loaded successfully with 9 items.
2025-12-03 01:44:21,294 - SinkIdentifier - INFO - [libcfmd.so] Loaded successfully with 0 items.
2025-12-03 01:44:21,294 - SinkIdentifier - INFO - [libubus.so] Loaded successfully with 0 items.
2025-12-03 01:44:21,294 - SinkIdentifier - INFO - [libblobmsg_json.so] Loaded successfully with 0 items.
2025-12-03 01:44:21,294 - SinkIdentifier - INFO - [libcms_core.so] Loaded successfully with 11 items.
2025-12-03 01:44:21,294 - SinkIdentifier - INFO - [libubox.so] Loaded successfully with 0 items.
2025-12-03 01:44:21,294 - SinkIdentifier - INFO - [libpthread.so.0] Loaded successfully with 0 items.
2025-12-03 01:44:21,295 - SinkIdentifier - INFO - [tdhttpd] Loaded successfully with 0 items.
2025-12-03 01:44:31,634 - SinkIdentifier - INFO - libcms_msg.so: 0 items loaded.
2025-12-03 01:44:31,634 - SinkIdentifier - INFO - libkm.so: 0 items loaded.
2025-12-03 01:44:31,635 - SinkIdentifier - INFO - libcms_util.so: 0 items loaded.
2025-12-03 01:44:31,635 - SinkIdentifier - INFO - libucapi.so: 0 items loaded.
2025-12-03 01:44:31,636 - SinkIdentifier - INFO - libdl.so.2: 0 items loaded.
2025-12-03 01:44:31,636 - SinkIdentifier - INFO - libbcm_flashutil.so: 1 items loaded.
2025-12-03 01:44:31,636 - SinkIdentifier - INFO - libnetctrl.so: 9 items loaded.
2025-12-03 01:44:31,636 - SinkIdentifier - INFO - libcfmd.so: 0 items loaded.
2025-12-03 01:44:31,636 - SinkIdentifier - INFO - libubus.so: 0 items loaded.
2025-12-03 01:44:31,637 - SinkIdentifier - INFO - libblobmsg_json.so: 0 items loaded.
2025-12-03 01:44:31,637 - SinkIdentifier - INFO - libcms_core.so: 11 items loaded.
2025-12-03 01:44:31,637 - SinkIdentifier - INFO - libubox.so: 0 items loaded.
2025-12-03 01:44:31,637 - SinkIdentifier - INFO - libpthread.so.0: 0 items loaded.
2025-12-03 01:44:31,637 - SinkIdentifier - INFO - tdhttpd: 0 items loaded.
2025-12-03 01:46:36,910 - SinkIdentifier - INFO - Skipping libucapi.so: already exists in database.
2025-12-03 01:46:36,910 - SinkIdentifier - INFO - Skipping libcms_msg.so: already exists in database.
2025-12-03 01:46:36,910 - SinkIdentifier - INFO - Skipping libkm.so: already exists in database.
2025-12-03 01:46:36,910 - SinkIdentifier - INFO - Skipping libcms_util.so: already exists in database.
2025-12-03 01:46:36,911 - SinkIdentifier - INFO - Skipping libbcm_flashutil.so: already exists in database.
2025-12-03 01:46:36,911 - SinkIdentifier - INFO - Skipping libcms_core.so: already exists in database.
2025-12-03 01:46:36,911 - SinkIdentifier - INFO - Skipping libdl.so.2: already exists in database.
2025-12-03 01:46:36,911 - SinkIdentifier - INFO - Skipping libnetctrl.so: already exists in database.
2025-12-03 01:46:36,911 - SinkIdentifier - INFO - Skipping libcfmd.so: already exists in database.
2025-12-03 01:46:36,911 - SinkIdentifier - INFO - Skipping libubus.so: already exists in database.
2025-12-03 01:46:36,911 - SinkIdentifier - INFO - Skipping libblobmsg_json.so: already exists in database.
2025-12-03 01:46:36,911 - SinkIdentifier - INFO - Skipping libubox.so: already exists in database.
2025-12-03 01:46:36,912 - SinkIdentifier - INFO - Skipping libpthread.so.0: already exists in database.
2025-12-03 01:46:36,912 - SinkIdentifier - INFO - Skipping tdhttpd: already exists in database.
2025-12-03 01:46:36,915 - SinkIdentifier - INFO - [libcms_msg.so] Loaded successfully with 0 items.
2025-12-03 01:46:36,915 - SinkIdentifier - INFO - [libkm.so] Loaded successfully with 0 items.
2025-12-03 01:46:36,915 - SinkIdentifier - INFO - [libcms_util.so] Loaded successfully with 0 items.
2025-12-03 01:46:36,915 - SinkIdentifier - INFO - [libucapi.so] Loaded successfully with 0 items.
2025-12-03 01:46:36,915 - SinkIdentifier - INFO - [libdl.so.2] Loaded successfully with 0 items.
2025-12-03 01:46:36,916 - SinkIdentifier - INFO - [libbcm_flashutil.so] Loaded successfully with 1 items.
2025-12-03 01:46:36,916 - SinkIdentifier - INFO - [libnetctrl.so] Loaded successfully with 9 items.
2025-12-03 01:46:36,916 - SinkIdentifier - INFO - [libcfmd.so] Loaded successfully with 0 items.
2025-12-03 01:46:36,916 - SinkIdentifier - INFO - [libubus.so] Loaded successfully with 0 items.
2025-12-03 01:46:36,916 - SinkIdentifier - INFO - [libblobmsg_json.so] Loaded successfully with 0 items.
2025-12-03 01:46:36,916 - SinkIdentifier - INFO - [libcms_core.so] Loaded successfully with 11 items.
2025-12-03 01:46:36,917 - SinkIdentifier - INFO - [libubox.so] Loaded successfully with 0 items.
2025-12-03 01:46:36,917 - SinkIdentifier - INFO - [libpthread.so.0] Loaded successfully with 0 items.
2025-12-03 01:46:36,918 - SinkIdentifier - INFO - [tdhttpd] Loaded successfully with 0 items.
2025-12-03 01:46:49,879 - SinkIdentifier - INFO - libcms_msg.so: 0 items loaded.
2025-12-03 01:46:49,879 - SinkIdentifier - INFO - libkm.so: 0 items loaded.
2025-12-03 01:46:49,879 - SinkIdentifier - INFO - libcms_util.so: 0 items loaded.
2025-12-03 01:46:49,880 - SinkIdentifier - INFO - libucapi.so: 0 items loaded.
2025-12-03 01:46:49,880 - SinkIdentifier - INFO - libdl.so.2: 0 items loaded.
2025-12-03 01:46:49,880 - SinkIdentifier - INFO - libbcm_flashutil.so: 1 items loaded.
2025-12-03 01:46:49,880 - SinkIdentifier - INFO - libnetctrl.so: 9 items loaded.
2025-12-03 01:46:49,881 - SinkIdentifier - INFO - libcfmd.so: 0 items loaded.
2025-12-03 01:46:49,881 - SinkIdentifier - INFO - libubus.so: 0 items loaded.
2025-12-03 01:46:49,882 - SinkIdentifier - INFO - libblobmsg_json.so: 0 items loaded.
2025-12-03 01:46:49,883 - SinkIdentifier - INFO - libcms_core.so: 11 items loaded.
2025-12-03 01:46:49,883 - SinkIdentifier - INFO - libubox.so: 0 items loaded.
2025-12-03 01:46:49,883 - SinkIdentifier - INFO - libpthread.so.0: 0 items loaded.
2025-12-03 01:46:49,883 - SinkIdentifier - INFO - tdhttpd: 0 items loaded.
2025-12-03 01:56:27,533 - SinkIdentifier - INFO - Skipping libucapi.so: already exists in database.
2025-12-03 01:56:27,533 - SinkIdentifier - INFO - Skipping libcms_msg.so: already exists in database.
2025-12-03 01:56:27,533 - SinkIdentifier - INFO - Skipping libkm.so: already exists in database.
2025-12-03 01:56:27,534 - SinkIdentifier - INFO - Skipping libcms_util.so: already exists in database.
2025-12-03 01:56:27,534 - SinkIdentifier - INFO - Skipping libbcm_flashutil.so: already exists in database.
2025-12-03 01:56:27,534 - SinkIdentifier - INFO - Skipping libcms_core.so: already exists in database.
2025-12-03 01:56:27,534 - SinkIdentifier - INFO - Skipping libdl.so.2: already exists in database.
2025-12-03 01:56:27,535 - SinkIdentifier - INFO - Skipping libnetctrl.so: already exists in database.
2025-12-03 01:56:27,535 - SinkIdentifier - INFO - Skipping libcfmd.so: already exists in database.
2025-12-03 01:56:27,535 - SinkIdentifier - INFO - Skipping libubus.so: already exists in database.
2025-12-03 01:56:27,535 - SinkIdentifier - INFO - Skipping libblobmsg_json.so: already exists in database.
2025-12-03 01:56:27,536 - SinkIdentifier - INFO - Skipping libubox.so: already exists in database.
2025-12-03 01:56:27,536 - SinkIdentifier - INFO - Skipping libpthread.so.0: already exists in database.
2025-12-03 01:56:27,536 - SinkIdentifier - INFO - Skipping tdhttpd: already exists in database.
2025-12-03 01:56:27,540 - SinkIdentifier - INFO - [libcms_msg.so] Loaded successfully with 0 items.
2025-12-03 01:56:27,540 - SinkIdentifier - INFO - [libkm.so] Loaded successfully with 0 items.
2025-12-03 01:56:27,541 - SinkIdentifier - INFO - [libcms_util.so] Loaded successfully with 0 items.
2025-12-03 01:56:27,541 - SinkIdentifier - INFO - [libucapi.so] Loaded successfully with 0 items.
2025-12-03 01:56:27,541 - SinkIdentifier - INFO - [libdl.so.2] Loaded successfully with 0 items.
2025-12-03 01:56:27,542 - SinkIdentifier - INFO - [libbcm_flashutil.so] Loaded successfully with 1 items.
2025-12-03 01:56:27,542 - SinkIdentifier - INFO - [libnetctrl.so] Loaded successfully with 9 items.
2025-12-03 01:56:27,542 - SinkIdentifier - INFO - [libcfmd.so] Loaded successfully with 0 items.
2025-12-03 01:56:27,543 - SinkIdentifier - INFO - [libubus.so] Loaded successfully with 0 items.
2025-12-03 01:56:27,543 - SinkIdentifier - INFO - [libblobmsg_json.so] Loaded successfully with 0 items.
2025-12-03 01:56:27,543 - SinkIdentifier - INFO - [libcms_core.so] Loaded successfully with 11 items.
2025-12-03 01:56:27,543 - SinkIdentifier - INFO - [libubox.so] Loaded successfully with 0 items.
2025-12-03 01:56:27,544 - SinkIdentifier - INFO - [libpthread.so.0] Loaded successfully with 0 items.
2025-12-03 01:56:27,544 - SinkIdentifier - INFO - [tdhttpd] Loaded successfully with 0 items.
2025-12-03 01:56:46,232 - SinkIdentifier - INFO - libcms_msg.so: 0 items loaded.
2025-12-03 01:56:46,233 - SinkIdentifier - INFO - libkm.so: 0 items loaded.
2025-12-03 01:56:46,233 - SinkIdentifier - INFO - libcms_util.so: 0 items loaded.
2025-12-03 01:56:46,233 - SinkIdentifier - INFO - libucapi.so: 0 items loaded.
2025-12-03 01:56:46,233 - SinkIdentifier - INFO - libdl.so.2: 0 items loaded.
2025-12-03 01:56:46,233 - SinkIdentifier - INFO - libbcm_flashutil.so: 1 items loaded.
2025-12-03 01:56:46,234 - SinkIdentifier - INFO - libnetctrl.so: 9 items loaded.
2025-12-03 01:56:46,234 - SinkIdentifier - INFO - libcfmd.so: 0 items loaded.
2025-12-03 01:56:46,234 - SinkIdentifier - INFO - libubus.so: 0 items loaded.
2025-12-03 01:56:46,234 - SinkIdentifier - INFO - libblobmsg_json.so: 0 items loaded.
2025-12-03 01:56:46,234 - SinkIdentifier - INFO - libcms_core.so: 11 items loaded.
2025-12-03 01:56:46,235 - SinkIdentifier - INFO - libubox.so: 0 items loaded.
2025-12-03 01:56:46,235 - SinkIdentifier - INFO - libpthread.so.0: 0 items loaded.
2025-12-03 01:56:46,235 - SinkIdentifier - INFO - tdhttpd: 0 items loaded.
2025-12-03 02:05:59,953 - SinkIdentifier - INFO - Skipping libcgic.so: already exists in database.
2025-12-03 02:05:59,953 - SinkIdentifier - INFO - Skipping libshare.so: already exists in database.
2025-12-03 02:05:59,954 - SinkIdentifier - INFO - Skipping libxmldbc.so: already exists in database.
2025-12-03 02:05:59,954 - SinkIdentifier - INFO - Skipping libmmf.so: already exists in database.
2025-12-03 02:05:59,954 - SinkIdentifier - INFO - Skipping libwto.so: already exists in database.
2025-12-03 02:05:59,955 - SinkIdentifier - INFO - Skipping libsecdownload.so: already exists in database.
2025-12-03 02:05:59,955 - SinkIdentifier - INFO - Skipping libsafe_system.so: already exists in database.
2025-12-03 02:05:59,955 - SinkIdentifier - INFO - Skipping photocenter_mgr.cgi: already exists in database.
2025-12-03 02:05:59,957 - SinkIdentifier - INFO - [libcgic.so] Loaded successfully with 0 items.
2025-12-03 02:05:59,958 - SinkIdentifier - INFO - [libshare.so] Loaded successfully with 0 items.
2025-12-03 02:05:59,958 - SinkIdentifier - INFO - [libxmldbc.so] Loaded successfully with 0 items.
2025-12-03 02:05:59,958 - SinkIdentifier - INFO - [libmmf.so] Loaded successfully with 1 items.
2025-12-03 02:05:59,958 - SinkIdentifier - INFO - [libsecdownload.so] Loaded successfully with 0 items.
2025-12-03 02:05:59,958 - SinkIdentifier - INFO - [libwto.so] Loaded successfully with 2 items.
2025-12-03 02:05:59,959 - SinkIdentifier - INFO - [libsafe_system.so] Loaded successfully with 0 items.
2025-12-03 02:05:59,959 - SinkIdentifier - INFO - [photocenter_mgr.cgi] Loaded successfully with 0 items.
2025-12-03 02:07:02,146 - SinkIdentifier - INFO - Skipping libCfm.so: already exists in database.
2025-12-03 02:07:02,146 - SinkIdentifier - INFO - Skipping libcommon.so: already exists in database.
2025-12-03 02:07:02,146 - SinkIdentifier - INFO - Skipping libChipApi.so: already exists in database.
2025-12-03 02:07:02,147 - SinkIdentifier - INFO - Skipping libvos_util.so: already exists in database.
2025-12-03 02:07:02,147 - SinkIdentifier - INFO - Skipping libpthread.so.0: already exists in database.
2025-12-03 02:07:02,147 - SinkIdentifier - INFO - Skipping libtpi.so: already exists in database.
2025-12-03 02:07:02,147 - SinkIdentifier - INFO - Skipping libm.so.0: already exists in database.
2025-12-03 02:07:02,147 - SinkIdentifier - INFO - Skipping libucapi.so: already exists in database.
2025-12-03 02:07:02,147 - SinkIdentifier - INFO - Skipping libgcc_s.so.1: already exists in database.
2025-12-03 02:07:02,148 - SinkIdentifier - INFO - Skipping httpd: already exists in database.
2025-12-03 02:07:02,151 - SinkIdentifier - INFO - [libvos_util.so] Loaded successfully with 0 items.
2025-12-03 02:07:02,152 - SinkIdentifier - INFO - [libChipApi.so] Loaded successfully with 1 items.
2025-12-03 02:07:02,152 - SinkIdentifier - INFO - [libCfm.so] Loaded successfully with 0 items.
2025-12-03 02:07:02,152 - SinkIdentifier - INFO - [libcommon.so] Loaded successfully with 8 items.
2025-12-03 02:07:02,152 - SinkIdentifier - INFO - [libpthread.so.0] Loaded successfully with 0 items.
2025-12-03 02:07:02,153 - SinkIdentifier - INFO - [libm.so.0] Loaded successfully with 0 items.
2025-12-03 02:07:02,153 - SinkIdentifier - INFO - [libucapi.so] Loaded successfully with 0 items.
2025-12-03 02:07:02,153 - SinkIdentifier - INFO - [libtpi.so] Loaded successfully with 0 items.
2025-12-03 02:07:02,153 - SinkIdentifier - INFO - [libgcc_s.so.1] Loaded successfully with 0 items.
2025-12-03 02:07:02,153 - SinkIdentifier - INFO - [httpd] Loaded successfully with 0 items.
2025-12-03 18:59:03,798 - SinkIdentifier - INFO - [goahead] Loaded successfully with 0 items.
2025-12-03 18:59:03,799 - SinkIdentifier - INFO - goahead: 0 items loaded.
2025-12-04 04:33:40,387 - SinkIdentifier - INFO - Skipping libCfm.so: already exists in database.
2025-12-04 04:33:40,388 - SinkIdentifier - INFO - Skipping libcommon.so: already exists in database.
2025-12-04 04:33:40,388 - SinkIdentifier - INFO - Skipping libChipApi.so: already exists in database.
2025-12-04 04:33:40,388 - SinkIdentifier - INFO - Skipping libvos_util.so: already exists in database.
2025-12-04 04:33:40,388 - SinkIdentifier - INFO - Skipping libpthread.so.0: already exists in database.
2025-12-04 04:33:40,388 - SinkIdentifier - INFO - Skipping libtpi.so: already exists in database.
2025-12-04 04:33:40,389 - SinkIdentifier - INFO - Skipping libm.so.0: already exists in database.
2025-12-04 04:33:40,389 - SinkIdentifier - INFO - Skipping libucapi.so: already exists in database.
2025-12-04 04:33:40,389 - SinkIdentifier - INFO - Skipping libgcc_s.so.1: already exists in database.
2025-12-04 04:33:40,389 - SinkIdentifier - INFO - Skipping httpd: already exists in database.
2025-12-04 04:33:40,392 - SinkIdentifier - INFO - [libvos_util.so] Loaded successfully with 0 items.
2025-12-04 04:33:40,392 - SinkIdentifier - INFO - [libChipApi.so] Loaded successfully with 1 items.
2025-12-04 04:33:40,392 - SinkIdentifier - INFO - [libCfm.so] Loaded successfully with 0 items.
2025-12-04 04:33:40,392 - SinkIdentifier - INFO - [libcommon.so] Loaded successfully with 8 items.
2025-12-04 04:33:40,392 - SinkIdentifier - INFO - [libpthread.so.0] Loaded successfully with 0 items.
2025-12-04 04:33:40,393 - SinkIdentifier - INFO - [libm.so.0] Loaded successfully with 0 items.
2025-12-04 04:33:40,393 - SinkIdentifier - INFO - [libucapi.so] Loaded successfully with 0 items.
2025-12-04 04:33:40,393 - SinkIdentifier - INFO - [libtpi.so] Loaded successfully with 0 items.
2025-12-04 04:33:40,393 - SinkIdentifier - INFO - [libgcc_s.so.1] Loaded successfully with 0 items.
2025-12-04 04:33:40,393 - SinkIdentifier - INFO - [httpd] Loaded successfully with 0 items.
2025-12-04 04:34:18,393 - SinkIdentifier - INFO - Skipping libCfm.so: already exists in database.
2025-12-04 04:34:18,393 - SinkIdentifier - INFO - Skipping libcommon.so: already exists in database.
2025-12-04 04:34:18,394 - SinkIdentifier - INFO - Skipping libChipApi.so: already exists in database.
2025-12-04 04:34:18,394 - SinkIdentifier - INFO - Skipping libvos_util.so: already exists in database.
2025-12-04 04:34:18,394 - SinkIdentifier - INFO - Skipping libpthread.so.0: already exists in database.
2025-12-04 04:34:18,394 - SinkIdentifier - INFO - Skipping libtpi.so: already exists in database.
2025-12-04 04:34:18,394 - SinkIdentifier - INFO - Skipping libm.so.0: already exists in database.
2025-12-04 04:34:18,395 - SinkIdentifier - INFO - Skipping libucapi.so: already exists in database.
2025-12-04 04:34:18,395 - SinkIdentifier - INFO - Skipping libgcc_s.so.1: already exists in database.
2025-12-04 04:34:18,395 - SinkIdentifier - INFO - Skipping httpd: already exists in database.
2025-12-04 04:34:18,397 - SinkIdentifier - INFO - [libvos_util.so] Loaded successfully with 0 items.
2025-12-04 04:34:18,398 - SinkIdentifier - INFO - [libChipApi.so] Loaded successfully with 1 items.
2025-12-04 04:34:18,398 - SinkIdentifier - INFO - [libCfm.so] Loaded successfully with 0 items.
2025-12-04 04:34:18,398 - SinkIdentifier - INFO - [libcommon.so] Loaded successfully with 8 items.
2025-12-04 04:34:18,399 - SinkIdentifier - INFO - [libpthread.so.0] Loaded successfully with 0 items.
2025-12-04 04:34:18,399 - SinkIdentifier - INFO - [libm.so.0] Loaded successfully with 0 items.
2025-12-04 04:34:18,399 - SinkIdentifier - INFO - [libucapi.so] Loaded successfully with 0 items.
2025-12-04 04:34:18,400 - SinkIdentifier - INFO - [libtpi.so] Loaded successfully with 0 items.
2025-12-04 04:34:18,400 - SinkIdentifier - INFO - [libgcc_s.so.1] Loaded successfully with 0 items.
2025-12-04 04:34:18,400 - SinkIdentifier - INFO - [httpd] Loaded successfully with 0 items.
2025-12-04 04:34:58,468 - SinkIdentifier - INFO - Skipping libCfm.so: already exists in database.
2025-12-04 04:34:58,468 - SinkIdentifier - INFO - Skipping libcommon.so: already exists in database.
2025-12-04 04:34:58,468 - SinkIdentifier - INFO - Skipping libChipApi.so: already exists in database.
2025-12-04 04:34:58,468 - SinkIdentifier - INFO - Skipping libvos_util.so: already exists in database.
2025-12-04 04:34:58,468 - SinkIdentifier - INFO - Skipping libpthread.so.0: already exists in database.
2025-12-04 04:34:58,468 - SinkIdentifier - INFO - Skipping libtpi.so: already exists in database.
2025-12-04 04:34:58,469 - SinkIdentifier - INFO - Skipping libm.so.0: already exists in database.
2025-12-04 04:34:58,469 - SinkIdentifier - INFO - Skipping libucapi.so: already exists in database.
2025-12-04 04:34:58,469 - SinkIdentifier - INFO - Skipping libgcc_s.so.1: already exists in database.
2025-12-04 04:34:58,469 - SinkIdentifier - INFO - Skipping httpd: already exists in database.
2025-12-04 04:34:58,472 - SinkIdentifier - INFO - [libvos_util.so] Loaded successfully with 0 items.
2025-12-04 04:34:58,472 - SinkIdentifier - INFO - [libChipApi.so] Loaded successfully with 1 items.
2025-12-04 04:34:58,473 - SinkIdentifier - INFO - [libCfm.so] Loaded successfully with 0 items.
2025-12-04 04:34:58,473 - SinkIdentifier - INFO - [libcommon.so] Loaded successfully with 8 items.
2025-12-04 04:34:58,473 - SinkIdentifier - INFO - [libpthread.so.0] Loaded successfully with 0 items.
2025-12-04 04:34:58,473 - SinkIdentifier - INFO - [libm.so.0] Loaded successfully with 0 items.
2025-12-04 04:34:58,474 - SinkIdentifier - INFO - [libucapi.so] Loaded successfully with 0 items.
2025-12-04 04:34:58,474 - SinkIdentifier - INFO - [libtpi.so] Loaded successfully with 0 items.
2025-12-04 04:34:58,474 - SinkIdentifier - INFO - [libgcc_s.so.1] Loaded successfully with 0 items.
2025-12-04 04:34:58,474 - SinkIdentifier - INFO - [httpd] Loaded successfully with 0 items.
2025-12-04 04:37:24,145 - SinkIdentifier - INFO - Skipping libCfm.so: already exists in database.
2025-12-04 04:37:24,146 - SinkIdentifier - INFO - Skipping libcommon.so: already exists in database.
2025-12-04 04:37:24,146 - SinkIdentifier - INFO - Skipping libChipApi.so: already exists in database.
2025-12-04 04:37:24,146 - SinkIdentifier - INFO - Skipping libvos_util.so: already exists in database.
2025-12-04 04:37:24,146 - SinkIdentifier - INFO - Skipping libpthread.so.0: already exists in database.
2025-12-04 04:37:24,146 - SinkIdentifier - INFO - Skipping libtpi.so: already exists in database.
2025-12-04 04:37:24,147 - SinkIdentifier - INFO - Skipping libm.so.0: already exists in database.
2025-12-04 04:37:24,147 - SinkIdentifier - INFO - Skipping libucapi.so: already exists in database.
2025-12-04 04:37:24,147 - SinkIdentifier - INFO - Skipping libgcc_s.so.1: already exists in database.
2025-12-04 04:37:24,147 - SinkIdentifier - INFO - Skipping httpd: already exists in database.
2025-12-04 04:37:24,152 - SinkIdentifier - INFO - [libvos_util.so] Loaded successfully with 0 items.
2025-12-04 04:37:24,152 - SinkIdentifier - INFO - [libChipApi.so] Loaded successfully with 1 items.
2025-12-04 04:37:24,152 - SinkIdentifier - INFO - [libCfm.so] Loaded successfully with 0 items.
2025-12-04 04:37:24,153 - SinkIdentifier - INFO - [libcommon.so] Loaded successfully with 8 items.
2025-12-04 04:37:24,153 - SinkIdentifier - INFO - [libpthread.so.0] Loaded successfully with 0 items.
2025-12-04 04:37:24,153 - SinkIdentifier - INFO - [libm.so.0] Loaded successfully with 0 items.
2025-12-04 04:37:24,153 - SinkIdentifier - INFO - [libucapi.so] Loaded successfully with 0 items.
2025-12-04 04:37:24,153 - SinkIdentifier - INFO - [libtpi.so] Loaded successfully with 0 items.
2025-12-04 04:37:24,153 - SinkIdentifier - INFO - [libgcc_s.so.1] Loaded successfully with 0 items.
2025-12-04 04:37:24,154 - SinkIdentifier - INFO - [httpd] Loaded successfully with 0 items.
2025-12-04 04:37:56,755 - SinkIdentifier - INFO - Skipping libCfm.so: already exists in database.
2025-12-04 04:37:56,755 - SinkIdentifier - INFO - Skipping libcommon.so: already exists in database.
2025-12-04 04:37:56,755 - SinkIdentifier - INFO - Skipping libChipApi.so: already exists in database.
2025-12-04 04:37:56,755 - SinkIdentifier - INFO - Skipping libvos_util.so: already exists in database.
2025-12-04 04:37:56,756 - SinkIdentifier - INFO - Skipping libpthread.so.0: already exists in database.
2025-12-04 04:37:56,756 - SinkIdentifier - INFO - Skipping libtpi.so: already exists in database.
2025-12-04 04:37:56,756 - SinkIdentifier - INFO - Skipping libm.so.0: already exists in database.
2025-12-04 04:37:56,756 - SinkIdentifier - INFO - Skipping libucapi.so: already exists in database.
2025-12-04 04:37:56,756 - SinkIdentifier - INFO - Skipping libgcc_s.so.1: already exists in database.
2025-12-04 04:37:56,757 - SinkIdentifier - INFO - Skipping httpd: already exists in database.
2025-12-04 04:37:56,759 - SinkIdentifier - INFO - [libvos_util.so] Loaded successfully with 0 items.
2025-12-04 04:37:56,760 - SinkIdentifier - INFO - [libChipApi.so] Loaded successfully with 1 items.
2025-12-04 04:37:56,760 - SinkIdentifier - INFO - [libCfm.so] Loaded successfully with 0 items.
2025-12-04 04:37:56,760 - SinkIdentifier - INFO - [libcommon.so] Loaded successfully with 8 items.
2025-12-04 04:37:56,760 - SinkIdentifier - INFO - [libpthread.so.0] Loaded successfully with 0 items.
2025-12-04 04:37:56,760 - SinkIdentifier - INFO - [libm.so.0] Loaded successfully with 0 items.
2025-12-04 04:37:56,761 - SinkIdentifier - INFO - [libucapi.so] Loaded successfully with 0 items.
2025-12-04 04:37:56,761 - SinkIdentifier - INFO - [libtpi.so] Loaded successfully with 0 items.
2025-12-04 04:37:56,761 - SinkIdentifier - INFO - [libgcc_s.so.1] Loaded successfully with 0 items.
2025-12-04 04:37:56,761 - SinkIdentifier - INFO - [httpd] Loaded successfully with 0 items.
2025-12-04 04:38:28,436 - SinkIdentifier - INFO - libvos_util.so: 0 items loaded.
2025-12-04 04:38:28,436 - SinkIdentifier - INFO - libChipApi.so: 1 items loaded.
2025-12-04 04:38:28,436 - SinkIdentifier - INFO - libCfm.so: 0 items loaded.
2025-12-04 04:38:28,437 - SinkIdentifier - INFO - libcommon.so: 8 items loaded.
2025-12-04 04:38:28,437 - SinkIdentifier - INFO - libpthread.so.0: 0 items loaded.
2025-12-04 04:38:28,437 - SinkIdentifier - INFO - libm.so.0: 0 items loaded.
2025-12-04 04:38:28,438 - SinkIdentifier - INFO - libucapi.so: 0 items loaded.
2025-12-04 04:38:28,438 - SinkIdentifier - INFO - libtpi.so: 0 items loaded.
2025-12-04 04:38:28,438 - SinkIdentifier - INFO - libgcc_s.so.1: 0 items loaded.
2025-12-04 04:38:28,438 - SinkIdentifier - INFO - httpd: 0 items loaded.
2025-12-04 04:39:19,700 - SinkIdentifier - INFO - Skipping libCfm.so: already exists in database.
2025-12-04 04:39:19,700 - SinkIdentifier - INFO - Skipping libcommon.so: already exists in database.
2025-12-04 04:39:19,701 - SinkIdentifier - INFO - Skipping libChipApi.so: already exists in database.
2025-12-04 04:39:19,701 - SinkIdentifier - INFO - Skipping libvos_util.so: already exists in database.
2025-12-04 04:39:19,701 - SinkIdentifier - INFO - Skipping libpthread.so.0: already exists in database.
2025-12-04 04:39:19,702 - SinkIdentifier - INFO - Skipping libtpi.so: already exists in database.
2025-12-04 04:39:19,702 - SinkIdentifier - INFO - Skipping libm.so.0: already exists in database.
2025-12-04 04:39:19,702 - SinkIdentifier - INFO - Skipping libucapi.so: already exists in database.
2025-12-04 04:39:19,702 - SinkIdentifier - INFO - Skipping libgcc_s.so.1: already exists in database.
2025-12-04 04:39:19,703 - SinkIdentifier - INFO - Skipping httpd: already exists in database.
2025-12-04 04:39:19,706 - SinkIdentifier - INFO - [libvos_util.so] Loaded successfully with 0 items.
2025-12-04 04:39:19,707 - SinkIdentifier - INFO - [libChipApi.so] Loaded successfully with 1 items.
2025-12-04 04:39:19,707 - SinkIdentifier - INFO - [libCfm.so] Loaded successfully with 0 items.
2025-12-04 04:39:19,707 - SinkIdentifier - INFO - [libcommon.so] Loaded successfully with 8 items.
2025-12-04 04:39:19,707 - SinkIdentifier - INFO - [libpthread.so.0] Loaded successfully with 0 items.
2025-12-04 04:39:19,708 - SinkIdentifier - INFO - [libm.so.0] Loaded successfully with 0 items.
2025-12-04 04:39:19,708 - SinkIdentifier - INFO - [libucapi.so] Loaded successfully with 0 items.
2025-12-04 04:39:19,708 - SinkIdentifier - INFO - [libtpi.so] Loaded successfully with 0 items.
2025-12-04 04:39:19,708 - SinkIdentifier - INFO - [libgcc_s.so.1] Loaded successfully with 0 items.
2025-12-04 04:39:19,709 - SinkIdentifier - INFO - [httpd] Loaded successfully with 0 items.
2025-12-04 04:40:06,577 - SinkIdentifier - INFO - libvos_util.so: 0 items loaded.
2025-12-04 04:40:06,578 - SinkIdentifier - INFO - libChipApi.so: 1 items loaded.
2025-12-04 04:40:06,578 - SinkIdentifier - INFO - libCfm.so: 0 items loaded.
2025-12-04 04:40:06,578 - SinkIdentifier - INFO - libcommon.so: 8 items loaded.
2025-12-04 04:40:06,578 - SinkIdentifier - INFO - libpthread.so.0: 0 items loaded.
2025-12-04 04:40:06,579 - SinkIdentifier - INFO - libm.so.0: 0 items loaded.
2025-12-04 04:40:06,579 - SinkIdentifier - INFO - libucapi.so: 0 items loaded.
2025-12-04 04:40:06,579 - SinkIdentifier - INFO - libtpi.so: 0 items loaded.
2025-12-04 04:40:06,579 - SinkIdentifier - INFO - libgcc_s.so.1: 0 items loaded.
2025-12-04 04:40:06,579 - SinkIdentifier - INFO - httpd: 0 items loaded.
2025-12-04 04:41:17,227 - SinkIdentifier - INFO - Skipping libCfm.so: already exists in database.
2025-12-04 04:41:17,227 - SinkIdentifier - INFO - Skipping libcommon.so: already exists in database.
2025-12-04 04:41:17,227 - SinkIdentifier - INFO - Skipping libChipApi.so: already exists in database.
2025-12-04 04:41:17,227 - SinkIdentifier - INFO - Skipping libvos_util.so: already exists in database.
2025-12-04 04:41:17,228 - SinkIdentifier - INFO - Skipping libpthread.so.0: already exists in database.
2025-12-04 04:41:17,228 - SinkIdentifier - INFO - Skipping libtpi.so: already exists in database.
2025-12-04 04:41:17,228 - SinkIdentifier - INFO - Skipping libm.so.0: already exists in database.
2025-12-04 04:41:17,228 - SinkIdentifier - INFO - Skipping libucapi.so: already exists in database.
2025-12-04 04:41:17,229 - SinkIdentifier - INFO - Skipping libgcc_s.so.1: already exists in database.
2025-12-04 04:41:17,229 - SinkIdentifier - INFO - Skipping httpd: already exists in database.
2025-12-04 04:41:17,232 - SinkIdentifier - INFO - [libvos_util.so] Loaded successfully with 0 items.
2025-12-04 04:41:17,234 - SinkIdentifier - INFO - [libChipApi.so] Loaded successfully with 1 items.
2025-12-04 04:41:17,234 - SinkIdentifier - INFO - [libCfm.so] Loaded successfully with 0 items.
2025-12-04 04:41:17,234 - SinkIdentifier - INFO - [libcommon.so] Loaded successfully with 8 items.
2025-12-04 04:41:17,235 - SinkIdentifier - INFO - [libpthread.so.0] Loaded successfully with 0 items.
2025-12-04 04:41:17,235 - SinkIdentifier - INFO - [libm.so.0] Loaded successfully with 0 items.
2025-12-04 04:41:17,235 - SinkIdentifier - INFO - [libucapi.so] Loaded successfully with 0 items.
2025-12-04 04:41:17,235 - SinkIdentifier - INFO - [libtpi.so] Loaded successfully with 0 items.
2025-12-04 04:41:17,235 - SinkIdentifier - INFO - [libgcc_s.so.1] Loaded successfully with 0 items.
2025-12-04 04:41:17,236 - SinkIdentifier - INFO - [httpd] Loaded successfully with 0 items.
2025-12-04 04:41:34,939 - SinkIdentifier - INFO - libvos_util.so: 0 items loaded.
2025-12-04 04:41:34,940 - SinkIdentifier - INFO - libChipApi.so: 1 items loaded.
2025-12-04 04:41:34,940 - SinkIdentifier - INFO - libCfm.so: 0 items loaded.
2025-12-04 04:41:34,940 - SinkIdentifier - INFO - libcommon.so: 8 items loaded.
2025-12-04 04:41:34,940 - SinkIdentifier - INFO - libpthread.so.0: 0 items loaded.
2025-12-04 04:41:34,941 - SinkIdentifier - INFO - libm.so.0: 0 items loaded.
2025-12-04 04:41:34,941 - SinkIdentifier - INFO - libucapi.so: 0 items loaded.
2025-12-04 04:41:34,941 - SinkIdentifier - INFO - libtpi.so: 0 items loaded.
2025-12-04 04:41:34,941 - SinkIdentifier - INFO - libgcc_s.so.1: 0 items loaded.
2025-12-04 04:41:34,942 - SinkIdentifier - INFO - httpd: 0 items loaded.
2025-12-04 04:43:03,625 - SinkIdentifier - INFO - Skipping libCfm.so: already exists in database.
2025-12-04 04:43:03,625 - SinkIdentifier - INFO - Skipping libcommon.so: already exists in database.
2025-12-04 04:43:03,625 - SinkIdentifier - INFO - Skipping libChipApi.so: already exists in database.
2025-12-04 04:43:03,626 - SinkIdentifier - INFO - Skipping libvos_util.so: already exists in database.
2025-12-04 04:43:03,627 - SinkIdentifier - INFO - Skipping libpthread.so.0: already exists in database.
2025-12-04 04:43:03,627 - SinkIdentifier - INFO - Skipping libtpi.so: already exists in database.
2025-12-04 04:43:03,628 - SinkIdentifier - INFO - Skipping libm.so.0: already exists in database.
2025-12-04 04:43:03,628 - SinkIdentifier - INFO - Skipping libucapi.so: already exists in database.
2025-12-04 04:43:03,628 - SinkIdentifier - INFO - Skipping libgcc_s.so.1: already exists in database.
2025-12-04 04:43:03,628 - SinkIdentifier - INFO - Skipping httpd: already exists in database.
2025-12-04 04:43:03,632 - SinkIdentifier - INFO - [libvos_util.so] Loaded successfully with 0 items.
2025-12-04 04:43:03,633 - SinkIdentifier - INFO - [libChipApi.so] Loaded successfully with 1 items.
2025-12-04 04:43:03,637 - SinkIdentifier - INFO - [libCfm.so] Loaded successfully with 0 items.
2025-12-04 04:43:03,638 - SinkIdentifier - INFO - [libcommon.so] Loaded successfully with 8 items.
2025-12-04 04:43:03,639 - SinkIdentifier - INFO - [libpthread.so.0] Loaded successfully with 0 items.
2025-12-04 04:43:03,639 - SinkIdentifier - INFO - [libm.so.0] Loaded successfully with 0 items.
2025-12-04 04:43:03,649 - SinkIdentifier - INFO - [libucapi.so] Loaded successfully with 0 items.
2025-12-04 04:43:03,650 - SinkIdentifier - INFO - [libtpi.so] Loaded successfully with 0 items.
2025-12-04 04:43:03,650 - SinkIdentifier - INFO - [libgcc_s.so.1] Loaded successfully with 0 items.
2025-12-04 04:43:03,650 - SinkIdentifier - INFO - [httpd] Loaded successfully with 0 items.
2025-12-06 06:01:55,451 - SinkIdentifier - INFO - [libnvram.so] Loaded successfully with 19 items.
2025-12-06 06:01:55,452 - SinkIdentifier - INFO - [libshared.so] Loaded successfully with 116 items.
2025-12-06 06:01:55,452 - SinkIdentifier - INFO - [jhttpd] Loaded successfully with 0 items.
2025-12-06 06:07:02,824 - SinkIdentifier - INFO - libnvram.so: 19 items loaded.
2025-12-06 06:07:02,825 - SinkIdentifier - INFO - libshared.so: 116 items loaded.
2025-12-06 06:07:02,825 - SinkIdentifier - INFO - jhttpd: 0 items loaded.
2025-12-08 05:24:33,848 - SinkIdentifier - INFO - Skipping libucapi.so: already exists in database.
2025-12-08 05:24:33,877 - SinkIdentifier - INFO - Skipping libcms_msg.so: already exists in database.
2025-12-08 05:24:33,877 - SinkIdentifier - INFO - Skipping libkm.so: already exists in database.
2025-12-08 05:24:33,877 - SinkIdentifier - INFO - Skipping libcms_util.so: already exists in database.
2025-12-08 05:24:33,877 - SinkIdentifier - INFO - Skipping libbcm_flashutil.so: already exists in database.
2025-12-08 05:24:33,877 - SinkIdentifier - INFO - Skipping libcms_core.so: already exists in database.
2025-12-08 05:24:33,877 - SinkIdentifier - INFO - Skipping libdl.so.2: already exists in database.
2025-12-08 05:24:33,877 - SinkIdentifier - INFO - Skipping libnetctrl.so: already exists in database.
2025-12-08 05:24:33,877 - SinkIdentifier - INFO - Skipping libcfmd.so: already exists in database.
2025-12-08 05:24:33,877 - SinkIdentifier - INFO - Skipping libubus.so: already exists in database.
2025-12-08 05:24:33,877 - SinkIdentifier - INFO - Skipping libblobmsg_json.so: already exists in database.
2025-12-08 05:24:33,877 - SinkIdentifier - INFO - Skipping libubox.so: already exists in database.
2025-12-08 05:24:33,878 - SinkIdentifier - INFO - Skipping libpthread.so.0: already exists in database.
2025-12-08 05:24:33,878 - SinkIdentifier - INFO - Skipping tdhttpd: already exists in database.
2025-12-08 05:24:33,879 - SinkIdentifier - INFO - [libcms_msg.so] Loaded successfully with 0 items.
2025-12-08 05:24:33,879 - SinkIdentifier - INFO - [libkm.so] Loaded successfully with 0 items.
2025-12-08 05:24:33,880 - SinkIdentifier - INFO - [libcms_util.so] Loaded successfully with 0 items.
2025-12-08 05:24:33,880 - SinkIdentifier - INFO - [libucapi.so] Loaded successfully with 0 items.
2025-12-08 05:24:33,880 - SinkIdentifier - INFO - [libdl.so.2] Loaded successfully with 0 items.
2025-12-08 05:24:33,880 - SinkIdentifier - INFO - [libbcm_flashutil.so] Loaded successfully with 1 items.
2025-12-08 05:24:33,880 - SinkIdentifier - INFO - [libnetctrl.so] Loaded successfully with 9 items.
2025-12-08 05:24:33,880 - SinkIdentifier - INFO - [libcfmd.so] Loaded successfully with 0 items.
2025-12-08 05:24:33,880 - SinkIdentifier - INFO - [libubus.so] Loaded successfully with 0 items.
2025-12-08 05:24:33,880 - SinkIdentifier - INFO - [libblobmsg_json.so] Loaded successfully with 0 items.
2025-12-08 05:24:33,880 - SinkIdentifier - INFO - [libcms_core.so] Loaded successfully with 11 items.
2025-12-08 05:24:33,880 - SinkIdentifier - INFO - [libubox.so] Loaded successfully with 0 items.
2025-12-08 05:24:33,880 - SinkIdentifier - INFO - [libpthread.so.0] Loaded successfully with 0 items.
2025-12-08 05:24:33,880 - SinkIdentifier - INFO - [tdhttpd] Loaded successfully with 0 items.
2025-12-08 05:25:03,477 - SinkIdentifier - INFO - libcms_msg.so: 0 items loaded.
2025-12-08 05:25:03,479 - SinkIdentifier - INFO - libkm.so: 0 items loaded.
2025-12-08 05:25:03,479 - SinkIdentifier - INFO - libcms_util.so: 0 items loaded.
2025-12-08 05:25:03,480 - SinkIdentifier - INFO - libucapi.so: 0 items loaded.
2025-12-08 05:25:03,481 - SinkIdentifier - INFO - libdl.so.2: 0 items loaded.
2025-12-08 05:25:03,481 - SinkIdentifier - INFO - libbcm_flashutil.so: 1 items loaded.
2025-12-08 05:25:03,482 - SinkIdentifier - INFO - libnetctrl.so: 9 items loaded.
2025-12-08 05:25:03,485 - SinkIdentifier - INFO - libcfmd.so: 0 items loaded.
2025-12-08 05:25:03,486 - SinkIdentifier - INFO - libubus.so: 0 items loaded.
2025-12-08 05:25:03,486 - SinkIdentifier - INFO - libblobmsg_json.so: 0 items loaded.
2025-12-08 05:25:03,487 - SinkIdentifier - INFO - libcms_core.so: 11 items loaded.
2025-12-08 05:25:03,487 - SinkIdentifier - INFO - libubox.so: 0 items loaded.
2025-12-08 05:25:03,488 - SinkIdentifier - INFO - libpthread.so.0: 0 items loaded.
2025-12-08 05:25:03,488 - SinkIdentifier - INFO - tdhttpd: 0 items loaded.
2025-12-08 05:56:02,981 - SinkIdentifier - INFO - Skipping libcommon.so: already exists in database.
2025-12-08 05:56:02,982 - SinkIdentifier - INFO - Skipping libm.so.0: already exists in database.
2025-12-08 05:56:02,982 - SinkIdentifier - INFO - Skipping libz.so: already exists in database.
2025-12-08 05:56:02,982 - SinkIdentifier - INFO - Skipping libpthread.so.0: already exists in database.
2025-12-08 05:56:02,983 - SinkIdentifier - INFO - Skipping libgcc_s.so.1: already exists in database.
2025-12-08 05:56:02,983 - SinkIdentifier - INFO - Skipping libcommonprod.so: already exists in database.
2025-12-08 05:56:02,983 - SinkIdentifier - INFO - Skipping libucapi.so: already exists in database.
2025-12-08 05:56:02,984 - SinkIdentifier - INFO - Skipping httpd: already exists in database.
2025-12-08 05:56:02,986 - SinkIdentifier - INFO - [libz.so] Loaded successfully with 0 items.
2025-12-08 05:56:02,987 - SinkIdentifier - INFO - [libpthread.so.0] Loaded successfully with 0 items.
2025-12-08 05:56:02,987 - SinkIdentifier - INFO - [libm.so.0] Loaded successfully with 0 items.
2025-12-08 05:56:02,987 - SinkIdentifier - INFO - [libcommon.so] Loaded successfully with 5 items.
2025-12-08 05:56:02,988 - SinkIdentifier - INFO - [libcommonprod.so] Loaded successfully with 0 items.
2025-12-08 05:56:02,988 - SinkIdentifier - INFO - [libgcc_s.so.1] Loaded successfully with 0 items.
2025-12-08 05:56:02,988 - SinkIdentifier - INFO - [libucapi.so] Loaded successfully with 0 items.
2025-12-08 05:56:02,988 - SinkIdentifier - INFO - [httpd] Loaded successfully with 0 items.
2025-12-08 05:56:15,480 - SinkIdentifier - INFO - libz.so: 0 items loaded.
2025-12-08 05:56:15,482 - SinkIdentifier - INFO - libpthread.so.0: 0 items loaded.
2025-12-08 05:56:15,482 - SinkIdentifier - INFO - libm.so.0: 0 items loaded.
2025-12-08 05:56:15,483 - SinkIdentifier - INFO - libcommon.so: 5 items loaded.
2025-12-08 05:56:15,483 - SinkIdentifier - INFO - libcommonprod.so: 0 items loaded.
2025-12-08 05:56:15,483 - SinkIdentifier - INFO - libgcc_s.so.1: 0 items loaded.
2025-12-08 05:56:15,484 - SinkIdentifier - INFO - libucapi.so: 0 items loaded.
2025-12-08 05:56:15,484 - SinkIdentifier - INFO - httpd: 0 items loaded.
2025-12-08 06:16:46,080 - SinkIdentifier - INFO - Skipping libcommon.so: already exists in database.
2025-12-08 06:16:46,080 - SinkIdentifier - INFO - Skipping libm.so.0: already exists in database.
2025-12-08 06:16:46,080 - SinkIdentifier - INFO - Skipping libz.so: already exists in database.
2025-12-08 06:16:46,081 - SinkIdentifier - INFO - Skipping libpthread.so.0: already exists in database.
2025-12-08 06:16:46,081 - SinkIdentifier - INFO - Skipping libgcc_s.so.1: already exists in database.
2025-12-08 06:16:46,081 - SinkIdentifier - INFO - Skipping libcommonprod.so: already exists in database.
2025-12-08 06:16:46,081 - SinkIdentifier - INFO - Skipping libucapi.so: already exists in database.
2025-12-08 06:16:46,081 - SinkIdentifier - INFO - Skipping httpd: already exists in database.
2025-12-08 06:16:46,084 - SinkIdentifier - INFO - [libz.so] Loaded successfully with 0 items.
2025-12-08 06:16:46,084 - SinkIdentifier - INFO - [libpthread.so.0] Loaded successfully with 0 items.
2025-12-08 06:16:46,084 - SinkIdentifier - INFO - [libm.so.0] Loaded successfully with 0 items.
2025-12-08 06:16:46,084 - SinkIdentifier - INFO - [libcommon.so] Loaded successfully with 5 items.
2025-12-08 06:16:46,084 - SinkIdentifier - INFO - [libcommonprod.so] Loaded successfully with 0 items.
2025-12-08 06:16:46,084 - SinkIdentifier - INFO - [libgcc_s.so.1] Loaded successfully with 0 items.
2025-12-08 06:16:46,085 - SinkIdentifier - INFO - [libucapi.so] Loaded successfully with 0 items.
2025-12-08 06:16:46,085 - SinkIdentifier - INFO - [httpd] Loaded successfully with 0 items.
2025-12-08 06:17:03,066 - SinkIdentifier - INFO - libz.so: 0 items loaded.
2025-12-08 06:17:03,066 - SinkIdentifier - INFO - libpthread.so.0: 0 items loaded.
2025-12-08 06:17:03,067 - SinkIdentifier - INFO - libm.so.0: 0 items loaded.
2025-12-08 06:17:03,068 - SinkIdentifier - INFO - libcommon.so: 5 items loaded.
2025-12-08 06:17:03,074 - SinkIdentifier - INFO - libcommonprod.so: 0 items loaded.
2025-12-08 06:17:03,074 - SinkIdentifier - INFO - libgcc_s.so.1: 0 items loaded.
2025-12-08 06:17:03,074 - SinkIdentifier - INFO - libucapi.so: 0 items loaded.
2025-12-08 06:17:03,078 - SinkIdentifier - INFO - httpd: 0 items loaded.
2025-12-08 07:07:29,234 - SinkIdentifier - INFO - Skipping libcommon.so: already exists in database.
2025-12-08 07:07:29,234 - SinkIdentifier - INFO - Skipping libm.so.0: already exists in database.
2025-12-08 07:07:29,234 - SinkIdentifier - INFO - Skipping libz.so: already exists in database.
2025-12-08 07:07:29,235 - SinkIdentifier - INFO - Skipping libpthread.so.0: already exists in database.
2025-12-08 07:07:29,235 - SinkIdentifier - INFO - Skipping libgcc_s.so.1: already exists in database.
2025-12-08 07:07:29,235 - SinkIdentifier - INFO - Skipping libcommonprod.so: already exists in database.
2025-12-08 07:07:29,235 - SinkIdentifier - INFO - Skipping libucapi.so: already exists in database.
2025-12-08 07:07:29,236 - SinkIdentifier - INFO - Skipping httpd: already exists in database.
2025-12-08 07:07:29,238 - SinkIdentifier - INFO - [libz.so] Loaded successfully with 0 items.
2025-12-08 07:07:29,238 - SinkIdentifier - INFO - [libpthread.so.0] Loaded successfully with 0 items.
2025-12-08 07:07:29,238 - SinkIdentifier - INFO - [libm.so.0] Loaded successfully with 0 items.
2025-12-08 07:07:29,239 - SinkIdentifier - INFO - [libcommon.so] Loaded successfully with 5 items.
2025-12-08 07:07:29,239 - SinkIdentifier - INFO - [libcommonprod.so] Loaded successfully with 0 items.
2025-12-08 07:07:29,239 - SinkIdentifier - INFO - [libgcc_s.so.1] Loaded successfully with 0 items.
2025-12-08 07:07:29,239 - SinkIdentifier - INFO - [libucapi.so] Loaded successfully with 0 items.
2025-12-08 07:07:29,239 - SinkIdentifier - INFO - [httpd] Loaded successfully with 0 items.
2025-12-08 07:07:46,114 - SinkIdentifier - INFO - libz.so: 0 items loaded.
2025-12-08 07:07:46,114 - SinkIdentifier - INFO - libpthread.so.0: 0 items loaded.
2025-12-08 07:07:46,115 - SinkIdentifier - INFO - libm.so.0: 0 items loaded.
2025-12-08 07:07:46,115 - SinkIdentifier - INFO - libcommon.so: 5 items loaded.
2025-12-08 07:07:46,115 - SinkIdentifier - INFO - libcommonprod.so: 0 items loaded.
2025-12-08 07:07:46,115 - SinkIdentifier - INFO - libgcc_s.so.1: 0 items loaded.
2025-12-08 07:07:46,116 - SinkIdentifier - INFO - libucapi.so: 0 items loaded.
2025-12-08 07:07:46,116 - SinkIdentifier - INFO - httpd: 0 items loaded.
2025-12-08 18:23:33,400 - SinkIdentifier - INFO - Skipping libucapi.so: already exists in database.
2025-12-08 18:23:33,400 - SinkIdentifier - INFO - Skipping libcms_msg.so: already exists in database.
2025-12-08 18:23:33,400 - SinkIdentifier - INFO - Skipping libkm.so: already exists in database.
2025-12-08 18:23:33,401 - SinkIdentifier - INFO - Skipping libcms_util.so: already exists in database.
2025-12-08 18:23:33,401 - SinkIdentifier - INFO - Skipping libbcm_flashutil.so: already exists in database.
2025-12-08 18:23:33,401 - SinkIdentifier - INFO - Skipping libcms_core.so: already exists in database.
2025-12-08 18:23:33,401 - SinkIdentifier - INFO - Skipping libdl.so.2: already exists in database.
2025-12-08 18:23:33,401 - SinkIdentifier - INFO - Skipping libnetctrl.so: already exists in database.
2025-12-08 18:23:33,402 - SinkIdentifier - INFO - Skipping libcfmd.so: already exists in database.
2025-12-08 18:23:33,402 - SinkIdentifier - INFO - Skipping libubus.so: already exists in database.
2025-12-08 18:23:33,402 - SinkIdentifier - INFO - Skipping libblobmsg_json.so: already exists in database.
2025-12-08 18:23:33,403 - SinkIdentifier - INFO - Skipping libubox.so: already exists in database.
2025-12-08 18:23:33,404 - SinkIdentifier - INFO - Skipping libpthread.so.0: already exists in database.
2025-12-08 18:23:33,404 - SinkIdentifier - INFO - Skipping tdhttpd: already exists in database.
2025-12-08 18:23:33,406 - SinkIdentifier - INFO - [libcms_msg.so] Loaded successfully with 0 items.
2025-12-08 18:23:33,407 - SinkIdentifier - INFO - [libkm.so] Loaded successfully with 0 items.
2025-12-08 18:23:33,407 - SinkIdentifier - INFO - [libcms_util.so] Loaded successfully with 0 items.
2025-12-08 18:23:33,407 - SinkIdentifier - INFO - [libucapi.so] Loaded successfully with 0 items.
2025-12-08 18:23:33,407 - SinkIdentifier - INFO - [libdl.so.2] Loaded successfully with 0 items.
2025-12-08 18:23:33,407 - SinkIdentifier - INFO - [libbcm_flashutil.so] Loaded successfully with 1 items.
2025-12-08 18:23:33,408 - SinkIdentifier - INFO - [libnetctrl.so] Loaded successfully with 9 items.
2025-12-08 18:23:33,408 - SinkIdentifier - INFO - [libcfmd.so] Loaded successfully with 0 items.
2025-12-08 18:23:33,408 - SinkIdentifier - INFO - [libubus.so] Loaded successfully with 0 items.
2025-12-08 18:23:33,408 - SinkIdentifier - INFO - [libblobmsg_json.so] Loaded successfully with 0 items.
2025-12-08 18:23:33,408 - SinkIdentifier - INFO - [libcms_core.so] Loaded successfully with 11 items.
2025-12-08 18:23:33,408 - SinkIdentifier - INFO - [libubox.so] Loaded successfully with 0 items.
2025-12-08 18:23:33,409 - SinkIdentifier - INFO - [libpthread.so.0] Loaded successfully with 0 items.
2025-12-08 18:23:33,409 - SinkIdentifier - INFO - [tdhttpd] Loaded successfully with 0 items.
2025-12-08 18:24:16,404 - SinkIdentifier - INFO - libcms_msg.so: 0 items loaded.
2025-12-08 18:24:16,405 - SinkIdentifier - INFO - libkm.so: 0 items loaded.
2025-12-08 18:24:16,406 - SinkIdentifier - INFO - libcms_util.so: 0 items loaded.
2025-12-08 18:24:16,409 - SinkIdentifier - INFO - libucapi.so: 0 items loaded.
2025-12-08 18:24:16,409 - SinkIdentifier - INFO - libdl.so.2: 0 items loaded.
2025-12-08 18:24:16,410 - SinkIdentifier - INFO - libbcm_flashutil.so: 1 items loaded.
2025-12-08 18:24:16,410 - SinkIdentifier - INFO - libnetctrl.so: 9 items loaded.
2025-12-08 18:24:16,411 - SinkIdentifier - INFO - libcfmd.so: 0 items loaded.
2025-12-08 18:24:16,412 - SinkIdentifier - INFO - libubus.so: 0 items loaded.
2025-12-08 18:24:16,414 - SinkIdentifier - INFO - libblobmsg_json.so: 0 items loaded.
2025-12-08 18:24:16,414 - SinkIdentifier - INFO - libcms_core.so: 11 items loaded.
2025-12-08 18:24:16,415 - SinkIdentifier - INFO - libubox.so: 0 items loaded.
2025-12-08 18:24:16,415 - SinkIdentifier - INFO - libpthread.so.0: 0 items loaded.
2025-12-08 18:24:16,416 - SinkIdentifier - INFO - tdhttpd: 0 items loaded.
2025-12-08 23:10:49,257 - SinkIdentifier - INFO - Skipping libucapi.so: already exists in database.
2025-12-08 23:10:49,258 - SinkIdentifier - INFO - Skipping libcms_msg.so: already exists in database.
2025-12-08 23:10:49,258 - SinkIdentifier - INFO - Skipping libkm.so: already exists in database.
2025-12-08 23:10:49,258 - SinkIdentifier - INFO - Skipping libcms_util.so: already exists in database.
2025-12-08 23:10:49,258 - SinkIdentifier - INFO - Skipping libbcm_flashutil.so: already exists in database.
2025-12-08 23:10:49,258 - SinkIdentifier - INFO - Skipping libcms_core.so: already exists in database.
2025-12-08 23:10:49,258 - SinkIdentifier - INFO - Skipping libdl.so.2: already exists in database.
2025-12-08 23:10:49,258 - SinkIdentifier - INFO - Skipping libnetctrl.so: already exists in database.
2025-12-08 23:10:49,258 - SinkIdentifier - INFO - Skipping libcfmd.so: already exists in database.
2025-12-08 23:10:49,258 - SinkIdentifier - INFO - Skipping libubus.so: already exists in database.
2025-12-08 23:10:49,259 - SinkIdentifier - INFO - Skipping libblobmsg_json.so: already exists in database.
2025-12-08 23:10:49,259 - SinkIdentifier - INFO - Skipping libubox.so: already exists in database.
2025-12-08 23:10:49,259 - SinkIdentifier - INFO - Skipping libpthread.so.0: already exists in database.
2025-12-08 23:10:49,259 - SinkIdentifier - INFO - Skipping tdhttpd: already exists in database.
2025-12-08 23:10:49,261 - SinkIdentifier - INFO - [libcms_msg.so] Loaded successfully with 0 items.
2025-12-08 23:10:49,261 - SinkIdentifier - INFO - [libkm.so] Loaded successfully with 0 items.
2025-12-08 23:10:49,261 - SinkIdentifier - INFO - [libcms_util.so] Loaded successfully with 0 items.
2025-12-08 23:10:49,262 - SinkIdentifier - INFO - [libucapi.so] Loaded successfully with 0 items.
2025-12-08 23:10:49,262 - SinkIdentifier - INFO - [libdl.so.2] Loaded successfully with 0 items.
2025-12-08 23:10:49,262 - SinkIdentifier - INFO - [libbcm_flashutil.so] Loaded successfully with 1 items.
2025-12-08 23:10:49,262 - SinkIdentifier - INFO - [libnetctrl.so] Loaded successfully with 9 items.
2025-12-08 23:10:49,262 - SinkIdentifier - INFO - [libcfmd.so] Loaded successfully with 0 items.
2025-12-08 23:10:49,262 - SinkIdentifier - INFO - [libubus.so] Loaded successfully with 0 items.
2025-12-08 23:10:49,263 - SinkIdentifier - INFO - [libblobmsg_json.so] Loaded successfully with 0 items.
2025-12-08 23:10:49,263 - SinkIdentifier - INFO - [libcms_core.so] Loaded successfully with 11 items.
2025-12-08 23:10:49,263 - SinkIdentifier - INFO - [libubox.so] Loaded successfully with 0 items.
2025-12-08 23:10:49,263 - SinkIdentifier - INFO - [libpthread.so.0] Loaded successfully with 0 items.
2025-12-08 23:10:49,263 - SinkIdentifier - INFO - [tdhttpd] Loaded successfully with 0 items.
2025-12-08 23:11:20,320 - SinkIdentifier - INFO - libcms_msg.so: 0 items loaded.
2025-12-08 23:11:20,320 - SinkIdentifier - INFO - libkm.so: 0 items loaded.
2025-12-08 23:11:20,320 - SinkIdentifier - INFO - libcms_util.so: 0 items loaded.
2025-12-08 23:11:20,321 - SinkIdentifier - INFO - libucapi.so: 0 items loaded.
2025-12-08 23:11:20,321 - SinkIdentifier - INFO - libdl.so.2: 0 items loaded.
2025-12-08 23:11:20,321 - SinkIdentifier - INFO - libbcm_flashutil.so: 1 items loaded.
2025-12-08 23:11:20,321 - SinkIdentifier - INFO - libnetctrl.so: 9 items loaded.
2025-12-08 23:11:20,321 - SinkIdentifier - INFO - libcfmd.so: 0 items loaded.
2025-12-08 23:11:20,321 - SinkIdentifier - INFO - libubus.so: 0 items loaded.
2025-12-08 23:11:20,321 - SinkIdentifier - INFO - libblobmsg_json.so: 0 items loaded.
2025-12-08 23:11:20,321 - SinkIdentifier - INFO - libcms_core.so: 11 items loaded.
2025-12-08 23:11:20,321 - SinkIdentifier - INFO - libubox.so: 0 items loaded.
2025-12-08 23:11:20,321 - SinkIdentifier - INFO - libpthread.so.0: 0 items loaded.
2025-12-08 23:11:20,322 - SinkIdentifier - INFO - tdhttpd: 0 items loaded.
2025-12-08 23:40:15,840 - SinkIdentifier - INFO - Skipping libucapi.so: already exists in database.
2025-12-08 23:40:15,840 - SinkIdentifier - INFO - Skipping libcms_msg.so: already exists in database.
2025-12-08 23:40:15,840 - SinkIdentifier - INFO - Skipping libkm.so: already exists in database.
2025-12-08 23:40:15,840 - SinkIdentifier - INFO - Skipping libcms_util.so: already exists in database.
2025-12-08 23:40:15,840 - SinkIdentifier - INFO - Skipping libbcm_flashutil.so: already exists in database.
2025-12-08 23:40:15,841 - SinkIdentifier - INFO - Skipping libcms_core.so: already exists in database.
2025-12-08 23:40:15,841 - SinkIdentifier - INFO - Skipping libdl.so.2: already exists in database.
2025-12-08 23:40:15,841 - SinkIdentifier - INFO - Skipping libnetctrl.so: already exists in database.
2025-12-08 23:40:15,841 - SinkIdentifier - INFO - Skipping libcfmd.so: already exists in database.
2025-12-08 23:40:15,841 - SinkIdentifier - INFO - Skipping libubus.so: already exists in database.
2025-12-08 23:40:15,841 - SinkIdentifier - INFO - Skipping libblobmsg_json.so: already exists in database.
2025-12-08 23:40:15,841 - SinkIdentifier - INFO - Skipping libubox.so: already exists in database.
2025-12-08 23:40:15,841 - SinkIdentifier - INFO - Skipping libpthread.so.0: already exists in database.
2025-12-08 23:40:15,841 - SinkIdentifier - INFO - Skipping tdhttpd: already exists in database.
2025-12-08 23:40:15,843 - SinkIdentifier - INFO - [libcms_msg.so] Loaded successfully with 0 items.
2025-12-08 23:40:15,843 - SinkIdentifier - INFO - [libkm.so] Loaded successfully with 0 items.
2025-12-08 23:40:15,843 - SinkIdentifier - INFO - [libcms_util.so] Loaded successfully with 0 items.
2025-12-08 23:40:15,843 - SinkIdentifier - INFO - [libucapi.so] Loaded successfully with 0 items.
2025-12-08 23:40:15,843 - SinkIdentifier - INFO - [libdl.so.2] Loaded successfully with 0 items.
2025-12-08 23:40:15,843 - SinkIdentifier - INFO - [libbcm_flashutil.so] Loaded successfully with 1 items.
2025-12-08 23:40:15,843 - SinkIdentifier - INFO - [libnetctrl.so] Loaded successfully with 9 items.
2025-12-08 23:40:15,843 - SinkIdentifier - INFO - [libcfmd.so] Loaded successfully with 0 items.
2025-12-08 23:40:15,843 - SinkIdentifier - INFO - [libubus.so] Loaded successfully with 0 items.
2025-12-08 23:40:15,843 - SinkIdentifier - INFO - [libblobmsg_json.so] Loaded successfully with 0 items.
2025-12-08 23:40:15,843 - SinkIdentifier - INFO - [libcms_core.so] Loaded successfully with 11 items.
2025-12-08 23:40:15,843 - SinkIdentifier - INFO - [libubox.so] Loaded successfully with 0 items.
2025-12-08 23:40:15,843 - SinkIdentifier - INFO - [libpthread.so.0] Loaded successfully with 0 items.
2025-12-08 23:40:15,843 - SinkIdentifier - INFO - [tdhttpd] Loaded successfully with 0 items.
2025-12-08 23:40:53,862 - SinkIdentifier - INFO - libcms_msg.so: 0 items loaded.
2025-12-08 23:40:53,862 - SinkIdentifier - INFO - libkm.so: 0 items loaded.
2025-12-08 23:40:53,862 - SinkIdentifier - INFO - libcms_util.so: 0 items loaded.
2025-12-08 23:40:53,863 - SinkIdentifier - INFO - libucapi.so: 0 items loaded.
2025-12-08 23:40:53,863 - SinkIdentifier - INFO - libdl.so.2: 0 items loaded.
2025-12-08 23:40:53,863 - SinkIdentifier - INFO - libbcm_flashutil.so: 1 items loaded.
2025-12-08 23:40:53,863 - SinkIdentifier - INFO - libnetctrl.so: 9 items loaded.
2025-12-08 23:40:53,863 - SinkIdentifier - INFO - libcfmd.so: 0 items loaded.
2025-12-08 23:40:53,863 - SinkIdentifier - INFO - libubus.so: 0 items loaded.
2025-12-08 23:40:53,863 - SinkIdentifier - INFO - libblobmsg_json.so: 0 items loaded.
2025-12-08 23:40:53,864 - SinkIdentifier - INFO - libcms_core.so: 11 items loaded.
2025-12-08 23:40:53,864 - SinkIdentifier - INFO - libubox.so: 0 items loaded.
2025-12-08 23:40:53,864 - SinkIdentifier - INFO - libpthread.so.0: 0 items loaded.
2025-12-08 23:40:53,864 - SinkIdentifier - INFO - tdhttpd: 0 items loaded.
2025-12-12 03:20:51,026 - SinkIdentifier - INFO - [httpd] Loaded successfully with 0 items.
2025-12-12 03:20:51,050 - SinkIdentifier - INFO - httpd: 0 items loaded.
2025-12-12 07:52:10,903 - SinkIdentifier - INFO - Skipping libsecurity.so: already exists in database.
2025-12-12 07:52:10,904 - SinkIdentifier - INFO - Skipping libgcc_s.so.1: already exists in database.
2025-12-12 08:20:14,481 - SinkIdentifier - INFO - [libsutil.so] Loaded successfully with 2 items.
2025-12-12 08:20:14,482 - SinkIdentifier - INFO - [libproject.so] Loaded successfully with 3 items.
2025-12-12 08:20:14,483 - SinkIdentifier - INFO - [libipv6.so] Loaded successfully with 2 items.
2025-12-12 08:20:14,483 - SinkIdentifier - INFO - [libvct.so] Loaded successfully with 0 items.
2025-12-12 08:20:14,483 - SinkIdentifier - INFO - [libartblock.so] Loaded successfully with 0 items.
2025-12-12 08:20:14,484 - SinkIdentifier - INFO - [libxmo.so] Loaded successfully with 0 items.
2025-12-12 08:20:14,484 - SinkIdentifier - INFO - [libnvram.so] Loaded successfully with 0 items.
2025-12-12 08:20:14,484 - SinkIdentifier - INFO - [libgcc_s.so.1] Loaded successfully with 0 items.
2025-12-12 08:20:14,484 - SinkIdentifier - INFO - [ssi823] Loaded successfully with 0 items.
2025-12-12 08:20:23,397 - SinkIdentifier - INFO - libsutil.so: 2 items loaded.
2025-12-12 08:20:23,397 - SinkIdentifier - INFO - libproject.so: 3 items loaded.
2025-12-12 08:20:23,397 - SinkIdentifier - INFO - libipv6.so: 2 items loaded.
2025-12-12 08:20:23,398 - SinkIdentifier - INFO - libvct.so: 0 items loaded.
2025-12-12 08:20:23,398 - SinkIdentifier - INFO - libartblock.so: 0 items loaded.
2025-12-12 08:20:23,398 - SinkIdentifier - INFO - libxmo.so: 0 items loaded.
2025-12-12 08:20:23,398 - SinkIdentifier - INFO - libnvram.so: 0 items loaded.
2025-12-12 08:20:23,398 - SinkIdentifier - INFO - libgcc_s.so.1: 0 items loaded.
2025-12-12 08:20:23,398 - SinkIdentifier - INFO - ssi823: 0 items loaded.
2025-12-13 00:53:46,303 - SinkIdentifier - INFO - [httpd] Loaded successfully with 0 items.
2025-12-13 00:53:46,304 - SinkIdentifier - INFO - [ssi] Loaded successfully with 0 items.
2025-12-13 00:53:46,306 - SinkIdentifier - INFO - httpd: 0 items loaded.
2025-12-13 00:53:46,306 - SinkIdentifier - INFO - ssi: 0 items loaded.
2026-05-25 16:09:50,834 - SinkIdentifier - INFO - [cste] Loaded successfully with 0 items.
2026-05-25 16:09:50,837 - SinkIdentifier - INFO - [libcjson.so] Loaded successfully with 0 items.
2026-05-25 16:09:50,837 - SinkIdentifier - INFO - [libcste.so] Loaded successfully with 0 items.
2026-05-25 16:09:50,838 - SinkIdentifier - INFO - [libmosquitto.so.1] Loaded successfully with 0 items.
2026-05-25 16:09:50,839 - SinkIdentifier - INFO - cste: 0 items loaded.
2026-05-25 16:09:50,839 - SinkIdentifier - INFO - libcjson.so: 0 items loaded.
2026-05-25 16:09:50,840 - SinkIdentifier - INFO - libcste.so: 0 items loaded.
2026-05-25 16:09:50,840 - SinkIdentifier - INFO - libmosquitto.so.1: 0 items loaded.
2026-05-25 17:59:46,021 - SinkIdentifier - INFO - [libChipApi.so] Loaded successfully with 0 items.
2026-05-25 17:59:46,024 - SinkIdentifier - INFO - [libCfm.so] Loaded successfully with 0 items.
2026-05-25 17:59:46,025 - SinkIdentifier - INFO - [libcommon.so] Loaded successfully with 5 items.
2026-05-25 17:59:46,025 - SinkIdentifier - INFO - [libpthread.so.0] Loaded successfully with 0 items.
2026-05-25 17:59:46,026 - SinkIdentifier - INFO - [libgcc_s.so.1] Loaded successfully with 0 items.
2026-05-25 17:59:46,027 - SinkIdentifier - INFO - [libwifi.so] Loaded successfully with 2 items.
2026-05-25 17:59:46,027 - SinkIdentifier - INFO - [httpd] Loaded successfully with 0 items.
2026-05-25 17:59:55,992 - SinkIdentifier - INFO - libChipApi.so: 0 items loaded.
2026-05-25 17:59:55,996 - SinkIdentifier - INFO - libCfm.so: 0 items loaded.
2026-05-25 17:59:55,998 - SinkIdentifier - INFO - libcommon.so: 5 items loaded.
2026-05-25 17:59:55,999 - SinkIdentifier - INFO - libpthread.so.0: 0 items loaded.
2026-05-25 17:59:56,001 - SinkIdentifier - INFO - libgcc_s.so.1: 0 items loaded.
2026-05-25 17:59:56,002 - SinkIdentifier - INFO - libwifi.so: 2 items loaded.
2026-05-25 17:59:56,003 - SinkIdentifier - INFO - httpd: 0 items loaded.
2026-05-25 18:45:22,237 - SinkIdentifier - INFO - [libChipApi.so] Loaded successfully with 0 items.
2026-05-25 18:45:22,242 - SinkIdentifier - INFO - [libcommon.so] Loaded successfully with 5 items.
2026-05-25 18:45:22,242 - SinkIdentifier - INFO - [libCfm.so] Loaded successfully with 0 items.
2026-05-25 18:45:22,243 - SinkIdentifier - INFO - [libpthread.so.0] Loaded successfully with 0 items.
2026-05-25 18:45:22,243 - SinkIdentifier - INFO - [libgcc_s.so.1] Loaded successfully with 0 items.
2026-05-25 18:45:22,244 - SinkIdentifier - INFO - [libwifi.so] Loaded successfully with 2 items.
2026-05-25 18:45:22,244 - SinkIdentifier - INFO - [httpd] Loaded successfully with 0 items.
2026-05-25 18:45:27,309 - SinkIdentifier - INFO - libChipApi.so: 0 items loaded.
2026-05-25 18:45:27,313 - SinkIdentifier - INFO - libcommon.so: 5 items loaded.
2026-05-25 18:45:27,315 - SinkIdentifier - INFO - libCfm.so: 0 items loaded.
2026-05-25 18:45:27,316 - SinkIdentifier - INFO - libpthread.so.0: 0 items loaded.
2026-05-25 18:45:27,317 - SinkIdentifier - INFO - libgcc_s.so.1: 0 items loaded.
2026-05-25 18:45:27,318 - SinkIdentifier - INFO - libwifi.so: 2 items loaded.
2026-05-25 18:45:27,319 - SinkIdentifier - INFO - httpd: 0 items loaded.
2026-05-25 19:21:48,736 - SinkIdentifier - INFO - [libChipApi.so] Loaded successfully with 0 items.
2026-05-25 19:21:48,743 - SinkIdentifier - INFO - [libCfm.so] Loaded successfully with 0 items.
2026-05-25 19:21:48,744 - SinkIdentifier - INFO - [libcommon.so] Loaded successfully with 5 items.
2026-05-25 19:21:48,744 - SinkIdentifier - INFO - [libpthread.so.0] Loaded successfully with 0 items.
2026-05-25 19:21:48,745 - SinkIdentifier - INFO - [libgcc_s.so.1] Loaded successfully with 0 items.
2026-05-25 19:21:48,746 - SinkIdentifier - INFO - [libwifi.so] Loaded successfully with 2 items.
2026-05-25 19:21:48,746 - SinkIdentifier - INFO - [httpd] Loaded successfully with 0 items.
2026-05-25 19:21:56,445 - SinkIdentifier - INFO - libChipApi.so: 0 items loaded.
2026-05-25 19:21:56,447 - SinkIdentifier - INFO - libCfm.so: 0 items loaded.
2026-05-25 19:21:56,449 - SinkIdentifier - INFO - libcommon.so: 5 items loaded.
2026-05-25 19:21:56,451 - SinkIdentifier - INFO - libpthread.so.0: 0 items loaded.
2026-05-25 19:21:56,453 - SinkIdentifier - INFO - libgcc_s.so.1: 0 items loaded.
2026-05-25 19:21:56,453 - SinkIdentifier - INFO - libwifi.so: 2 items loaded.
2026-05-25 19:21:56,454 - SinkIdentifier - INFO - httpd: 0 items loaded.
2026-05-25 19:34:39,573 - SinkIdentifier - INFO - [libChipApi.so] Loaded successfully with 0 items.
2026-05-25 19:34:39,575 - SinkIdentifier - INFO - [libCfm.so] Loaded successfully with 0 items.
2026-05-25 19:34:39,576 - SinkIdentifier - INFO - [libpthread.so.0] Loaded successfully with 0 items.
2026-05-25 19:34:39,577 - SinkIdentifier - INFO - [libcommon.so] Loaded successfully with 5 items.
2026-05-25 19:34:39,577 - SinkIdentifier - INFO - [libgcc_s.so.1] Loaded successfully with 0 items.
2026-05-25 19:34:39,578 - SinkIdentifier - INFO - [libwifi.so] Loaded successfully with 2 items.
2026-05-25 19:34:39,578 - SinkIdentifier - INFO - [httpd] Loaded successfully with 0 items.
2026-05-25 19:34:47,012 - SinkIdentifier - INFO - libChipApi.so: 0 items loaded.
2026-05-25 19:34:47,015 - SinkIdentifier - INFO - libCfm.so: 0 items loaded.
2026-05-25 19:34:47,016 - SinkIdentifier - INFO - libpthread.so.0: 0 items loaded.
2026-05-25 19:34:47,017 - SinkIdentifier - INFO - libcommon.so: 5 items loaded.
2026-05-25 19:34:47,018 - SinkIdentifier - INFO - libgcc_s.so.1: 0 items loaded.
2026-05-25 19:34:47,020 - SinkIdentifier - INFO - libwifi.so: 2 items loaded.
2026-05-25 19:34:47,021 - SinkIdentifier - INFO - httpd: 0 items loaded.
2026-05-25 19:54:37,405 - SinkIdentifier - INFO - [libChipApi.so] Loaded successfully with 0 items.
2026-05-25 19:54:37,408 - SinkIdentifier - INFO - [libCfm.so] Loaded successfully with 0 items.
2026-05-25 19:54:37,409 - SinkIdentifier - INFO - [libcommon.so] Loaded successfully with 5 items.
2026-05-25 19:54:37,409 - SinkIdentifier - INFO - [libpthread.so.0] Loaded successfully with 0 items.
2026-05-25 19:54:37,410 - SinkIdentifier - INFO - [libgcc_s.so.1] Loaded successfully with 0 items.
2026-05-25 19:54:37,410 - SinkIdentifier - INFO - [libwifi.so] Loaded successfully with 2 items.
2026-05-25 19:54:37,411 - SinkIdentifier - INFO - [httpd] Loaded successfully with 0 items.
2026-05-25 19:54:51,811 - SinkIdentifier - INFO - libChipApi.so: 0 items loaded.
2026-05-25 19:54:51,814 - SinkIdentifier - INFO - libCfm.so: 0 items loaded.
2026-05-25 19:54:51,815 - SinkIdentifier - INFO - libcommon.so: 5 items loaded.
2026-05-25 19:54:51,816 - SinkIdentifier - INFO - libpthread.so.0: 0 items loaded.
2026-05-25 19:54:51,818 - SinkIdentifier - INFO - libgcc_s.so.1: 0 items loaded.
2026-05-25 19:54:51,819 - SinkIdentifier - INFO - libwifi.so: 2 items loaded.
2026-05-25 19:54:51,820 - SinkIdentifier - INFO - httpd: 0 items loaded.
2026-05-25 20:07:14,984 - SinkIdentifier - INFO - [libChipApi.so] Loaded successfully with 0 items.
2026-05-25 20:07:14,987 - SinkIdentifier - INFO - [libCfm.so] Loaded successfully with 0 items.
2026-05-25 20:07:14,988 - SinkIdentifier - INFO - [libcommon.so] Loaded successfully with 5 items.
2026-05-25 20:07:14,988 - SinkIdentifier - INFO - [libpthread.so.0] Loaded successfully with 0 items.
2026-05-25 20:07:14,989 - SinkIdentifier - INFO - [libgcc_s.so.1] Loaded successfully with 0 items.
2026-05-25 20:07:14,989 - SinkIdentifier - INFO - [libwifi.so] Loaded successfully with 2 items.
2026-05-25 20:07:14,990 - SinkIdentifier - INFO - [httpd] Loaded successfully with 0 items.
2026-05-25 20:07:24,409 - SinkIdentifier - INFO - libChipApi.so: 0 items loaded.
2026-05-25 20:07:24,411 - SinkIdentifier - INFO - libCfm.so: 0 items loaded.
2026-05-25 20:07:24,413 - SinkIdentifier - INFO - libcommon.so: 5 items loaded.
2026-05-25 20:07:24,413 - SinkIdentifier - INFO - libpthread.so.0: 0 items loaded.
2026-05-25 20:07:24,414 - SinkIdentifier - INFO - libgcc_s.so.1: 0 items loaded.
2026-05-25 20:07:24,415 - SinkIdentifier - INFO - libwifi.so: 2 items loaded.
2026-05-25 20:07:24,416 - SinkIdentifier - INFO - httpd: 0 items loaded.
2026-05-25 21:25:38,507 - SinkIdentifier - INFO - [libChipApi.so] Loaded successfully with 0 items.
2026-05-25 21:25:38,510 - SinkIdentifier - INFO - [libCfm.so] Loaded successfully with 0 items.
2026-05-25 21:25:38,511 - SinkIdentifier - INFO - [libcommon.so] Loaded successfully with 5 items.
2026-05-25 21:25:38,511 - SinkIdentifier - INFO - [libpthread.so.0] Loaded successfully with 0 items.
2026-05-25 21:25:38,512 - SinkIdentifier - INFO - [libgcc_s.so.1] Loaded successfully with 0 items.
2026-05-25 21:25:38,513 - SinkIdentifier - INFO - [libwifi.so] Loaded successfully with 2 items.
2026-05-25 21:25:38,513 - SinkIdentifier - INFO - [httpd] Loaded successfully with 0 items.
2026-05-25 21:25:47,059 - SinkIdentifier - INFO - libChipApi.so: 0 items loaded.
2026-05-25 21:25:47,062 - SinkIdentifier - INFO - libCfm.so: 0 items loaded.
2026-05-25 21:25:47,063 - SinkIdentifier - INFO - libcommon.so: 5 items loaded.
2026-05-25 21:25:47,064 - SinkIdentifier - INFO - libpthread.so.0: 0 items loaded.
2026-05-25 21:25:47,065 - SinkIdentifier - INFO - libgcc_s.so.1: 0 items loaded.
2026-05-25 21:25:47,066 - SinkIdentifier - INFO - libwifi.so: 2 items loaded.
2026-05-25 21:25:47,067 - SinkIdentifier - INFO - httpd: 0 items loaded.
2026-05-29 16:14:10,927 - SinkIdentifier - INFO - [libChipApi.so] Loaded successfully with 0 items.
2026-05-29 16:14:10,930 - SinkIdentifier - INFO - [libcommon.so] Loaded successfully with 5 items.
2026-05-29 16:14:10,930 - SinkIdentifier - INFO - [libCfm.so] Loaded successfully with 0 items.
2026-05-29 16:14:10,931 - SinkIdentifier - INFO - [libpthread.so.0] Loaded successfully with 0 items.
2026-05-29 16:14:10,932 - SinkIdentifier - INFO - [libwifi.so] Loaded successfully with 2 items.
2026-05-29 16:14:10,932 - SinkIdentifier - INFO - [libgcc_s.so.1] Loaded successfully with 0 items.
2026-05-29 16:14:10,933 - SinkIdentifier - INFO - [httpd] Loaded successfully with 0 items.
2026-05-29 16:14:20,979 - SinkIdentifier - INFO - libChipApi.so: 0 items loaded.
2026-05-29 16:14:20,981 - SinkIdentifier - INFO - libcommon.so: 5 items loaded.
2026-05-29 16:14:20,982 - SinkIdentifier - INFO - libCfm.so: 0 items loaded.
2026-05-29 16:14:20,983 - SinkIdentifier - INFO - libpthread.so.0: 0 items loaded.
2026-05-29 16:14:20,984 - SinkIdentifier - INFO - libwifi.so: 2 items loaded.
2026-05-29 16:14:20,984 - SinkIdentifier - INFO - libgcc_s.so.1: 0 items loaded.
2026-05-29 16:14:20,985 - SinkIdentifier - INFO - httpd: 0 items loaded.
2026-05-30 02:57:52,654 - SinkIdentifier - INFO - [libChipApi.so] Loaded successfully with 0 items.
2026-05-30 02:57:52,657 - SinkIdentifier - INFO - [libcommon.so] Loaded successfully with 5 items.
2026-05-30 02:57:52,658 - SinkIdentifier - INFO - [libpthread.so.0] Loaded successfully with 0 items.
2026-05-30 02:57:52,658 - SinkIdentifier - INFO - [libCfm.so] Loaded successfully with 0 items.
2026-05-30 02:57:52,659 - SinkIdentifier - INFO - [libgcc_s.so.1] Loaded successfully with 0 items.
2026-05-30 02:57:52,660 - SinkIdentifier - INFO - [libwifi.so] Loaded successfully with 2 items.
2026-05-30 02:57:52,660 - SinkIdentifier - INFO - [httpd] Loaded successfully with 0 items.
2026-05-30 02:57:59,639 - SinkIdentifier - INFO - libChipApi.so: 0 items loaded.
2026-05-30 02:57:59,641 - SinkIdentifier - INFO - libcommon.so: 5 items loaded.
2026-05-30 02:57:59,642 - SinkIdentifier - INFO - libpthread.so.0: 0 items loaded.
2026-05-30 02:57:59,643 - SinkIdentifier - INFO - libCfm.so: 0 items loaded.
2026-05-30 02:57:59,644 - SinkIdentifier - INFO - libgcc_s.so.1: 0 items loaded.
2026-05-30 02:57:59,645 - SinkIdentifier - INFO - libwifi.so: 2 items loaded.
2026-05-30 02:57:59,645 - SinkIdentifier - INFO - httpd: 0 items loaded.
2026-05-30 11:00:13,208 - SinkIdentifier - INFO - [libCfm.so] Loaded successfully with 0 items.
2026-05-30 11:00:13,211 - SinkIdentifier - INFO - [libChipApi.so] Loaded successfully with 0 items.
2026-05-30 11:00:13,211 - SinkIdentifier - INFO - [libcommon.so] Loaded successfully with 5 items.
2026-05-30 11:00:13,212 - SinkIdentifier - INFO - [libpthread.so.0] Loaded successfully with 0 items.
2026-05-30 11:00:13,212 - SinkIdentifier - INFO - [libgcc_s.so.1] Loaded successfully with 0 items.
2026-05-30 11:00:13,213 - SinkIdentifier - INFO - [libwifi.so] Loaded successfully with 2 items.
2026-05-30 11:00:13,213 - SinkIdentifier - INFO - [httpd] Loaded successfully with 0 items.
2026-05-30 11:00:20,014 - SinkIdentifier - INFO - libCfm.so: 0 items loaded.
2026-05-30 11:00:20,017 - SinkIdentifier - INFO - libChipApi.so: 0 items loaded.
2026-05-30 11:00:20,019 - SinkIdentifier - INFO - libcommon.so: 5 items loaded.
2026-05-30 11:00:20,020 - SinkIdentifier - INFO - libpthread.so.0: 0 items loaded.
2026-05-30 11:00:20,022 - SinkIdentifier - INFO - libgcc_s.so.1: 0 items loaded.
2026-05-30 11:00:20,024 - SinkIdentifier - INFO - libwifi.so: 2 items loaded.
2026-05-30 11:00:20,026 - SinkIdentifier - INFO - httpd: 0 items loaded.
2026-05-30 11:16:20,550 - SinkIdentifier - INFO - [libChipApi.so] Loaded successfully with 0 items.
2026-05-30 11:16:20,555 - SinkIdentifier - INFO - [libCfm.so] Loaded successfully with 0 items.
2026-05-30 11:16:20,555 - SinkIdentifier - INFO - [libpthread.so.0] Loaded successfully with 0 items.
2026-05-30 11:16:20,556 - SinkIdentifier - INFO - [libcommon.so] Loaded successfully with 5 items.
2026-05-30 11:16:20,556 - SinkIdentifier - INFO - [libgcc_s.so.1] Loaded successfully with 0 items.
2026-05-30 11:16:20,557 - SinkIdentifier - INFO - [libwifi.so] Loaded successfully with 2 items.
2026-05-30 11:16:20,558 - SinkIdentifier - INFO - [httpd] Loaded successfully with 0 items.
2026-05-30 11:16:27,322 - SinkIdentifier - INFO - libChipApi.so: 0 items loaded.
2026-05-30 11:16:27,325 - SinkIdentifier - INFO - libCfm.so: 0 items loaded.
2026-05-30 11:16:27,326 - SinkIdentifier - INFO - libpthread.so.0: 0 items loaded.
2026-05-30 11:16:27,327 - SinkIdentifier - INFO - libcommon.so: 5 items loaded.
2026-05-30 11:16:27,328 - SinkIdentifier - INFO - libgcc_s.so.1: 0 items loaded.
2026-05-30 11:16:27,329 - SinkIdentifier - INFO - libwifi.so: 2 items loaded.
2026-05-30 11:16:27,329 - SinkIdentifier - INFO - httpd: 0 items loaded.
2026-05-30 11:18:52,848 - SinkIdentifier - INFO - Skipping libCfm.so: already exists in database.
2026-05-30 11:18:52,849 - SinkIdentifier - INFO - Skipping libcommon.so: already exists in database.
2026-05-30 11:18:52,850 - SinkIdentifier - INFO - Skipping libChipApi.so: already exists in database.
2026-05-30 11:18:52,851 - SinkIdentifier - INFO - Skipping libpthread.so.0: already exists in database.
2026-05-30 11:18:52,851 - SinkIdentifier - INFO - Skipping libwifi.so: already exists in database.
2026-05-30 11:18:52,852 - SinkIdentifier - INFO - Skipping libgcc_s.so.1: already exists in database.
2026-05-30 11:18:52,853 - SinkIdentifier - INFO - Skipping httpd: already exists in database.
2026-05-30 11:18:52,855 - SinkIdentifier - INFO - [libChipApi.so] Loaded successfully with 0 items.
2026-05-30 11:18:52,855 - SinkIdentifier - INFO - [libCfm.so] Loaded successfully with 0 items.
2026-05-30 11:18:52,856 - SinkIdentifier - INFO - [libpthread.so.0] Loaded successfully with 0 items.
2026-05-30 11:18:52,856 - SinkIdentifier - INFO - [libcommon.so] Loaded successfully with 5 items.
2026-05-30 11:18:52,857 - SinkIdentifier - INFO - [libgcc_s.so.1] Loaded successfully with 0 items.
2026-05-30 11:18:52,858 - SinkIdentifier - INFO - [libwifi.so] Loaded successfully with 2 items.
2026-05-30 11:18:52,858 - SinkIdentifier - INFO - [httpd] Loaded successfully with 0 items.
2026-05-30 11:19:00,426 - SinkIdentifier - INFO - libChipApi.so: 0 items loaded.
2026-05-30 11:19:00,429 - SinkIdentifier - INFO - libCfm.so: 0 items loaded.
2026-05-30 11:19:00,430 - SinkIdentifier - INFO - libpthread.so.0: 0 items loaded.
2026-05-30 11:19:00,431 - SinkIdentifier - INFO - libcommon.so: 5 items loaded.
2026-05-30 11:19:00,432 - SinkIdentifier - INFO - libgcc_s.so.1: 0 items loaded.
2026-05-30 11:19:00,433 - SinkIdentifier - INFO - libwifi.so: 2 items loaded.
2026-05-30 11:19:00,433 - SinkIdentifier - INFO - httpd: 0 items loaded.
2026-05-30 12:33:16,954 - SinkIdentifier - INFO - [libChipApi.so] Loaded successfully with 0 items.
2026-05-30 12:33:16,957 - SinkIdentifier - INFO - [libCfm.so] Loaded successfully with 0 items.
2026-05-30 12:33:16,957 - SinkIdentifier - INFO - [libpthread.so.0] Loaded successfully with 0 items.
2026-05-30 12:33:16,958 - SinkIdentifier - INFO - [libcommon.so] Loaded successfully with 5 items.
2026-05-30 12:33:16,959 - SinkIdentifier - INFO - [libgcc_s.so.1] Loaded successfully with 0 items.
2026-05-30 12:33:16,959 - SinkIdentifier - INFO - [libwifi.so] Loaded successfully with 2 items.
2026-05-30 12:33:16,960 - SinkIdentifier - INFO - [httpd] Loaded successfully with 0 items.
2026-05-30 12:33:23,778 - SinkIdentifier - INFO - libChipApi.so: 0 items loaded.
2026-05-30 12:33:23,780 - SinkIdentifier - INFO - libCfm.so: 0 items loaded.
2026-05-30 12:33:23,781 - SinkIdentifier - INFO - libpthread.so.0: 0 items loaded.
2026-05-30 12:33:23,782 - SinkIdentifier - INFO - libcommon.so: 5 items loaded.
2026-05-30 12:33:23,783 - SinkIdentifier - INFO - libgcc_s.so.1: 0 items loaded.
2026-05-30 12:33:23,784 - SinkIdentifier - INFO - libwifi.so: 2 items loaded.
2026-05-30 12:33:23,785 - SinkIdentifier - INFO - httpd: 0 items loaded.
2026-05-31 22:41:23,456 - SinkIdentifier - INFO - [libChipApi.so] Loaded successfully with 0 items.
2026-05-31 22:41:23,460 - SinkIdentifier - INFO - [libcommon.so] Loaded successfully with 5 items.
2026-05-31 22:41:23,460 - SinkIdentifier - INFO - [libCfm.so] Loaded successfully with 0 items.
2026-05-31 22:41:23,461 - SinkIdentifier - INFO - [libpthread.so.0] Loaded successfully with 0 items.
2026-05-31 22:41:23,461 - SinkIdentifier - INFO - [libgcc_s.so.1] Loaded successfully with 0 items.
2026-05-31 22:41:23,462 - SinkIdentifier - INFO - [libwifi.so] Loaded successfully with 2 items.
2026-05-31 22:41:23,462 - SinkIdentifier - INFO - [httpd] Loaded successfully with 0 items.
2026-05-31 22:41:31,092 - SinkIdentifier - INFO - libChipApi.so: 0 items loaded.
2026-05-31 22:41:31,095 - SinkIdentifier - INFO - libcommon.so: 5 items loaded.
2026-05-31 22:41:31,096 - SinkIdentifier - INFO - libCfm.so: 0 items loaded.
2026-05-31 22:41:31,097 - SinkIdentifier - INFO - libpthread.so.0: 0 items loaded.
2026-05-31 22:41:31,098 - SinkIdentifier - INFO - libgcc_s.so.1: 0 items loaded.
2026-05-31 22:41:31,098 - SinkIdentifier - INFO - libwifi.so: 2 items loaded.
2026-05-31 22:41:31,099 - SinkIdentifier - INFO - httpd: 0 items loaded.
2026-06-01 09:37:45,024 - SinkIdentifier - INFO - [libChipApi.so] Loaded successfully with 0 items.
2026-06-01 09:37:45,027 - SinkIdentifier - INFO - [libCfm.so] Loaded successfully with 0 items.
2026-06-01 09:37:45,027 - SinkIdentifier - INFO - [libpthread.so.0] Loaded successfully with 0 items.
2026-06-01 09:37:45,028 - SinkIdentifier - INFO - [libcommon.so] Loaded successfully with 5 items.
2026-06-01 09:37:45,029 - SinkIdentifier - INFO - [libgcc_s.so.1] Loaded successfully with 0 items.
2026-06-01 09:37:45,029 - SinkIdentifier - INFO - [libwifi.so] Loaded successfully with 2 items.
2026-06-01 09:37:45,030 - SinkIdentifier - INFO - [httpd] Loaded successfully with 0 items.
2026-06-01 09:37:49,335 - SinkIdentifier - INFO - libChipApi.so: 0 items loaded.
2026-06-01 09:37:49,338 - SinkIdentifier - INFO - libCfm.so: 0 items loaded.
2026-06-01 09:37:49,340 - SinkIdentifier - INFO - libpthread.so.0: 0 items loaded.
2026-06-01 09:37:49,341 - SinkIdentifier - INFO - libcommon.so: 5 items loaded.
2026-06-01 09:37:49,342 - SinkIdentifier - INFO - libgcc_s.so.1: 0 items loaded.
2026-06-01 09:37:49,344 - SinkIdentifier - INFO - libwifi.so: 2 items loaded.
2026-06-01 09:37:49,345 - SinkIdentifier - INFO - httpd: 0 items loaded.
2026-06-01 16:31:18,151 - SinkIdentifier - INFO - [libChipApi.so] Loaded successfully with 0 items.
2026-06-01 16:31:18,154 - SinkIdentifier - INFO - [libpthread.so.0] Loaded successfully with 0 items.
2026-06-01 16:31:18,154 - SinkIdentifier - INFO - [libcommon.so] Loaded successfully with 5 items.
2026-06-01 16:31:18,155 - SinkIdentifier - INFO - [libCfm.so] Loaded successfully with 0 items.
2026-06-01 16:31:18,155 - SinkIdentifier - INFO - [libgcc_s.so.1] Loaded successfully with 0 items.
2026-06-01 16:31:18,156 - SinkIdentifier - INFO - [libwifi.so] Loaded successfully with 2 items.
2026-06-01 16:31:18,156 - SinkIdentifier - INFO - [httpd] Loaded successfully with 0 items.
2026-06-01 16:31:24,869 - SinkIdentifier - INFO - libChipApi.so: 0 items loaded.
2026-06-01 16:31:24,871 - SinkIdentifier - INFO - libpthread.so.0: 0 items loaded.
2026-06-01 16:31:24,873 - SinkIdentifier - INFO - libcommon.so: 5 items loaded.
2026-06-01 16:31:24,875 - SinkIdentifier - INFO - libCfm.so: 0 items loaded.
2026-06-01 16:31:24,876 - SinkIdentifier - INFO - libgcc_s.so.1: 0 items loaded.
2026-06-01 16:31:24,877 - SinkIdentifier - INFO - libwifi.so: 2 items loaded.
2026-06-01 16:31:24,878 - SinkIdentifier - INFO - httpd: 0 items loaded.
2026-06-06 17:28:03,069 - SinkIdentifier - INFO - [libChipApi.so] Loaded successfully with 0 items.
2026-06-06 17:28:03,072 - SinkIdentifier - INFO - [libcommon.so] Loaded successfully with 5 items.
2026-06-06 17:28:03,073 - SinkIdentifier - INFO - [libCfm.so] Loaded successfully with 0 items.
2026-06-06 17:28:03,074 - SinkIdentifier - INFO - [libpthread.so.0] Loaded successfully with 0 items.
2026-06-06 17:28:03,074 - SinkIdentifier - INFO - [libgcc_s.so.1] Loaded successfully with 0 items.
2026-06-06 17:28:03,075 - SinkIdentifier - INFO - [libwifi.so] Loaded successfully with 2 items.
2026-06-06 17:28:03,076 - SinkIdentifier - INFO - [httpd] Loaded successfully with 0 items.
2026-06-06 17:28:11,980 - SinkIdentifier - INFO - libChipApi.so: 0 items loaded.
2026-06-06 17:28:11,983 - SinkIdentifier - INFO - libcommon.so: 5 items loaded.
2026-06-06 17:28:11,985 - SinkIdentifier - INFO - libCfm.so: 0 items loaded.
2026-06-06 17:28:11,986 - SinkIdentifier - INFO - libpthread.so.0: 0 items loaded.
2026-06-06 17:28:11,987 - SinkIdentifier - INFO - libgcc_s.so.1: 0 items loaded.
2026-06-06 17:28:11,989 - SinkIdentifier - INFO - libwifi.so: 2 items loaded.
2026-06-06 17:28:11,990 - SinkIdentifier - INFO - httpd: 0 items loaded.
2026-06-09 21:14:13,481 - SinkIdentifier - INFO - [libChipApi.so] Loaded successfully with 0 items.
2026-06-09 21:14:13,484 - SinkIdentifier - INFO - [libCfm.so] Loaded successfully with 0 items.
2026-06-09 21:14:13,484 - SinkIdentifier - INFO - [libcommon.so] Loaded successfully with 5 items.
2026-06-09 21:14:13,485 - SinkIdentifier - INFO - [libpthread.so.0] Loaded successfully with 0 items.
2026-06-09 21:14:13,486 - SinkIdentifier - INFO - [libgcc_s.so.1] Loaded successfully with 0 items.
2026-06-09 21:14:13,486 - SinkIdentifier - INFO - [libwifi.so] Loaded successfully with 2 items.
2026-06-09 21:14:13,487 - SinkIdentifier - INFO - [httpd] Loaded successfully with 0 items.
2026-06-09 21:14:26,157 - SinkIdentifier - INFO - libChipApi.so: 0 items loaded.
2026-06-09 21:14:26,160 - SinkIdentifier - INFO - libCfm.so: 0 items loaded.
2026-06-09 21:14:26,162 - SinkIdentifier - INFO - libcommon.so: 5 items loaded.
2026-06-09 21:14:26,164 - SinkIdentifier - INFO - libpthread.so.0: 0 items loaded.
2026-06-09 21:14:26,166 - SinkIdentifier - INFO - libgcc_s.so.1: 0 items loaded.
2026-06-09 21:14:26,167 - SinkIdentifier - INFO - libwifi.so: 2 items loaded.
2026-06-09 21:14:26,168 - SinkIdentifier - INFO - httpd: 0 items loaded.
